{"type":"FeatureCollection","features":[{"type":"Feature","properties":{"sigla":"ZWE","nome":"Zimbábue"},"geometry":{"type":"Polygon","coordinates":[[[31.287891,-22.402051],[30.916113,-22.290723],[30.460156,-22.329004],[30.19043,-22.291113],[29.663086,-22.146289],[29.364844,-22.193945],[29.237207,-22.079492],[29.042383,-22.018359],[29.025586,-21.796875],[28.014063,-21.554199],[27.669434,-21.064258],[27.699609,-20.530664],[27.624609,-20.483594],[27.280762,-20.478711],[27.256738,-20.232031],[27.178223,-20.100977],[26.678223,-19.892773],[26.168066,-19.538281],[25.950684,-19.081738],[25.939355,-18.938672],[25.242285,-17.969043],[25.258789,-17.793555],[25.451758,-17.845117],[25.639648,-17.824121],[25.863281,-17.951953],[25.995898,-17.969824],[26.139551,-17.911719],[26.333398,-17.929297],[26.577539,-18.022559],[26.779883,-18.041504],[27.020801,-17.958398],[27.932227,-16.896191],[28.760547,-16.532129],[28.832715,-16.424121],[28.913086,-15.987793],[29.287891,-15.776465],[29.72959,-15.644629],[30.396094,-15.643066],[30.437793,-15.995313],[31.23623,-16.023633],[31.489844,-16.179688],[31.687598,-16.21416],[31.939844,-16.428809],[32.243262,-16.44873],[32.63584,-16.589453],[32.741797,-16.677637],[32.948047,-16.712305],[32.87627,-16.883594],[32.969336,-17.251563],[32.955566,-18.08291],[32.993066,-18.35957],[32.88457,-18.728516],[32.721973,-18.828418],[32.699707,-18.940918],[32.849805,-19.104395],[32.777637,-19.38877],[33.006738,-19.873828],[32.992773,-19.984863],[32.672559,-20.516113],[32.492383,-20.659766],[32.476172,-20.950098],[32.353613,-21.136523],[32.429785,-21.29707],[31.287891,-22.402051]]]}},{"type":"Feature","properties":{"sigla":"ZMB","nome":"Zâmbia"},"geometry":{"type":"Polygon","coordinates":[[[30.396094,-15.643066],[29.72959,-15.644629],[29.487305,-15.696777],[28.913086,-15.987793],[28.832715,-16.424121],[28.760547,-16.532129],[27.932227,-16.896191],[27.020801,-17.958398],[26.779883,-18.041504],[26.577539,-18.022559],[26.333398,-17.929297],[25.863281,-17.951953],[25.639648,-17.824121],[25.451758,-17.845117],[25.258789,-17.793555],[25.001758,-17.568555],[24.73291,-17.517773],[24.274902,-17.481055],[23.380664,-17.640625],[22.459473,-16.815137],[22.150684,-16.597168],[22.040234,-16.262793],[21.979785,-15.955566],[21.978906,-13.000977],[23.962988,-12.988477],[23.882422,-12.799023],[23.991309,-12.422168],[23.970996,-11.63584],[24.04668,-11.405371],[23.966504,-10.871777],[24.078418,-10.891504],[24.136523,-11.025977],[24.319922,-11.071777],[24.365723,-11.129883],[24.396289,-11.255176],[24.335156,-11.371289],[24.37793,-11.41709],[24.518555,-11.438477],[24.668262,-11.35293],[25.28877,-11.212402],[25.319336,-11.236914],[25.282617,-11.40498],[25.349414,-11.623047],[25.511914,-11.753418],[25.618848,-11.744141],[26.025977,-11.890137],[26.824023,-11.965234],[26.949609,-11.898828],[27.046094,-11.615918],[27.15918,-11.579199],[27.238086,-11.783496],[27.423633,-11.944531],[27.573828,-12.227051],[27.857422,-12.284863],[28.412891,-12.518066],[28.550879,-12.836133],[28.672949,-12.861328],[28.730078,-12.925488],[29.014258,-13.368848],[29.201855,-13.39834],[29.554199,-13.248926],[29.630273,-13.298535],[29.651758,-13.414355],[29.775195,-13.438086],[29.795117,-12.155469],[29.508203,-12.228223],[29.485547,-12.418457],[29.064355,-12.348828],[28.48252,-11.812109],[28.383398,-11.566699],[28.357227,-11.483008],[28.645508,-10.550195],[28.607422,-10.397363],[28.604199,-9.678809],[28.400684,-9.224805],[28.68125,-9.014648],[28.869531,-8.78584],[28.934473,-8.590234],[28.898145,-8.485449],[30.751172,-8.193652],[30.891992,-8.47373],[31.033398,-8.597656],[31.350586,-8.607031],[31.449219,-8.653906],[31.673633,-8.908789],[31.886133,-8.921973],[31.942578,-9.054004],[32.433203,-9.156348],[32.919922,-9.407422],[32.995996,-9.622852],[33.195703,-9.626172],[33.350977,-9.862207],[33.311523,-10.037988],[33.528906,-10.234668],[33.553711,-10.391309],[33.661523,-10.553125],[33.464746,-10.783105],[33.344922,-10.812695],[33.261328,-10.893359],[33.379785,-11.15791],[33.232715,-11.417676],[33.226367,-11.534863],[33.303906,-11.69082],[33.252344,-12.112598],[33.340137,-12.308301],[33.512305,-12.347754],[33.397949,-12.489844],[33.021582,-12.630469],[32.945605,-12.804395],[33,-12.899609],[32.967578,-13.225],[32.851855,-13.457031],[32.67041,-13.59043],[32.797461,-13.688477],[32.765137,-13.761035],[32.867188,-13.817383],[32.99209,-14.022168],[33.148047,-13.940918],[33.201758,-14.013379],[30.231836,-14.990332],[30.396094,-15.643066]]]}},{"type":"Feature","properties":{"sigla":"UGA","nome":"Uganda"},"geometry":{"type":"Polygon","coordinates":[[[33.903223,-1.002051],[30.80918,-0.994922],[30.59873,-1.069727],[30.360254,-1.074609],[30.101562,-1.368652],[29.930078,-1.469922],[29.825391,-1.335547],[29.576953,-1.387891],[29.561914,-0.977344],[29.717676,0.09834],[29.934473,0.499023],[29.942871,0.819238],[30.18291,0.973486],[30.321094,1.185303],[30.478125,1.239062],[31.252734,2.04458],[31.274023,2.146289],[31.176367,2.270068],[31.082129,2.288086],[30.961914,2.403271],[30.830078,2.400439],[30.728613,2.455371],[30.850781,2.893652],[30.754004,3.041797],[30.906445,3.408936],[30.838574,3.490723],[31.048047,3.725],[31.221973,3.785937],[31.547168,3.677588],[31.798047,3.802637],[31.941797,3.607568],[32.135938,3.519727],[32.335742,3.706201],[32.838086,3.798486],[32.997266,3.880176],[33.154102,3.774707],[33.489355,3.755078],[33.976074,4.220215],[34.132031,3.88916],[34.185742,3.869775],[34.165039,3.812988],[34.437695,3.650586],[34.399414,3.412695],[34.447852,3.163477],[34.522559,3.119971],[34.58916,2.924756],[34.74248,2.818115],[34.905762,2.479687],[34.976465,1.719629],[34.783594,1.381152],[34.798633,1.244531],[34.601953,1.156445],[34.481738,1.042139],[34.41084,0.867285],[34.160938,0.605176],[33.943164,0.173779],[33.903223,-1.002051]]]}},{"type":"Feature","properties":{"sigla":"TUN","nome":"Tunísia"},"geometry":{"type":"MultiPolygon","coordinates":[[[[11.50459,33.181934],[11.453906,32.642578],[11.533789,32.524951],[11.50498,32.413672],[10.826367,32.080664],[10.608887,31.929541],[10.475781,31.736035],[10.274609,31.684961],[10.114941,31.46377],[10.257031,30.94082],[10.216406,30.783203],[9.89502,30.387305],[9.51875,30.229395],[9.044043,32.072363],[8.333398,32.543604],[8.210938,32.926709],[8.1125,33.055322],[7.731348,33.268506],[7.500195,33.832471],[7.513867,34.080518],[7.748535,34.254492],[7.838281,34.410303],[8.123438,34.563916],[8.245605,34.734082],[8.276855,34.979492],[8.394238,35.203857],[8.316406,35.403125],[8.318066,35.654932],[8.24707,35.801807],[8.34873,36.367969],[8.207617,36.518945],[8.369629,36.63252],[8.444238,36.760742],[8.60127,36.833936],[8.576563,36.937207],[8.823535,36.997607],[9.141992,37.194629],[9.687988,37.340381],[9.838477,37.308984],[9.783984,37.211426],[9.830273,37.135352],[9.896387,37.181641],[9.875586,37.25415],[10.196387,37.205859],[10.18877,37.033887],[10.334082,36.865381],[10.293262,36.781494],[10.412305,36.731836],[10.571289,36.879443],[11.053906,37.07251],[11.12666,36.874072],[10.967188,36.743018],[10.798145,36.493115],[10.525684,36.32334],[10.476562,36.175146],[10.59082,35.887256],[11.004297,35.633838],[11.043262,35.335107],[11.120117,35.240283],[10.690918,34.678467],[10.118359,34.280078],[10.040039,34.140332],[10.049023,34.056299],[10.158984,33.850049],[10.305273,33.728271],[10.454297,33.6625],[10.713184,33.689014],[10.722754,33.514404],[10.898438,33.533691],[10.958008,33.626318],[11.08457,33.562891],[11.150293,33.369238],[11.257422,33.308838],[11.202637,33.249219],[11.50459,33.181934]]],[[[11.278027,34.753809],[11.123633,34.681689],[11.254883,34.820312],[11.278027,34.753809]]],[[[10.957617,33.72207],[10.857422,33.687158],[10.72207,33.738916],[10.745215,33.888672],[10.921973,33.893115],[11.017871,33.82334],[11.037598,33.785059],[10.957617,33.72207]]]]}},{"type":"Feature","properties":{"sigla":"TGO","nome":"Togo"},"geometry":{"type":"Polygon","coordinates":[[[0.900488,10.993262],[0.7875,10.710254],[0.763379,10.38667],[1.330078,9.996973],[1.385742,9.36167],[1.600195,9.050049],[1.624707,6.997314],[1.530957,6.992432],[1.582031,6.877002],[1.598535,6.610205],[1.743164,6.42627],[1.77793,6.294629],[1.187207,6.089404],[1.185059,6.14502],[1.049902,6.202637],[0.984961,6.320312],[0.736914,6.452588],[0.525586,6.850928],[0.634766,7.353662],[0.50957,7.435107],[0.5,7.546875],[0.605176,7.728223],[0.599219,8.20957],[0.688086,8.304248],[0.616211,8.479639],[0.415332,8.652734],[0.372559,8.759277],[0.48877,8.851465],[0.466113,9.115332],[0.525684,9.398486],[0.405273,9.491455],[0.259961,9.426025],[0.233398,9.463525],[0.275488,9.570605],[0.342578,9.60415],[0.264551,9.644727],[0.323926,9.687598],[0.380859,10.291846],[-0.057715,10.630615],[-0.090186,10.715527],[0.009424,11.020996],[-0.068604,11.115625],[0.48418,10.991992],[0.492676,10.95498],[0.900488,10.993262]]]}},{"type":"Feature","properties":{"sigla":"TZA","nome":"Tanzânia"},"geometry":{"type":"MultiPolygon","coordinates":[[[[39.496484,-6.174609],[39.573047,-6.387402],[39.480957,-6.453711],[39.423633,-6.347852],[39.382617,-6.364941],[39.312695,-6.279102],[39.243457,-6.275],[39.182324,-6.172559],[39.192383,-5.931055],[39.308984,-5.721973],[39.433301,-6.11543],[39.496484,-6.174609]]],[[[39.865039,-4.906152],[39.853027,-5.255469],[39.749316,-5.443848],[39.646777,-5.368555],[39.701074,-5.113672],[39.673438,-4.927051],[39.865039,-4.906152]]],[[[32.919922,-9.407422],[32.433203,-9.156348],[31.942578,-9.054004],[31.918652,-8.942188],[31.673633,-8.908789],[31.55625,-8.805469],[31.534863,-8.713281],[31.350586,-8.607031],[31.076367,-8.611914],[30.968359,-8.550977],[30.830664,-8.385547],[30.212695,-7.037891],[29.709668,-6.616895],[29.54082,-6.313867],[29.480078,-6.025],[29.607031,-5.722656],[29.323438,-4.898828],[29.403223,-4.449316],[29.717773,-4.455859],[29.947266,-4.307324],[30.147168,-4.085352],[30.425,-3.588867],[30.631934,-3.418652],[30.626074,-3.347363],[30.790234,-3.274609],[30.811426,-3.200586],[30.780273,-2.984863],[30.455566,-2.893164],[30.424023,-2.824023],[30.47334,-2.694336],[30.424219,-2.641602],[30.533691,-2.42627],[30.828711,-2.338477],[30.876563,-2.143359],[30.819141,-1.96748],[30.812598,-1.563086],[30.710742,-1.396777],[30.631934,-1.36748],[30.508105,-1.208203],[30.470215,-1.131152],[30.519922,-1.0625],[30.80918,-0.994922],[33.979395,-1.002051],[37.643848,-3.04541],[37.687988,-3.246191],[37.608203,-3.49707],[39.221777,-4.692383],[38.978223,-5.518555],[38.819238,-5.877637],[38.804688,-6.070117],[38.874023,-6.33125],[39.125488,-6.555957],[39.287305,-6.814941],[39.472363,-6.878613],[39.546094,-7.024023],[39.288477,-7.517871],[39.287012,-7.787695],[39.330469,-7.74668],[39.428418,-7.812793],[39.441016,-8.011523],[39.304004,-8.443848],[39.377344,-8.720801],[39.488379,-8.861816],[39.45127,-8.942969],[39.641309,-9.19248],[39.625488,-9.409473],[39.783789,-9.914551],[39.725195,-10.000488],[39.86377,-10.021973],[39.983594,-10.15957],[40.083691,-10.156641],[40.38877,-10.353516],[40.463574,-10.464355],[39.988672,-10.820801],[39.43916,-11.03457],[39.321582,-11.122559],[38.794727,-11.228906],[38.491797,-11.413281],[38.176563,-11.278711],[37.920215,-11.294727],[37.829297,-11.481934],[37.724805,-11.580664],[37.372852,-11.710449],[37.218359,-11.686523],[36.978906,-11.566992],[36.872656,-11.571289],[36.673828,-11.684277],[36.305664,-11.706348],[36.191309,-11.670703],[36.082227,-11.537305],[35.911328,-11.454688],[35.785449,-11.45293],[35.564355,-11.602344],[34.959473,-11.578125],[34.890625,-11.393555],[34.773828,-11.341699],[34.60791,-11.080469],[34.66709,-10.79248],[34.583594,-10.525098],[34.569922,-10.241113],[34.524219,-10.030176],[34.320898,-9.731543],[33.995605,-9.49541],[33.953711,-9.658203],[33.888867,-9.670117],[33.697656,-9.598145],[33.420898,-9.608008],[33.330859,-9.519141],[33.130469,-9.495898],[32.974023,-9.39502],[32.919922,-9.407422]]],[[[39.711328,-7.977441],[39.657227,-7.990527],[39.60293,-7.936133],[39.907129,-7.649219],[39.824414,-7.900684],[39.711328,-7.977441]]]]}},{"type":"Feature","properties":{"sigla":"SWZ","nome":"Essuatíni"},"geometry":{"type":"Polygon","coordinates":[[[31.948242,-25.957617],[32.060547,-26.018359],[32.041406,-26.28125],[32.105957,-26.52002],[32.112891,-26.839453],[31.994727,-26.81748],[31.958398,-27.305859],[31.469531,-27.295508],[31.063379,-27.112305],[30.883301,-26.792383],[30.794336,-26.764258],[30.789062,-26.455469],[31.088086,-25.980664],[31.207324,-25.843359],[31.382617,-25.742969],[31.871484,-25.981641],[31.948242,-25.957617]]]}},{"type":"Feature","properties":{"sigla":"SDS","nome":"Sudão do Sul"},"geometry":{"type":"Polygon","coordinates":[[[33.976074,4.220215],[33.489355,3.755078],[33.154102,3.774707],[32.997266,3.880176],[32.838086,3.798486],[32.335742,3.706201],[32.135938,3.519727],[31.941797,3.607568],[31.798047,3.802637],[31.547168,3.677588],[31.152344,3.785596],[30.929395,3.634082],[30.838574,3.490723],[30.757227,3.624219],[30.586719,3.624219],[30.508301,3.835693],[30.194922,3.981934],[29.676855,4.586914],[29.552051,4.636035],[29.224902,4.391895],[28.727051,4.50498],[28.427539,4.32417],[28.19209,4.350244],[27.788086,4.644678],[27.66416,4.845996],[27.491016,4.967578],[27.256738,5.289648],[27.229102,5.5625],[27.143945,5.722949],[26.726367,5.998242],[26.514258,6.069238],[26.308594,6.455322],[26.361816,6.635303],[25.888965,7.064941],[25.278906,7.42749],[25.181348,7.557227],[25.247363,7.724561],[25.200391,7.80791],[24.85332,8.137549],[24.291406,8.291406],[24.208398,8.369141],[24.17998,8.461133],[24.220898,8.608252],[24.160449,8.696289],[24.300195,8.814258],[24.531934,8.886914],[24.648047,9.179102],[24.673633,9.389307],[24.782617,9.527344],[24.785254,9.774658],[25.00293,10.055273],[25.066992,10.293799],[25.798047,10.420508],[25.858203,10.406494],[25.919141,10.169336],[26.169531,9.965918],[26.551367,9.52583],[26.658691,9.484131],[27.074219,9.613818],[27.880859,9.601611],[28.048926,9.328613],[28.844531,9.326074],[28.839453,9.459082],[28.97959,9.594189],[29.473145,9.768604],[29.603906,9.921387],[29.605469,10.065088],[30.003027,10.277393],[30.474609,9.978955],[30.755371,9.731201],[31.154492,9.770947],[31.654883,10.221143],[31.854297,10.479053],[31.933008,10.6625],[32.420801,11.089111],[32.338867,11.314502],[32.338477,11.710107],[32.072266,12.006738],[32.736719,12.009668],[32.721875,12.223096],[33.199316,12.217285],[33.122461,11.693164],[33.07334,11.606104],[33.172168,10.850146],[33.130078,10.745947],[33.371387,10.652734],[33.907031,10.181445],[33.963281,9.861768],[33.894922,9.717627],[33.871484,9.506152],[33.890918,9.462207],[34.078125,9.461523],[34.101758,8.676367],[34.072754,8.545264],[33.95332,8.443506],[33.281055,8.437256],[32.998926,7.899512],[33.225977,7.760645],[33.666113,7.670996],[33.902441,7.509521],[34.02041,7.367969],[34.064258,7.225732],[34.279297,7.002832],[34.484375,6.898389],[34.710645,6.660303],[34.958984,6.045068],[34.983594,5.858301],[35.081934,5.673145],[35.268359,5.492285],[33.976074,4.220215]]]}},{"type":"Feature","properties":{"sigla":"SDN","nome":"Sudão"},"geometry":{"type":"Polygon","coordinates":[[[34.078125,9.461523],[33.890918,9.462207],[33.871484,9.506152],[33.894922,9.717627],[33.963281,9.861768],[33.907031,10.181445],[33.371387,10.652734],[33.130078,10.745947],[33.172168,10.850146],[33.07334,11.606104],[33.122461,11.693164],[33.199316,12.217285],[32.721875,12.223096],[32.736719,12.009668],[32.072266,12.006738],[32.338477,11.710107],[32.338867,11.314502],[32.420801,11.089111],[31.933008,10.6625],[31.854297,10.479053],[31.654883,10.221143],[31.154492,9.770947],[30.755371,9.731201],[30.474609,9.978955],[30.003027,10.277393],[29.605469,10.065088],[29.603906,9.921387],[29.473145,9.768604],[28.97959,9.594189],[28.839453,9.459082],[28.844531,9.326074],[28.048926,9.328613],[27.880859,9.601611],[27.074219,9.613818],[26.658691,9.484131],[26.551367,9.52583],[26.169531,9.965918],[25.919141,10.169336],[25.858203,10.406494],[25.798047,10.420508],[25.066992,10.293799],[25.00293,10.055273],[24.785254,9.774658],[24.782617,9.527344],[24.673633,9.389307],[24.648047,9.179102],[24.531934,8.886914],[24.213574,8.767822],[24.147363,8.665625],[23.679297,8.732471],[23.537305,8.81582],[23.551855,8.943213],[23.489063,8.993311],[23.468262,9.114746],[23.622656,9.340625],[23.646289,9.8229],[23.312305,10.387939],[22.860059,10.919678],[22.937695,11.192041],[22.922656,11.344873],[22.591113,11.579883],[22.556348,11.669531],[22.580957,11.990137],[22.472461,12.067773],[22.390234,12.462988],[22.414453,12.546387],[22.352344,12.660449],[22.233398,12.709473],[21.928125,12.678125],[21.825293,12.790527],[21.990234,13.113086],[22.158008,13.215039],[22.228125,13.32959],[22.106445,13.799805],[22.173145,13.910596],[22.538574,14.161865],[22.449316,14.284229],[22.381543,14.550488],[22.670898,14.722461],[22.679199,14.851465],[22.763281,14.998682],[22.932324,15.162109],[22.969531,15.311328],[22.933887,15.533105],[23.105176,15.702539],[23.604004,15.745996],[23.970801,15.721533],[23.980273,19.995947],[24.979492,20.002588],[24.980273,21.99585],[31.20918,21.994873],[31.260645,22.002295],[31.400293,22.202441],[31.486133,22.147803],[31.434473,21.99585],[36.871387,21.996729],[36.926953,21.586523],[37.258594,21.108545],[37.257227,21.039404],[37.150586,21.10376],[37.141113,20.981787],[37.227539,20.556738],[37.193164,20.120703],[37.262598,19.791895],[37.248438,19.581885],[37.471289,18.820117],[37.599414,18.717432],[37.729785,18.694336],[37.921875,18.555908],[38.201758,18.249414],[38.283105,18.286719],[38.609473,18.005078],[38.253516,17.584766],[37.782422,17.458008],[37.547461,17.324121],[37.411035,17.061719],[37.008984,17.058887],[36.978711,16.800586],[36.887793,16.624658],[36.91377,16.296191],[36.521777,15.250146],[36.426758,15.13208],[36.524316,14.256836],[36.390625,13.626074],[36.160156,13.093311],[36.125195,12.757031],[35.670215,12.62373],[35.252441,11.957031],[35.112305,11.816553],[34.960742,11.276758],[34.931445,10.864795],[34.771289,10.746191],[34.571875,10.880176],[34.431445,10.787842],[34.343945,10.658643],[34.275684,10.528125],[34.31123,10.190869],[34.159082,9.853418],[34.078125,9.461523]]]}},{"type":"Feature","properties":{"sigla":"ZAF","nome":"África do Sul"},"geometry":{"type":"MultiPolygon","coordinates":[[[[29.364844,-22.193945],[29.663086,-22.146289],[30.19043,-22.291113],[30.460156,-22.329004],[30.916113,-22.290723],[31.287891,-22.402051],[31.531738,-23.279492],[31.545605,-23.482324],[31.799609,-23.892188],[31.966602,-24.376465],[31.98457,-25.631934],[31.920313,-25.773926],[31.948242,-25.957617],[31.871484,-25.981641],[31.415137,-25.746582],[31.207324,-25.843359],[30.80332,-26.413477],[30.806738,-26.785254],[30.883301,-26.792383],[31.063379,-27.112305],[31.274023,-27.238379],[31.742578,-27.309961],[31.958398,-27.305859],[31.994727,-26.81748],[32.353516,-26.861621],[32.886133,-26.849316],[32.849121,-27.080176],[32.657031,-27.607324],[32.534766,-28.199707],[32.375195,-28.498242],[32.027246,-28.839551],[31.778223,-28.937109],[31.335156,-29.378125],[30.288672,-30.970117],[29.971191,-31.32207],[29.48291,-31.674707],[28.855957,-32.294238],[27.860645,-33.053906],[27.077441,-33.521191],[26.613672,-33.707422],[26.429492,-33.75957],[25.989551,-33.711328],[25.805859,-33.737109],[25.652441,-33.849609],[25.638184,-34.011133],[25.574219,-34.035352],[25.169727,-33.960742],[25.00293,-33.973633],[24.827148,-34.168945],[24.595508,-34.174512],[23.697852,-33.992773],[23.585547,-33.985156],[23.268164,-34.081152],[22.553809,-34.010059],[22.245508,-34.069141],[21.788965,-34.372656],[21.349805,-34.408203],[20.989844,-34.36748],[20.529883,-34.463086],[20.020605,-34.785742],[19.634961,-34.75332],[19.391504,-34.605664],[19.298242,-34.615039],[19.330762,-34.492383],[19.244629,-34.412305],[19.149121,-34.416895],[19.09834,-34.350098],[18.831348,-34.364063],[18.808789,-34.108203],[18.752148,-34.082617],[18.500391,-34.109277],[18.461621,-34.346875],[18.352051,-34.188477],[18.333398,-34.074219],[18.354395,-33.939063],[18.465039,-33.887793],[18.433008,-33.717285],[18.26123,-33.42168],[17.992578,-33.152344],[17.851074,-32.827441],[17.965234,-32.708594],[18.036523,-32.775098],[18.125,-32.749121],[18.250879,-32.652148],[18.325293,-32.50498],[18.310742,-32.122461],[18.21084,-31.74248],[17.677441,-31.019043],[17.34707,-30.444824],[16.95,-29.403418],[16.739453,-29.009375],[16.447559,-28.617578],[16.755762,-28.452148],[16.875293,-28.12793],[17.05625,-28.031055],[17.149414,-28.082227],[17.20459,-28.198828],[17.358691,-28.269434],[17.385742,-28.353223],[17.347852,-28.501172],[17.447949,-28.698145],[18.102734,-28.87168],[18.83877,-28.869141],[19.161719,-28.93877],[19.245801,-28.90166],[19.270996,-28.777734],[19.48291,-28.661621],[19.539844,-28.574609],[19.671484,-28.503906],[19.980469,-28.45127],[19.980469,-24.776758],[20.345215,-25.029883],[20.430664,-25.14707],[20.793164,-25.915625],[20.815039,-26.164941],[20.626758,-26.443848],[20.641406,-26.742188],[20.685059,-26.822461],[21.694727,-26.840918],[21.788281,-26.710059],[22.090918,-26.580176],[22.217578,-26.388867],[22.597656,-26.132715],[22.878809,-25.45791],[23.05752,-25.312305],[23.266016,-25.266602],[23.389258,-25.291406],[23.89375,-25.600879],[24.192969,-25.63291],[24.330566,-25.742871],[24.748145,-25.817383],[25.443652,-25.714453],[25.583789,-25.60625],[25.912109,-24.747461],[26.397168,-24.613574],[26.835059,-24.24082],[26.987012,-23.70459],[27.085547,-23.57793],[27.313379,-23.424219],[27.49873,-23.368359],[27.643848,-23.217676],[27.758301,-23.196777],[28.210156,-22.693652],[28.381738,-22.593359],[28.839844,-22.480859],[29.013477,-22.278418],[29.129883,-22.213281],[29.364844,-22.193945]],[[28.736914,-30.101953],[29.098047,-29.919043],[29.142188,-29.700977],[29.293555,-29.566895],[29.390723,-29.269727],[29.301367,-29.089844],[28.953711,-28.881445],[28.625781,-28.581738],[28.232617,-28.70127],[27.959863,-28.87334],[27.735547,-28.940039],[27.294531,-29.519336],[27.056934,-29.625586],[27.130469,-29.840234],[27.355371,-30.158594],[27.388477,-30.315918],[27.753125,-30.6],[28.056836,-30.631055],[28.139063,-30.449902],[28.39209,-30.147559],[28.736914,-30.101953]]],[[[37.856934,-46.944238],[37.611816,-46.946484],[37.590039,-46.908008],[37.684863,-46.824023],[37.789551,-46.8375],[37.887695,-46.90166],[37.856934,-46.944238]]]]}},{"type":"Feature","properties":{"sigla":"SOM","nome":"Somália"},"geometry":{"type":"Polygon","coordinates":[[[41.532715,-1.695312],[41.521875,-1.572266],[40.978711,-0.870313],[40.978711,2.842432],[41.341797,3.20166],[42.024121,4.137939],[42.791602,4.291992],[43.125684,4.644482],[43.583496,4.85498],[43.988867,4.950537],[44.940527,4.912012],[46.422949,6.497266],[47.978223,7.99707],[48.938086,9.451758],[48.938574,11.258447],[50.110059,11.529297],[50.466211,11.727539],[50.635938,11.943799],[50.792285,11.983691],[51.254883,11.830713],[51.084277,11.335645],[51.140625,10.656885],[51.093848,10.488525],[51.031836,10.444775],[51.188281,10.479736],[51.192969,10.554639],[51.369141,10.475244],[51.38457,10.386523],[51.208789,10.431055],[50.930078,10.335547],[50.825,9.428174],[50.429785,8.845264],[50.102832,8.199805],[49.852051,7.962549],[49.671191,7.469531],[49.234961,6.777344],[49.049316,6.173633],[47.975293,4.497021],[46.878809,3.285645],[46.051172,2.475146],[44.920215,1.810156],[44.332715,1.390967],[43.467676,0.621631],[41.979883,-0.973047],[41.732227,-1.430078],[41.532715,-1.695312]]]}},{"type":"Feature","properties":{"sigla":"SLE","nome":"Serra Leoa"},"geometry":{"type":"MultiPolygon","coordinates":[[[[-10.283203,8.485156],[-10.359814,8.187939],[-10.57085,8.071143],[-10.647461,7.759375],[-11.267676,7.232617],[-11.50752,6.906543],[-11.733447,7.088574],[-12.485645,7.386279],[-12.432715,7.54502],[-12.510449,7.665723],[-12.480273,7.753271],[-12.570215,7.700586],[-12.697607,7.715869],[-12.850879,7.818701],[-12.956934,8.145312],[-13.020801,8.200928],[-13.148975,8.2146],[-13.272754,8.429736],[-13.26123,8.487598],[-13.08501,8.424756],[-12.894092,8.629785],[-13.088232,8.625732],[-13.181836,8.576904],[-13.228418,8.695898],[-13.206934,8.843115],[-13.059473,8.881152],[-13.153711,8.897705],[-13.292676,9.049219],[-13.129883,9.047559],[-13.028027,9.103564],[-12.958789,9.26333],[-12.755859,9.373584],[-12.501465,9.862158],[-12.427979,9.898145],[-12.277734,9.929785],[-12.142334,9.875391],[-11.922754,9.922754],[-11.911084,9.993018],[-11.273633,9.996533],[-11.205664,9.977734],[-10.690527,9.314258],[-10.747021,9.095264],[-10.615967,9.05918],[-10.605615,8.867578],[-10.500537,8.687549],[-10.712109,8.335254],[-10.557715,8.315674],[-10.394434,8.480957],[-10.283203,8.485156]]],[[[-12.526074,7.436328],[-12.951611,7.57085],[-12.854395,7.622021],[-12.615234,7.637207],[-12.5125,7.582422],[-12.526074,7.436328]]]]}},{"type":"Feature","properties":{"sigla":"SEN","nome":"Senegal"},"geometry":{"type":"Polygon","coordinates":[[[-12.280615,14.809033],[-12.186523,14.648145],[-12.228418,14.458594],[-12.019189,14.206494],[-12.020117,13.974658],[-11.960889,13.875293],[-12.054199,13.633057],[-11.831689,13.31582],[-11.758252,13.394531],[-11.634961,13.369873],[-11.390381,12.941992],[-11.450586,12.557715],[-11.382422,12.479248],[-11.389404,12.404395],[-12.042383,12.398047],[-12.291211,12.328027],[-12.797314,12.451904],[-12.930713,12.532275],[-13.061279,12.48999],[-13.08291,12.633545],[-15.196094,12.679932],[-15.574805,12.490381],[-15.839551,12.437891],[-16.144189,12.457422],[-16.521338,12.348633],[-16.711816,12.354834],[-16.784863,12.47251],[-16.760303,12.525781],[-16.442871,12.609473],[-16.597656,12.715283],[-16.701416,12.603174],[-16.743896,12.585449],[-16.767969,12.628418],[-16.76333,13.06416],[-16.648779,13.15415],[-15.834277,13.156445],[-15.814404,13.325146],[-15.28623,13.395996],[-15.151123,13.556494],[-14.438574,13.268896],[-14.246777,13.23584],[-13.84751,13.335303],[-13.826709,13.407812],[-13.852832,13.478564],[-13.977393,13.543457],[-14.405469,13.503711],[-14.935791,13.785205],[-15.10835,13.812109],[-15.426855,13.727002],[-15.509668,13.58623],[-16.562305,13.587305],[-16.587793,13.689551],[-16.766943,13.904932],[-16.618115,14.040527],[-16.791748,14.00415],[-16.797754,14.093262],[-16.973828,14.403223],[-17.079395,14.483057],[-17.168066,14.640625],[-17.345801,14.729297],[-17.418457,14.723486],[-17.44502,14.651611],[-17.535645,14.755127],[-17.147168,14.922021],[-16.843408,15.293994],[-16.570752,15.734424],[-16.441016,16.204541],[-16.239014,16.531299],[-15.768213,16.485107],[-15.121436,16.603613],[-15.090576,16.657373],[-14.959521,16.678906],[-14.53374,16.655957],[-14.300098,16.580273],[-13.975049,16.311133],[-13.868457,16.148145],[-13.506982,16.135205],[-13.347559,15.973486],[-13.206445,15.616895],[-12.930859,15.453027],[-12.858496,15.242529],[-12.280615,14.809033]]]}},{"type":"Feature","properties":{"sigla":"STP","nome":"São Tomé e Príncipe"},"geometry":{"type":"MultiPolygon","coordinates":[[[[7.423828,1.567725],[7.386621,1.541553],[7.330664,1.603369],[7.414453,1.699121],[7.450391,1.661963],[7.423828,1.567725]]],[[[6.659961,0.120654],[6.556836,0.047363],[6.519727,0.066309],[6.468164,0.227344],[6.524316,0.340283],[6.686914,0.404395],[6.75,0.243457],[6.659961,0.120654]]]]}},{"type":"Feature","properties":{"sigla":"RWA","nome":"Ruanda"},"geometry":{"type":"Polygon","coordinates":[[[29.576953,-1.387891],[29.825391,-1.335547],[29.930078,-1.469922],[30.101562,-1.368652],[30.360254,-1.074609],[30.509961,-1.067285],[30.470215,-1.131152],[30.508105,-1.208203],[30.631934,-1.36748],[30.710742,-1.396777],[30.812598,-1.563086],[30.819141,-1.96748],[30.876563,-2.143359],[30.828711,-2.338477],[30.553613,-2.400098],[30.408496,-2.312988],[30.117285,-2.416602],[29.930176,-2.339551],[29.868164,-2.716406],[29.698047,-2.794727],[29.390234,-2.808594],[29.29707,-2.673047],[29.102051,-2.595703],[29.014355,-2.720215],[28.921777,-2.682031],[28.857617,-2.44668],[29.131543,-2.195117],[29.143262,-1.816016],[29.35166,-1.517578],[29.576953,-1.387891]]]}},{"type":"Feature","properties":{"sigla":"NGA","nome":"Nigéria"},"geometry":{"type":"MultiPolygon","coordinates":[[[[7.300781,4.418164],[7.14043,4.395117],[7.227344,4.527344],[7.32793,4.487207],[7.300781,4.418164]]],[[[13.606348,13.70459],[14.063965,13.078516],[14.197461,12.383789],[14.518945,12.298242],[14.619727,12.150977],[14.575391,11.532422],[14.202344,11.268164],[13.981445,11.211865],[13.699902,10.873145],[13.535352,10.605078],[13.414551,10.171436],[13.269922,10.036182],[13.19873,9.56377],[12.929492,9.42627],[12.806543,8.886621],[12.731152,8.745654],[12.582715,8.624121],[12.403516,8.595557],[12.233398,8.282324],[12.155957,7.94248],[12.025195,7.727783],[12.016016,7.589746],[11.767383,7.272266],[11.861426,7.116406],[11.580078,6.888867],[11.55166,6.697266],[11.401758,6.533936],[11.237305,6.450537],[11.106445,6.457715],[11.008691,6.739111],[10.60625,7.063086],[10.482324,6.89126],[10.413184,6.877734],[10.205469,6.891602],[10.143555,6.996436],[9.779883,6.760156],[9.659961,6.531982],[9.060156,6.009082],[8.935059,5.781006],[8.800977,5.197461],[8.555859,4.755225],[8.431348,4.74624],[8.233789,4.907471],[8.328027,4.656104],[8.293066,4.557617],[7.644238,4.525342],[7.565625,4.560937],[7.530762,4.655176],[7.459863,4.555225],[7.284375,4.547656],[7.076563,4.716162],[7.16416,4.615576],[7.154688,4.514404],[7.013379,4.397314],[6.923242,4.390674],[6.767676,4.724707],[6.793066,4.469141],[6.860352,4.37334],[6.633008,4.340234],[6.57998,4.475977],[6.55459,4.341406],[6.263672,4.309424],[6.270996,4.432129],[6.17334,4.277393],[5.970703,4.338574],[5.587793,4.647217],[5.383301,5.129004],[5.475977,5.153857],[5.388281,5.173779],[5.36416,5.259277],[5.367969,5.337744],[5.500879,5.378613],[5.549707,5.474219],[5.38584,5.401758],[5.199219,5.533545],[5.21582,5.57168],[5.456641,5.611719],[5.350293,5.623291],[5.327344,5.70752],[5.172852,5.602734],[5.112402,5.641553],[5.093066,5.76709],[4.861035,6.026318],[4.431348,6.348584],[4.125879,6.411377],[3.450781,6.427051],[3.75166,6.583838],[3.716992,6.597949],[3.430176,6.525],[3.335547,6.396924],[2.706445,6.369238],[2.774609,6.711719],[2.721387,6.980273],[2.785156,7.476855],[2.719336,7.61626],[2.686035,7.87373],[2.774805,9.048535],[3.044922,9.083838],[3.148047,9.320605],[3.136133,9.451611],[3.329492,9.667041],[3.325195,9.778467],[3.557227,9.907324],[3.602051,10.004541],[3.645898,10.160156],[3.576563,10.268359],[3.604102,10.350684],[3.680273,10.427783],[3.783789,10.435889],[3.829688,10.65376],[3.756836,10.76875],[3.716406,11.07959],[3.487793,11.39541],[3.553906,11.631885],[3.664746,11.762451],[3.611816,11.887305],[3.64668,12.52998],[3.947852,12.775049],[4.03877,12.934668],[4.147559,13.457715],[4.421387,13.64751],[4.82334,13.759766],[5.241895,13.757227],[5.491992,13.872852],[6.299805,13.658789],[6.589941,13.409131],[6.804297,13.107666],[6.937207,13.008203],[7.056738,13.000195],[7.173047,13.086328],[7.357813,13.107178],[7.830469,13.340918],[8.09502,13.291162],[8.750586,12.908154],[9.201563,12.821484],[9.615918,12.810645],[10.045117,13.206152],[10.475879,13.330225],[11.411914,13.353613],[11.990039,13.191797],[12.117969,13.09043],[12.463184,13.09375],[12.654785,13.326562],[12.87168,13.449023],[13.193848,13.573047],[13.323828,13.67085],[13.606348,13.70459]]]]}},{"type":"Feature","properties":{"sigla":"NER","nome":"Níger"},"geometry":{"type":"Polygon","coordinates":[[[13.606348,13.70459],[13.323828,13.67085],[13.193848,13.573047],[12.87168,13.449023],[12.654785,13.326562],[12.463184,13.09375],[12.117969,13.09043],[11.990039,13.191797],[11.411914,13.353613],[10.475879,13.330225],[10.045117,13.206152],[9.615918,12.810645],[9.201563,12.821484],[8.750586,12.908154],[8.09502,13.291162],[7.830469,13.340918],[7.357813,13.107178],[7.173047,13.086328],[7.056738,13.000195],[6.937207,13.008203],[6.804297,13.107666],[6.589941,13.409131],[6.299805,13.658789],[5.491992,13.872852],[5.241895,13.757227],[4.664844,13.733203],[4.421387,13.64751],[4.147559,13.457715],[4.03877,12.934668],[3.947852,12.775049],[3.64668,12.52998],[3.611816,11.887305],[3.664746,11.762451],[3.59541,11.696289],[3.449805,11.851953],[3.299121,11.927148],[2.878125,12.367725],[2.805273,12.383838],[2.366016,12.221924],[2.412695,11.999316],[2.38916,11.89707],[2.072949,12.309375],[2.068555,12.37915],[2.203809,12.412598],[2.22627,12.466064],[2.10459,12.70127],[1.956152,12.707422],[1.789844,12.613281],[1.564941,12.6354],[0.987305,13.041895],[0.988477,13.364844],[1.201172,13.35752],[1.017871,13.467871],[0.897949,13.610937],[0.618164,13.703418],[0.374023,14.076367],[0.38252,14.245801],[0.163867,14.497217],[0.228711,14.963672],[0.947461,14.982129],[1.300195,15.272266],[3.001074,15.340967],[3.010547,15.408301],[3.060156,15.427197],[3.504297,15.356348],[3.520508,15.483105],[3.876953,15.755273],[4.182129,16.581787],[4.234668,16.996387],[4.227637,19.142773],[5.836621,19.47915],[7.481738,20.873096],[11.967871,23.517871],[13.48125,23.180176],[14.215527,22.619678],[14.978906,22.996289],[15.172266,21.92207],[15.181836,21.523389],[15.607324,20.954395],[15.540332,20.874902],[15.587109,20.733301],[15.963184,20.346191],[15.735059,19.904053],[15.474316,16.908398],[14.367969,15.750146],[13.448242,14.380664],[13.606348,13.70459]]]}},{"type":"Feature","properties":{"sigla":"NAM","nome":"Namíbia"},"geometry":{"type":"Polygon","coordinates":[[[23.380664,-17.640625],[24.274902,-17.481055],[24.73291,-17.517773],[25.001758,-17.568555],[25.258789,-17.793555],[24.909082,-17.821387],[24.530566,-18.052734],[24.358984,-17.978223],[24.243945,-18.023438],[23.599707,-18.459961],[23.298633,-18.027344],[23.219336,-17.999707],[20.974121,-18.318848],[20.970996,-22.000195],[19.977344,-22.000195],[19.980469,-28.45127],[19.671484,-28.503906],[19.539844,-28.574609],[19.48291,-28.661621],[19.312695,-28.733301],[19.245801,-28.90166],[19.161719,-28.93877],[18.83877,-28.869141],[18.102734,-28.87168],[17.447949,-28.698145],[17.347852,-28.501172],[17.385742,-28.353223],[17.358691,-28.269434],[17.20459,-28.198828],[17.149414,-28.082227],[17.05625,-28.031055],[16.875293,-28.12793],[16.755762,-28.452148],[16.447559,-28.617578],[15.719043,-27.96582],[15.287598,-27.275],[15.132812,-26.787598],[15.139063,-26.508008],[14.967773,-26.318066],[14.93125,-25.958203],[14.845215,-25.725684],[14.837109,-25.033203],[14.501563,-24.201953],[14.473828,-23.281152],[14.40332,-22.968066],[14.438477,-22.880566],[14.495703,-22.921387],[14.519922,-22.805176],[14.462793,-22.449121],[14.321875,-22.189941],[13.973242,-21.767578],[13.839355,-21.473242],[13.450586,-20.916699],[13.168359,-20.184668],[13.04209,-20.028223],[12.458203,-18.926758],[12.041211,-18.470703],[11.775879,-18.001758],[11.733496,-17.750977],[11.743066,-17.249219],[12.013965,-17.168555],[12.548145,-17.212695],[13.101172,-16.967676],[13.475977,-17.040039],[13.694336,-17.233496],[14.01748,-17.408887],[18.396387,-17.399414],[18.486621,-17.442773],[18.718066,-17.703223],[18.955273,-17.803516],[20.392969,-17.887402],[20.745508,-18.019727],[21.113477,-17.955762],[21.416895,-18.000684],[23.380664,-17.640625]]]}},{"type":"Feature","properties":{"sigla":"MOZ","nome":"Moçambique"},"geometry":{"type":"Polygon","coordinates":[[[31.287891,-22.402051],[32.429785,-21.29707],[32.353613,-21.136523],[32.476172,-20.950098],[32.492383,-20.659766],[32.672559,-20.516113],[32.992773,-19.984863],[33.006738,-19.873828],[32.777637,-19.38877],[32.849805,-19.104395],[32.699707,-18.940918],[32.721973,-18.828418],[32.88457,-18.728516],[32.993066,-18.35957],[32.955566,-18.08291],[32.969336,-17.251563],[32.87627,-16.883594],[32.948047,-16.712305],[32.741797,-16.677637],[32.63584,-16.589453],[32.243262,-16.44873],[31.939844,-16.428809],[31.687598,-16.21416],[31.489844,-16.179688],[31.23623,-16.023633],[30.409375,-15.978223],[30.379883,-15.505859],[30.350586,-15.349707],[30.252148,-15.183203],[30.231836,-14.990332],[33.201758,-14.013379],[33.636426,-14.568164],[34.208789,-14.42373],[34.375,-14.424805],[34.505273,-14.598145],[34.555469,-15.140918],[34.54082,-15.297266],[34.248242,-15.8875],[34.403027,-16.080273],[34.416406,-16.246777],[34.933398,-16.760352],[35.079883,-16.833887],[35.112109,-16.898535],[35.043945,-17.016895],[35.064648,-17.078613],[35.124609,-17.127246],[35.272559,-17.118457],[35.281152,-16.807813],[35.167188,-16.560254],[35.358496,-16.160547],[35.755273,-16.058301],[35.819922,-15.680371],[35.805371,-15.265625],[35.892773,-14.891797],[35.847168,-14.670898],[35.247461,-13.896875],[34.906836,-13.55166],[34.661621,-13.486719],[34.563672,-13.360156],[34.48291,-12.666797],[34.357813,-12.164746],[34.553906,-11.834082],[34.618555,-11.620215],[34.826563,-11.575684],[35.564355,-11.602344],[35.785449,-11.45293],[35.911328,-11.454688],[36.082227,-11.537305],[36.191309,-11.670703],[36.305664,-11.706348],[36.673828,-11.684277],[36.872656,-11.571289],[36.978906,-11.566992],[37.218359,-11.686523],[37.372852,-11.710449],[37.724805,-11.580664],[37.829297,-11.481934],[37.920215,-11.294727],[38.176563,-11.278711],[38.491797,-11.413281],[38.794727,-11.228906],[39.321582,-11.122559],[39.43916,-11.03457],[39.988672,-10.820801],[40.463574,-10.464355],[40.611719,-10.661523],[40.486621,-10.765137],[40.597168,-10.830664],[40.516113,-10.92959],[40.544531,-11.065625],[40.402832,-11.332031],[40.465137,-11.449414],[40.433105,-11.657324],[40.531543,-12.00459],[40.487109,-12.492188],[40.54834,-12.526563],[40.580859,-12.635547],[40.55332,-12.824609],[40.447656,-12.904785],[40.436816,-12.983105],[40.56875,-12.984668],[40.58291,-13.374023],[40.545117,-13.462891],[40.595703,-14.122852],[40.602539,-14.167383],[40.715625,-14.214453],[40.639941,-14.390039],[40.646094,-14.538672],[40.72666,-14.420703],[40.775,-14.421289],[40.818164,-14.467578],[40.844531,-14.718652],[40.835156,-14.791504],[40.700684,-14.929785],[40.694336,-15.065234],[40.617773,-15.115527],[40.650977,-15.260938],[40.558984,-15.473438],[40.108789,-15.979297],[40.099219,-16.065332],[39.983594,-16.225488],[39.790918,-16.294531],[39.844629,-16.435645],[39.242285,-16.792578],[39.084375,-16.972852],[38.884766,-17.041602],[38.669922,-17.050293],[38.144922,-17.242773],[37.512305,-17.570703],[36.939355,-17.993457],[36.899609,-18.129004],[36.540137,-18.518164],[36.403711,-18.769727],[36.327246,-18.793164],[36.262891,-18.719629],[36.235645,-18.861328],[36.125,-18.842383],[35.853711,-18.993359],[35.365332,-19.493945],[34.947852,-19.812695],[34.852344,-19.820508],[34.649414,-19.701367],[34.755762,-19.821973],[34.705078,-20.473047],[34.982324,-20.80625],[35.117578,-21.195215],[35.128027,-21.395313],[35.267676,-21.650977],[35.329297,-22.037402],[35.315723,-22.396875],[35.383008,-22.45459],[35.456348,-22.115918],[35.530078,-22.248145],[35.490234,-22.657715],[35.575391,-22.963086],[35.37041,-23.798242],[35.462109,-23.851074],[35.485352,-23.784473],[35.541992,-23.824414],[35.489648,-24.065527],[35.254883,-24.430273],[34.99209,-24.650586],[33.347461,-25.260938],[32.961133,-25.49043],[32.792188,-25.644336],[32.59043,-26.004102],[32.848828,-26.268066],[32.916406,-26.086914],[32.954883,-26.083594],[32.886133,-26.849316],[32.112891,-26.839453],[32.105957,-26.52002],[32.041406,-26.28125],[32.060547,-26.018359],[31.948242,-25.957617],[31.920313,-25.773926],[31.98457,-25.631934],[31.98584,-24.460645],[31.799609,-23.892188],[31.545605,-23.482324],[31.531738,-23.279492],[31.287891,-22.402051]],[[34.641602,-12.013672],[34.591406,-11.971094],[34.541602,-12.018652],[34.621777,-12.066602],[34.641602,-12.013672]],[[34.719336,-12.110645],[34.755957,-12.030762],[34.679883,-12.008887],[34.662109,-12.100781],[34.719336,-12.110645]]]}},{"type":"Feature","properties":{"sigla":"MAR","nome":"Marrocos"},"geometry":{"type":"Polygon","coordinates":[[[-2.219629,35.104199],[-2.131787,34.97085],[-1.795605,34.751904],[-1.849658,34.607324],[-1.733301,34.467041],[-1.791797,34.36792],[-1.706934,34.176074],[-1.714111,33.781836],[-1.63125,33.566748],[-1.679199,33.318652],[-1.45,32.784814],[-1.111035,32.552295],[-1.065527,32.468311],[-1.240332,32.337598],[-1.225928,32.107227],[-2.448389,32.12998],[-2.863428,32.074707],[-2.930859,32.042529],[-3.017383,31.834277],[-3.439795,31.704541],[-3.768164,31.689551],[-3.84668,31.619873],[-3.78916,31.361816],[-3.833398,31.197803],[-3.624512,31.065771],[-3.666797,30.964014],[-3.985352,30.913525],[-4.322852,30.698877],[-4.968262,30.465381],[-5.180127,30.166162],[-5.448779,29.956934],[-6.004297,29.83125],[-6.479736,29.820361],[-6.520557,29.659863],[-6.635352,29.568799],[-7.142432,29.61958],[-7.485742,29.392236],[-7.685156,29.349512],[-8.265186,28.980518],[-8.678418,28.689404],[-8.68335,27.656445],[-8.817822,27.656445],[-8.753857,27.191016],[-8.794873,27.120703],[-9.413037,27.088477],[-9.735352,26.860937],[-9.817871,26.850195],[-10.032715,26.910742],[-10.251465,26.860937],[-10.55127,26.99082],[-10.757764,27.020117],[-11.392578,26.883398],[-11.316846,26.744727],[-11.337891,26.633398],[-11.51167,26.470312],[-11.718213,26.104102],[-12.060986,25.99082],[-12.431152,24.830664],[-12.991162,24.470312],[-13.310986,23.981055],[-13.770947,23.790625],[-13.891113,23.691016],[-14.101074,23.100195],[-14.221191,22.310156],[-14.630859,21.860937],[-14.610791,21.750586],[-14.750977,21.500586],[-14.971143,21.441016],[-16.041016,21.500586],[-17.003076,21.420703],[-16.930859,21.9],[-16.793262,22.159717],[-16.683984,22.274365],[-16.514404,22.333496],[-16.35874,22.594531],[-16.304297,22.834814],[-16.169727,23.031934],[-16.210254,23.0979],[-15.789258,23.792871],[-15.80166,23.842236],[-15.980713,23.670312],[-15.899316,23.844434],[-15.586328,24.072754],[-15.188623,24.478809],[-15.038867,24.548828],[-14.904297,24.719775],[-14.794922,25.40415],[-14.522754,25.925244],[-14.413867,26.253711],[-13.575781,26.735107],[-13.175977,27.655713],[-12.948926,27.91416],[-11.986084,28.129297],[-11.552686,28.310107],[-11.080957,28.71377],[-10.486475,29.064941],[-10.200586,29.380371],[-9.66709,30.109277],[-9.623828,30.352637],[-9.65293,30.447559],[-9.875488,30.71792],[-9.832422,30.847266],[-9.808691,31.424609],[-9.674951,31.710986],[-9.347461,32.086377],[-9.24585,32.572461],[-8.512842,33.252441],[-8.301172,33.374365],[-7.562354,33.640283],[-6.900977,33.969043],[-6.353125,34.776074],[-5.924805,35.785791],[-5.622852,35.828906],[-5.397363,35.929883],[-5.277832,35.902734],[-5.337646,35.856543],[-5.337646,35.745215],[-5.252686,35.614746],[-4.837207,35.281299],[-4.62832,35.206396],[-4.32998,35.161475],[-3.693262,35.27998],[-3.394727,35.211816],[-3.206006,35.239111],[-2.972217,35.407275],[-2.839941,35.127832],[-2.219629,35.104199]]]}},{"type":"Feature","properties":{"sigla":"MRT","nome":"Mauritânia"},"geometry":{"type":"MultiPolygon","coordinates":[[[[-16.37334,19.706445],[-16.437549,19.609277],[-16.477002,19.710352],[-16.343652,19.866211],[-16.37334,19.706445]]],[[[-12.280615,14.809033],[-12.858496,15.242529],[-12.930859,15.453027],[-13.206445,15.616895],[-13.409668,16.05918],[-13.506982,16.135205],[-13.868457,16.148145],[-14.085645,16.418848],[-14.300098,16.580273],[-14.53374,16.655957],[-14.990625,16.676904],[-15.090576,16.657373],[-15.121436,16.603613],[-15.768213,16.485107],[-16.239014,16.531299],[-16.441016,16.204541],[-16.535254,15.838379],[-16.535742,16.286816],[-16.463623,16.601514],[-16.078906,17.54585],[-16.030322,17.887939],[-16.046729,18.223145],[-16.213086,19.00332],[-16.514453,19.361963],[-16.371289,19.410254],[-16.305273,19.512646],[-16.444873,19.473145],[-16.283398,19.787158],[-16.210449,20.22793],[-16.429785,20.652344],[-16.53042,20.709521],[-16.562695,20.60415],[-16.62251,20.63418],[-16.92793,21.114795],[-16.998242,21.039697],[-17.048047,20.806152],[-17.063965,20.898828],[-16.964551,21.329248],[-13.016211,21.333936],[-13.153271,22.820508],[-13.031494,23.000244],[-12.62041,23.271338],[-12.3729,23.318018],[-12.023438,23.467578],[-12.016309,25.99541],[-8.682227,25.995508],[-8.68335,27.285937],[-4.822607,24.995605],[-6.594092,24.994629],[-5.628662,16.568652],[-5.359912,16.282861],[-5.5125,15.496289],[-9.176807,15.496094],[-9.335449,15.525684],[-9.350586,15.677393],[-9.426562,15.623047],[-9.446924,15.458203],[-9.941406,15.373779],[-10.411816,15.437939],[-10.696582,15.422656],[-10.895605,15.150488],[-10.948242,15.151123],[-11.502686,15.636816],[-11.760156,15.425537],[-11.872852,14.995166],[-11.940918,14.886914],[-12.104687,14.745361],[-12.280615,14.809033]]]]}},{"type":"Feature","properties":{"sigla":"MLI","nome":"Mali"},"geometry":{"type":"Polygon","coordinates":[[[-11.389404,12.404395],[-11.382422,12.479248],[-11.450586,12.557715],[-11.390381,12.941992],[-11.634961,13.369873],[-11.758252,13.394531],[-11.831689,13.31582],[-12.054199,13.633057],[-11.960889,13.875293],[-12.020117,13.974658],[-12.019189,14.206494],[-12.228418,14.458594],[-12.186523,14.648145],[-12.280615,14.809033],[-12.104687,14.745361],[-11.940918,14.886914],[-11.872852,14.995166],[-11.760156,15.425537],[-11.502686,15.636816],[-10.948242,15.151123],[-10.895605,15.150488],[-10.696582,15.422656],[-10.411816,15.437939],[-9.941406,15.373779],[-9.446924,15.458203],[-9.426562,15.623047],[-9.350586,15.677393],[-9.335449,15.525684],[-9.176807,15.496094],[-5.5125,15.496289],[-5.359912,16.282861],[-5.628662,16.568652],[-6.594092,24.994629],[-4.822607,24.995605],[1.145508,21.102246],[1.165723,20.817432],[1.610645,20.555566],[1.685449,20.378369],[1.753223,20.331592],[2.219336,20.247803],[2.406152,20.063867],[3.130273,19.850195],[3.203711,19.789697],[3.20166,19.5604],[3.255859,19.410938],[3.106055,19.150098],[3.255957,19.013281],[3.400879,18.988428],[4.227637,19.142773],[4.234668,16.996387],[4.182129,16.581787],[3.876953,15.755273],[3.520508,15.483105],[3.504297,15.356348],[3.060156,15.427197],[3.010547,15.408301],[3.001074,15.340967],[1.300195,15.272266],[0.947461,14.982129],[0.28623,14.980176],[0.21748,14.911475],[-0.235889,15.059424],[-0.40542,15.0125],[-0.536523,15.077881],[-0.666455,15.069775],[-0.760449,15.047754],[-1.049561,14.819531],[-1.695068,14.508496],[-1.973047,14.456543],[-2.057129,14.194629],[-2.113232,14.168457],[-2.457227,14.274121],[-2.586719,14.227588],[-2.873926,13.950732],[-2.95083,13.648438],[-3.248633,13.65835],[-3.301758,13.280762],[-3.527637,13.182715],[-3.947314,13.402197],[-4.051172,13.382422],[-4.328711,13.119043],[-4.2271,12.793701],[-4.480615,12.672217],[-4.421924,12.581592],[-4.428711,12.337598],[-4.699316,12.076172],[-5.105908,11.967529],[-5.288135,11.82793],[-5.229395,11.522461],[-5.250244,11.375781],[-5.347412,11.130273],[-5.490479,11.042383],[-5.45708,10.771387],[-5.523535,10.426025],[-5.843848,10.389551],[-6.03457,10.194824],[-6.238379,10.261621],[-6.190674,10.400293],[-6.261133,10.724072],[-6.425879,10.671777],[-6.423926,10.559131],[-6.65415,10.656445],[-6.693262,10.349463],[-6.950342,10.342334],[-6.991748,10.251855],[-6.968164,10.176221],[-7.01709,10.143262],[-7.363184,10.259375],[-7.385059,10.340137],[-7.497949,10.439795],[-7.661133,10.427441],[-7.814209,10.236572],[-7.990625,10.1625],[-8.007275,10.321875],[-8.26665,10.485986],[-8.337402,10.990625],[-8.474707,11.048389],[-8.606201,10.986963],[-8.666699,11.009473],[-8.398535,11.366553],[-8.664941,11.51499],[-8.711426,11.617773],[-8.822021,11.673242],[-8.818311,11.92251],[-8.998926,12.345898],[-9.120459,12.449951],[-9.3,12.490283],[-9.395361,12.464648],[-9.331543,12.32373],[-9.358105,12.25542],[-9.658301,12.143115],[-9.714746,12.04248],[-9.820703,12.04248],[-10.274854,12.212646],[-10.46582,12.138672],[-10.618994,11.941211],[-10.709229,11.89873],[-10.933203,12.205176],[-11.06582,12.170801],[-11.209668,12.024854],[-11.305176,12.01543],[-11.502197,12.198633],[-11.389404,12.404395]]]}},{"type":"Feature","properties":{"sigla":"MWI","nome":"Malawi"},"geometry":{"type":"MultiPolygon","coordinates":[[[[34.719336,-12.110645],[34.662109,-12.100781],[34.679883,-12.008887],[34.755957,-12.030762],[34.719336,-12.110645]]],[[[34.641602,-12.013672],[34.621777,-12.066602],[34.541602,-12.018652],[34.591406,-11.971094],[34.641602,-12.013672]]],[[[33.201758,-14.013379],[33.148047,-13.940918],[32.99209,-14.022168],[32.867188,-13.817383],[32.765137,-13.761035],[32.797461,-13.688477],[32.67041,-13.59043],[32.851855,-13.457031],[32.967578,-13.225],[33,-12.899609],[32.945605,-12.804395],[33.021582,-12.630469],[33.397949,-12.489844],[33.512305,-12.347754],[33.340137,-12.308301],[33.252344,-12.112598],[33.303906,-11.69082],[33.226367,-11.534863],[33.232715,-11.417676],[33.379785,-11.15791],[33.261328,-10.893359],[33.344922,-10.812695],[33.464746,-10.783105],[33.661523,-10.553125],[33.553711,-10.391309],[33.528906,-10.234668],[33.311523,-10.037988],[33.350977,-9.862207],[33.195703,-9.626172],[32.995996,-9.622852],[32.919922,-9.407422],[32.974023,-9.39502],[33.130469,-9.495898],[33.330859,-9.519141],[33.420898,-9.608008],[33.697656,-9.598145],[33.888867,-9.670117],[33.953711,-9.658203],[33.995605,-9.49541],[34.320898,-9.731543],[34.524219,-10.030176],[34.583594,-10.525098],[34.661816,-10.710059],[34.60791,-11.080469],[34.773828,-11.341699],[34.890625,-11.393555],[34.959473,-11.578125],[34.618555,-11.620215],[34.553906,-11.834082],[34.357813,-12.164746],[34.48291,-12.666797],[34.563672,-13.360156],[34.661621,-13.486719],[34.906836,-13.55166],[35.247461,-13.896875],[35.847168,-14.670898],[35.892773,-14.891797],[35.805371,-15.265625],[35.819922,-15.680371],[35.755273,-16.058301],[35.358496,-16.160547],[35.167188,-16.560254],[35.281152,-16.807813],[35.272559,-17.118457],[35.124609,-17.127246],[35.064648,-17.078613],[35.043945,-17.016895],[35.112109,-16.898535],[35.079883,-16.833887],[34.933398,-16.760352],[34.416406,-16.246777],[34.403027,-16.080273],[34.248242,-15.8875],[34.54082,-15.297266],[34.557617,-15.015918],[34.505273,-14.598145],[34.33252,-14.408594],[33.636426,-14.568164],[33.201758,-14.013379]]]]}},{"type":"Feature","properties":{"sigla":"MDG","nome":"Madagáscar"},"geometry":{"type":"MultiPolygon","coordinates":[[[[49.538281,-12.432129],[49.9375,-13.072266],[50.173828,-14.040234],[50.235352,-14.732031],[50.441309,-15.149316],[50.482715,-15.385645],[50.40459,-15.629102],[50.291504,-15.858496],[50.184961,-15.957813],[50.02041,-15.801758],[49.892578,-15.457715],[49.74375,-15.449512],[49.664355,-15.521582],[49.712793,-16.076758],[49.831055,-16.255859],[49.839063,-16.486523],[49.733984,-16.703027],[49.767188,-16.815137],[49.595215,-16.931152],[49.449316,-17.240625],[49.477832,-17.898535],[49.362891,-18.336328],[48.918066,-19.530469],[48.350781,-21.349023],[47.908398,-22.46582],[47.558008,-23.874609],[47.372559,-24.218457],[47.177344,-24.787207],[47.034961,-24.979004],[46.728516,-25.149902],[46.158691,-25.230371],[45.508008,-25.563184],[45.115234,-25.543066],[44.812891,-25.33418],[44.345898,-25.226074],[44.256152,-25.116895],[44.035352,-24.995703],[43.90957,-24.640625],[43.67002,-24.300293],[43.646094,-23.741895],[43.722266,-23.529688],[43.569531,-23.080469],[43.35752,-22.79082],[43.264844,-22.383594],[43.290527,-21.93252],[43.437793,-21.64668],[43.501855,-21.356445],[43.800195,-21.179199],[43.911133,-20.86582],[44.239648,-20.379688],[44.404688,-19.92207],[44.448828,-19.428711],[44.23877,-19.075195],[44.233105,-18.740625],[44.040039,-18.288477],[44.013672,-17.804492],[43.943555,-17.581445],[43.979395,-17.391602],[44.421387,-16.702637],[44.427051,-16.289062],[44.476172,-16.217285],[44.90918,-16.174512],[45.222852,-15.950488],[45.342188,-16.036719],[45.598242,-15.992578],[45.700195,-15.81377],[46.15752,-15.738281],[46.314063,-15.90459],[46.399609,-15.924609],[46.441602,-15.895898],[46.341309,-15.813379],[46.331445,-15.713672],[46.475098,-15.513477],[46.942285,-15.219043],[46.993262,-15.243164],[47.027441,-15.452246],[47.099219,-15.43418],[47.135156,-15.301563],[47.092578,-15.150098],[47.280469,-14.942676],[47.351953,-14.766113],[47.464746,-14.713281],[47.496387,-14.818359],[47.429199,-14.995703],[47.47832,-15.009375],[47.774023,-14.636719],[47.96416,-14.672559],[47.811523,-14.544824],[47.77334,-14.369922],[47.995508,-13.960449],[47.883594,-13.80752],[47.941016,-13.662402],[48.039844,-13.596289],[48.255273,-13.719336],[48.405078,-13.537988],[48.621387,-13.425977],[48.796484,-13.26748],[48.919434,-12.839063],[48.786328,-12.470898],[48.931738,-12.439063],[49.207031,-12.07959],[49.312109,-12.123926],[49.538281,-12.432129]]],[[[48.342188,-13.363867],[48.343555,-13.400391],[48.211914,-13.385254],[48.191211,-13.259961],[48.308887,-13.198242],[48.342188,-13.363867]]],[[[49.936426,-16.90293],[49.824023,-17.086523],[49.855664,-16.933203],[50.023047,-16.695312],[49.936426,-16.90293]]]]}},{"type":"Feature","properties":{"sigla":"LBY","nome":"Líbia"},"geometry":{"type":"Polygon","coordinates":[[[9.51875,30.229395],[9.89502,30.387305],[10.216406,30.783203],[10.257031,30.94082],[10.114941,31.46377],[10.274609,31.684961],[10.475781,31.736035],[10.608887,31.929541],[10.826367,32.080664],[11.50498,32.413672],[11.533789,32.524951],[11.453906,32.642578],[11.50459,33.181934],[11.813477,33.093701],[12.279883,32.858545],[12.753516,32.801074],[13.283496,32.914648],[13.536328,32.824268],[14.155664,32.709766],[14.513379,32.511084],[15.176563,32.391162],[15.359082,32.159668],[15.363086,31.971191],[15.496387,31.656787],[15.705957,31.426416],[16.123047,31.264453],[16.781543,31.214746],[17.830469,30.927588],[18.19043,30.777295],[18.669824,30.415674],[18.936426,30.29043],[19.12373,30.266113],[19.291699,30.288086],[19.713281,30.488379],[20.111523,30.963721],[20.141113,31.195508],[19.96123,31.556006],[19.926367,31.817529],[20.030957,32.107861],[20.370605,32.430762],[21.062305,32.775537],[21.424707,32.79917],[21.635938,32.937305],[22.187402,32.918262],[23.090625,32.61875],[23.10625,32.331445],[23.286328,32.213818],[23.797656,32.158691],[24.129688,32.009229],[24.683887,32.015967],[24.950684,31.953711],[25.150488,31.65498],[24.852734,31.334814],[24.961426,30.678516],[24.877539,30.45752],[24.703223,30.201074],[24.980273,29.181885],[24.979492,20.002588],[23.980273,19.995947],[23.980273,19.496631],[15.984082,23.445215],[14.215527,22.619678],[13.48125,23.180176],[11.967871,23.517871],[11.507617,24.314355],[10.686133,24.551367],[10.438965,24.480225],[10.325781,24.530225],[10.119531,24.790234],[10.028125,25.051025],[10.000684,25.33208],[9.422363,26.14707],[9.491406,26.33374],[9.859375,26.551953],[9.894434,26.847949],[9.79541,27.044775],[9.747559,27.330859],[9.916016,27.785693],[9.815625,28.560205],[9.820703,29.114795],[9.640137,29.636426],[9.310254,30.115234],[9.51875,30.229395]]]}},{"type":"Feature","properties":{"sigla":"LBR","nome":"Libéria"},"geometry":{"type":"Polygon","coordinates":[[[-11.50752,6.906543],[-11.267676,7.232617],[-10.647461,7.759375],[-10.57085,8.071143],[-10.359814,8.187939],[-10.283203,8.485156],[-10.147412,8.519727],[-10.064355,8.429883],[-9.781982,8.537695],[-9.735596,8.453955],[-9.663574,8.473535],[-9.518262,8.346094],[-9.369141,7.703809],[-9.463818,7.415869],[-9.263281,7.377734],[-9.117578,7.215918],[-8.889648,7.262695],[-8.740234,7.495703],[-8.708301,7.658887],[-8.578857,7.677051],[-8.437158,7.516406],[-8.296631,7.074023],[-8.332568,6.801562],[-8.603564,6.507812],[-8.449902,6.4625],[-8.287109,6.319043],[-7.981592,6.286133],[-7.888623,6.234863],[-7.796533,5.975098],[-7.454395,5.841309],[-7.399902,5.550586],[-7.429834,5.324512],[-7.509766,5.108496],[-7.568896,5.080664],[-7.591211,4.821533],[-7.544971,4.351318],[-8.259033,4.58999],[-9.132178,5.054639],[-10.276367,6.077637],[-10.785596,6.310156],[-10.849023,6.465088],[-11.291602,6.688232],[-11.50752,6.906543]]]}},{"type":"Feature","properties":{"sigla":"LSO","nome":"Lesoto"},"geometry":{"type":"Polygon","coordinates":[[[28.736914,-30.101953],[28.39209,-30.147559],[28.139063,-30.449902],[28.056836,-30.631055],[27.753125,-30.6],[27.388477,-30.315918],[27.355371,-30.158594],[27.130469,-29.840234],[27.056934,-29.625586],[27.294531,-29.519336],[27.735547,-28.940039],[27.959863,-28.87334],[28.232617,-28.70127],[28.625781,-28.581738],[28.953711,-28.881445],[29.301367,-29.089844],[29.390723,-29.269727],[29.293555,-29.566895],[29.142188,-29.700977],[29.098047,-29.919043],[28.736914,-30.101953]]]}},{"type":"Feature","properties":{"sigla":"KEN","nome":"Quênia"},"geometry":{"type":"MultiPolygon","coordinates":[[[[40.994434,-2.158398],[40.957324,-2.167285],[40.976465,-2.109766],[41.086035,-2.036523],[41.130664,-2.053027],[40.994434,-2.158398]]],[[[33.903223,-1.002051],[33.943164,0.173779],[34.160938,0.605176],[34.41084,0.867285],[34.481738,1.042139],[34.601953,1.156445],[34.798633,1.244531],[34.783594,1.381152],[34.965234,1.643359],[34.978223,1.773633],[34.905762,2.479687],[34.74248,2.818115],[34.58916,2.924756],[34.522559,3.119971],[34.447852,3.163477],[34.399414,3.412695],[34.437695,3.650586],[34.165039,3.812988],[34.185742,3.869775],[34.132031,3.88916],[33.976074,4.220215],[35.268359,5.492285],[35.264648,5.412061],[35.325293,5.364893],[35.468652,5.419092],[35.74502,5.343994],[35.800293,5.156934],[35.763086,4.808008],[36.021973,4.468115],[36.905566,4.411475],[38.086133,3.648828],[39.494434,3.456104],[39.65752,3.577832],[39.842188,3.851465],[40.765234,4.273047],[41.14043,3.962988],[41.883984,3.977734],[41.341797,3.20166],[40.964453,2.814648],[40.978711,-0.870313],[41.521875,-1.572266],[41.532715,-1.695312],[41.26748,-1.94502],[41.106836,-1.982324],[40.995508,-1.950586],[40.952148,-2.055957],[40.889746,-2.023535],[40.898242,-2.269922],[40.644141,-2.539453],[40.404492,-2.555664],[40.222461,-2.688379],[40.179785,-2.819043],[40.194727,-3.019238],[40.11543,-3.250586],[39.991699,-3.350684],[39.860938,-3.576758],[39.731641,-3.993262],[39.376953,-4.625488],[39.2875,-4.608594],[39.221777,-4.692383],[39.190137,-4.677246],[37.797266,-3.674414],[37.711035,-3.54082],[37.608203,-3.49707],[37.687988,-3.246191],[37.643848,-3.04541],[34.051563,-1.039844],[33.903223,-1.002051]]]]}},{"type":"Feature","properties":{"sigla":"GNB","nome":"Guiné-Bissau"},"geometry":{"type":"MultiPolygon","coordinates":[[[[-16.711816,12.354834],[-16.521338,12.348633],[-16.144189,12.457422],[-15.839551,12.437891],[-15.574805,12.490381],[-15.196094,12.679932],[-13.729248,12.673926],[-13.673535,12.478516],[-13.70791,12.312695],[-13.947314,12.215234],[-13.948877,12.178174],[-13.737988,12.009668],[-13.732764,11.736035],[-13.953223,11.6646],[-14.265576,11.659912],[-14.452441,11.556201],[-14.682959,11.508496],[-15.043018,10.940137],[-15.09375,11.011035],[-15.05459,11.141943],[-15.222119,11.030908],[-15.216699,11.15625],[-15.31748,11.152002],[-15.393115,11.217236],[-15.354687,11.396338],[-15.479492,11.410303],[-15.429102,11.498877],[-15.072656,11.597803],[-15.122412,11.661572],[-15.230371,11.686768],[-15.412988,11.615234],[-15.501904,11.723779],[-15.467187,11.842822],[-15.21084,11.870947],[-15.101709,11.913965],[-15.078271,11.968994],[-15.188086,11.927295],[-15.434766,11.943555],[-15.819385,11.763477],[-15.941748,11.786621],[-15.920215,11.937793],[-16.138428,11.917285],[-16.328076,12.051611],[-16.24458,12.237109],[-16.436816,12.20415],[-16.711816,12.354834]]],[[[-16.114502,11.059424],[-16.194531,11.04458],[-16.236426,11.113428],[-16.067334,11.197217],[-16.052783,11.117529],[-16.114502,11.059424]]],[[[-15.895898,11.082471],[-15.963965,11.058984],[-15.937695,11.192773],[-15.895898,11.082471]]],[[[-15.725146,11.215479],[-15.725146,11.174512],[-15.779785,11.194531],[-15.71748,11.301758],[-15.65835,11.286475],[-15.725146,11.215479]]],[[[-15.553418,11.537012],[-15.619629,11.533496],[-15.482471,11.632324],[-15.484424,11.567529],[-15.553418,11.537012]]],[[[-15.901807,11.46582],[-15.94873,11.434424],[-16.023193,11.477148],[-15.964551,11.598291],[-15.915332,11.589111],[-15.901807,11.46582]]],[[[-15.986426,11.882031],[-16.03833,11.759717],[-16.102441,11.773193],[-16.152441,11.876807],[-15.986426,11.882031]]]]}},{"type":"Feature","properties":{"sigla":"GIN","nome":"Guiné"},"geometry":{"type":"Polygon","coordinates":[[[-10.283203,8.485156],[-10.394434,8.480957],[-10.557715,8.315674],[-10.712109,8.335254],[-10.500537,8.687549],[-10.605615,8.867578],[-10.615967,9.05918],[-10.747021,9.095264],[-10.690527,9.314258],[-11.205664,9.977734],[-11.911084,9.993018],[-11.922754,9.922754],[-12.142334,9.875391],[-12.277734,9.929785],[-12.427979,9.898145],[-12.501465,9.862158],[-12.755859,9.373584],[-12.958789,9.26333],[-13.028027,9.103564],[-13.129883,9.047559],[-13.292676,9.049219],[-13.269482,9.170557],[-13.436279,9.420312],[-13.568262,9.543408],[-13.691357,9.535791],[-13.657129,9.639111],[-13.689795,9.927783],[-13.753711,9.870264],[-13.820117,9.887207],[-13.954639,9.968701],[-14.04502,10.14126],[-14.17041,10.128613],[-14.426904,10.24834],[-14.60957,10.549854],[-14.593506,10.766699],[-14.677344,10.688965],[-14.775928,10.931641],[-14.886719,10.968066],[-14.975,10.803418],[-15.051221,10.83457],[-15.043018,10.940137],[-14.682959,11.508496],[-14.452441,11.556201],[-14.265576,11.659912],[-13.953223,11.6646],[-13.732764,11.736035],[-13.737988,12.009668],[-13.948877,12.178174],[-13.947314,12.215234],[-13.70791,12.312695],[-13.673535,12.478516],[-13.729248,12.673926],[-13.08291,12.633545],[-13.061279,12.48999],[-12.930713,12.532275],[-12.797314,12.451904],[-12.399072,12.340088],[-12.042383,12.398047],[-11.389404,12.404395],[-11.502197,12.198633],[-11.305176,12.01543],[-11.209668,12.024854],[-11.06582,12.170801],[-10.933203,12.205176],[-10.709229,11.89873],[-10.618994,11.941211],[-10.46582,12.138672],[-10.274854,12.212646],[-9.754004,12.029932],[-9.658301,12.143115],[-9.358105,12.25542],[-9.331543,12.32373],[-9.395361,12.464648],[-9.215527,12.482861],[-9.043066,12.402344],[-8.818311,11.92251],[-8.822021,11.673242],[-8.711426,11.617773],[-8.664941,11.51499],[-8.398535,11.366553],[-8.666699,11.009473],[-8.606201,10.986963],[-8.474707,11.048389],[-8.337402,10.990625],[-8.26665,10.485986],[-7.985693,10.278418],[-7.990625,10.1625],[-8.155176,9.973193],[-8.136963,9.495703],[-8.031006,9.397656],[-7.896191,9.415869],[-7.918066,9.188525],[-7.777979,9.080859],[-7.938184,8.979785],[-7.950977,8.786816],[-7.784033,8.720605],[-7.71958,8.643018],[-7.681201,8.410352],[-7.738965,8.375244],[-7.823584,8.467676],[-8.209961,8.483252],[-8.256104,8.253711],[-8.048584,8.169727],[-8.009863,8.078516],[-8.126855,7.867725],[-8.11543,7.760742],[-8.205957,7.590234],[-8.231885,7.556738],[-8.42998,7.601855],[-8.486426,7.558496],[-8.578857,7.677051],[-8.659766,7.688379],[-8.889648,7.262695],[-9.117578,7.215918],[-9.263281,7.377734],[-9.463818,7.415869],[-9.369141,7.703809],[-9.518262,8.346094],[-9.683887,8.484424],[-9.735596,8.453955],[-9.781982,8.537695],[-10.064355,8.429883],[-10.147412,8.519727],[-10.283203,8.485156]]]}},{"type":"Feature","properties":{"sigla":"GHA","nome":"Gana"},"geometry":{"type":"Polygon","coordinates":[[[-0.068604,11.115625],[0.009424,11.020996],[-0.086328,10.673047],[0.380859,10.291846],[0.323926,9.687598],[0.264551,9.644727],[0.342578,9.60415],[0.275488,9.570605],[0.233398,9.463525],[0.259961,9.426025],[0.405273,9.491455],[0.525684,9.398486],[0.466113,9.115332],[0.48877,8.851465],[0.372559,8.759277],[0.415332,8.652734],[0.616211,8.479639],[0.686328,8.354883],[0.583594,8.145801],[0.605176,7.728223],[0.5,7.546875],[0.50957,7.435107],[0.634766,7.353662],[0.525586,6.850928],[0.736914,6.452588],[0.984961,6.320312],[1.049902,6.202637],[1.185059,6.14502],[1.187207,6.089404],[1.050293,5.993994],[0.949707,5.810254],[0.748828,5.760107],[0.259668,5.757324],[-0.34873,5.500781],[-0.797705,5.226709],[-1.50166,5.037988],[-2.001855,4.762451],[-2.090186,4.764062],[-2.398926,4.929346],[-3.114014,5.088672],[-3.086719,5.12832],[-2.815674,5.153027],[-2.75498,5.43252],[-2.793652,5.600098],[-2.962256,5.643018],[-2.998291,5.711328],[-3.224023,6.441064],[-3.235791,6.807227],[-2.985791,7.204883],[-2.959082,7.454541],[-2.789746,7.931934],[-2.613379,8.04668],[-2.611719,8.147559],[-2.505859,8.20874],[-2.600391,8.800439],[-2.689893,9.025098],[-2.746924,9.045117],[-2.674219,9.282617],[-2.780518,9.74585],[-2.766504,10.238184],[-2.820312,10.322852],[-2.791162,10.432422],[-2.914893,10.592334],[-2.829932,10.998389],[-1.04248,11.010059],[-0.701416,10.988965],[-0.627148,10.927393],[-0.430322,11.093262],[-0.345752,11.087939],[-0.299463,11.166895],[-0.068604,11.115625]]]}},{"type":"Feature","properties":{"sigla":"GMB","nome":"Gâmbia"},"geometry":{"type":"Polygon","coordinates":[[[-16.562305,13.587305],[-15.509668,13.58623],[-15.426855,13.727002],[-15.10835,13.812109],[-14.935791,13.785205],[-14.405469,13.503711],[-13.977393,13.543457],[-13.852832,13.478564],[-13.826709,13.407812],[-13.84751,13.335303],[-14.246777,13.23584],[-14.438574,13.268896],[-15.151123,13.556494],[-15.28623,13.395996],[-15.814404,13.325146],[-15.834277,13.156445],[-16.648779,13.15415],[-16.76333,13.06416],[-16.824805,13.341064],[-16.669336,13.475],[-16.556445,13.303223],[-16.413379,13.269727],[-16.185059,13.282715],[-16.158398,13.384033],[-15.42749,13.468359],[-15.569531,13.499854],[-16.135449,13.448242],[-16.351807,13.343359],[-16.440527,13.353174],[-16.530078,13.457959],[-16.562305,13.587305]]]}},{"type":"Feature","properties":{"sigla":"GAB","nome":"Gabão"},"geometry":{"type":"Polygon","coordinates":[[[13.293555,2.161572],[13.172168,1.788574],[13.162695,1.648096],[13.247363,1.366699],[13.190137,1.279248],[13.216309,1.248437],[13.851367,1.41875],[14.180859,1.370215],[14.429883,0.901465],[14.434473,0.811475],[14.324219,0.624219],[14.230957,0.551123],[14.0875,0.536572],[13.949609,0.353809],[13.88457,0.19082],[13.860059,-0.20332],[14.069434,-0.270117],[14.206738,-0.427344],[14.36377,-0.468555],[14.474121,-0.573438],[14.410645,-0.97207],[14.455566,-1.413184],[14.383984,-1.890039],[14.251465,-2.001465],[14.162891,-2.217578],[14.199805,-2.354199],[14.087402,-2.466895],[13.993848,-2.490625],[13.886914,-2.46543],[13.878516,-2.330176],[13.733789,-2.138477],[13.464941,-2.39541],[12.991992,-2.313379],[12.793555,-1.931836],[12.59043,-1.826855],[12.432129,-1.928906],[12.478516,-2.112012],[12.446387,-2.32998],[12.064453,-2.412598],[11.950293,-2.344824],[11.726758,-2.394727],[11.605469,-2.342578],[11.594531,-2.670996],[11.537793,-2.836719],[11.639063,-2.855371],[11.760156,-2.983105],[11.689063,-3.126953],[11.71543,-3.176953],[11.93418,-3.318555],[11.83291,-3.531445],[11.879883,-3.665918],[11.685742,-3.682031],[11.504297,-3.520313],[11.234473,-3.69082],[11.130176,-3.916309],[10.947266,-3.662109],[10.640723,-3.398047],[10.347656,-3.013086],[9.72207,-2.467578],[10.001953,-2.588379],[10.062012,-2.549902],[9.624609,-2.36709],[9.533203,-2.163867],[9.298926,-1.903027],[9.482813,-1.962305],[9.483203,-1.894629],[9.265625,-1.825098],[9.258398,-1.72627],[9.036328,-1.308887],[9.318848,-1.632031],[9.52334,-1.59834],[9.501074,-1.555176],[9.44834,-1.508887],[9.295801,-1.515234],[9.34668,-1.325],[9.203809,-1.382422],[9.064648,-1.29834],[8.703125,-0.591016],[8.821387,-0.708398],[8.946387,-0.68877],[9.136523,-0.57334],[9.29668,-0.35127],[9.339063,-0.058252],[9.301855,0.288525],[9.354883,0.343604],[9.468164,0.159766],[9.796777,0.044238],[9.812695,0.125586],[10.001465,0.194971],[9.77666,0.19248],[9.546484,0.295947],[9.324805,0.5521],[9.32998,0.61084],[9.495313,0.664844],[9.617969,0.576514],[9.59082,1.031982],[9.760547,1.074707],[9.803906,0.99873],[9.906738,0.960107],[10.028516,1.004004],[11.335352,0.999707],[11.348438,2.299707],[13.220313,2.256445],[13.293555,2.161572]]]}},{"type":"Feature","properties":{"sigla":"ETH","nome":"Etiópia"},"geometry":{"type":"Polygon","coordinates":[[[35.268359,5.492285],[35.081934,5.673145],[34.983594,5.858301],[34.958984,6.045068],[34.710645,6.660303],[34.484375,6.898389],[34.279297,7.002832],[34.064258,7.225732],[34.02041,7.367969],[33.902441,7.509521],[33.666113,7.670996],[33.080762,7.82373],[33.014648,7.868555],[33.012598,7.951514],[33.281055,8.437256],[33.95332,8.443506],[34.094531,8.582227],[34.079297,9.513477],[34.159082,9.853418],[34.31123,10.190869],[34.275684,10.528125],[34.431445,10.787842],[34.571875,10.880176],[34.771289,10.746191],[34.931445,10.864795],[34.960742,11.276758],[35.112305,11.816553],[35.252441,11.957031],[35.670215,12.62373],[36.10752,12.726465],[36.160156,13.093311],[36.390625,13.626074],[36.524316,14.256836],[36.811914,14.315039],[37.024512,14.271973],[37.132617,14.406055],[37.257227,14.45376],[37.507227,14.156396],[37.571191,14.149072],[37.88418,14.852295],[38.002539,14.737109],[38.221484,14.649658],[38.431445,14.428613],[38.812012,14.482324],[39.074219,14.628223],[39.198047,14.479395],[39.531836,14.536719],[39.895117,14.440674],[40.140625,14.456055],[40.524414,14.225195],[40.820117,14.11167],[41.362891,13.499805],[41.765039,13.183936],[41.952148,12.882324],[42.134277,12.771436],[42.378516,12.466406],[41.792676,11.686035],[41.764648,11.412891],[41.798242,10.980469],[41.957422,10.941016],[42.557715,11.080762],[42.922754,10.999316],[42.656445,10.6],[42.841602,10.203076],[43.068945,9.926221],[43.181641,9.87998],[43.303125,9.609082],[43.48252,9.379492],[43.620508,9.337402],[43.983789,9.008838],[46.978223,7.99707],[47.978223,7.99707],[46.422949,6.497266],[44.940527,4.912012],[43.988867,4.950537],[43.583496,4.85498],[43.125684,4.644482],[43.016016,4.56333],[42.856641,4.324219],[42.024121,4.137939],[41.883984,3.977734],[41.14043,3.962988],[40.765234,4.273047],[39.842188,3.851465],[39.65752,3.577832],[39.494434,3.456104],[38.086133,3.648828],[36.905566,4.411475],[36.021973,4.468115],[35.763086,4.808008],[35.800293,5.156934],[35.74502,5.343994],[35.468652,5.419092],[35.325293,5.364893],[35.264648,5.412061],[35.268359,5.492285]]]}},{"type":"Feature","properties":{"sigla":"ERI","nome":"Eritreia"},"geometry":{"type":"MultiPolygon","coordinates":[[[[36.524316,14.256836],[36.426758,15.13208],[36.521777,15.250146],[36.91377,16.296191],[36.887793,16.624658],[36.978711,16.800586],[37.008984,17.058887],[37.411035,17.061719],[37.547461,17.324121],[37.782422,17.458008],[38.253516,17.584766],[38.609473,18.005078],[38.911719,17.427148],[39.034473,17.085547],[39.298926,15.921094],[39.422266,15.78667],[39.506543,15.532129],[39.578809,15.52251],[39.63125,15.452539],[39.785547,15.124854],[39.819434,15.20127],[39.790332,15.318848],[39.86377,15.470312],[40.041016,15.334521],[40.084082,15.151953],[40.204102,15.014111],[40.546289,14.933594],[40.799316,14.743018],[41.176465,14.620312],[41.658203,13.983057],[42.245117,13.587646],[42.399316,13.212598],[42.522852,13.221484],[42.734473,13.018604],[42.796191,12.864258],[42.969531,12.80835],[42.999023,12.899512],[43.08291,12.824609],[43.116699,12.708594],[42.865918,12.622803],[42.703711,12.380322],[42.479395,12.513623],[42.378516,12.466406],[42.134277,12.771436],[41.952148,12.882324],[41.765039,13.183936],[41.362891,13.499805],[40.820117,14.11167],[40.524414,14.225195],[40.140625,14.456055],[39.895117,14.440674],[39.531836,14.536719],[39.198047,14.479395],[39.135449,14.581885],[39.023828,14.628223],[38.812012,14.482324],[38.431445,14.428613],[38.221484,14.649658],[38.002539,14.737109],[37.88418,14.852295],[37.571191,14.149072],[37.507227,14.156396],[37.257227,14.45376],[37.132617,14.406055],[37.024512,14.271973],[36.811914,14.315039],[36.524316,14.256836]]],[[[40.076465,16.082422],[40.110059,15.985742],[39.996094,16.042676],[40.048145,16.104492],[40.076465,16.082422]]],[[[40.141211,15.696143],[40.18252,15.64292],[40.250098,15.703467],[40.408203,15.629199],[40.399023,15.579883],[39.975195,15.612451],[39.947461,15.696143],[40.070508,15.676611],[39.939941,15.744531],[40.000488,15.828271],[39.956738,15.889404],[40.096777,15.838477],[40.141211,15.696143]]]]}},{"type":"Feature","properties":{"sigla":"GNQ","nome":"Guiné Equatorial"},"geometry":{"type":"MultiPolygon","coordinates":[[[[8.735742,3.758301],[8.910059,3.758203],[8.946094,3.627539],[8.704004,3.223633],[8.474902,3.264648],[8.434277,3.332422],[8.464648,3.450586],[8.577246,3.482373],[8.675879,3.735937],[8.735742,3.758301]]],[[[11.328711,2.167432],[11.335352,0.999707],[10.028516,1.004004],[9.906738,0.960107],[9.803906,0.99873],[9.760547,1.074707],[9.59082,1.031982],[9.509863,1.114795],[9.385938,1.139258],[9.494238,1.435303],[9.632129,1.565527],[9.807031,1.92749],[9.800781,2.304443],[9.870117,2.213281],[9.979883,2.167773],[11.328711,2.167432]]]]}},{"type":"Feature","properties":{"sigla":"EGY","nome":"Egito"},"geometry":{"type":"Polygon","coordinates":[[[36.871387,21.996729],[31.434473,21.99585],[31.486133,22.147803],[31.400293,22.202441],[31.260645,22.002295],[31.20918,21.994873],[24.980273,21.99585],[24.980273,29.181885],[24.703223,30.201074],[24.877539,30.45752],[24.961426,30.678516],[24.852734,31.334814],[25.150488,31.65498],[25.225488,31.533789],[25.382227,31.512793],[25.893262,31.620898],[27.248047,31.377881],[27.540039,31.212695],[27.82998,31.19502],[27.967578,31.097412],[28.514844,31.050439],[29.07207,30.830273],[29.428516,30.927441],[29.929785,31.22749],[30.222656,31.258398],[30.395117,31.457617],[30.923535,31.566846],[30.562988,31.416992],[31.001758,31.462793],[31.08291,31.60332],[31.524414,31.458252],[31.888965,31.541406],[32.136035,31.341064],[31.892188,31.482471],[31.771094,31.292578],[32.008496,31.220508],[32.101758,31.092822],[32.206543,31.119043],[32.281836,31.200879],[32.216211,31.29375],[32.60332,31.06875],[33.129883,31.168164],[33.194336,31.084521],[33.666504,31.13042],[33.902539,31.180957],[34.198145,31.322607],[34.904297,29.477344],[34.736426,29.270605],[34.617188,28.75791],[34.446484,28.357324],[34.399707,28.016016],[34.220117,27.764307],[34.045117,27.828857],[33.760254,28.047656],[33.247754,28.567725],[33.130176,28.978271],[32.721484,29.521777],[32.565723,29.973975],[32.473047,29.925439],[32.489453,29.851514],[32.359766,29.630664],[32.599023,29.321924],[32.631836,28.992236],[32.898242,28.565234],[33.202148,28.208301],[33.54707,27.898145],[33.549805,27.607373],[33.697266,27.341113],[33.849316,27.184912],[33.959082,26.649023],[34.565137,25.691162],[35.194141,24.475146],[35.477832,24.154785],[35.783887,23.937793],[35.54082,23.920654],[35.504395,23.779297],[35.522754,23.442529],[35.697852,22.946191],[35.913379,22.739648],[36.229688,22.628809],[36.414551,22.394189],[36.829688,22.097656],[36.871387,21.996729]]]}},{"type":"Feature","properties":{"sigla":"DJI","nome":"Djibouti"},"geometry":{"type":"Polygon","coordinates":[[[43.245996,11.499805],[42.922754,10.999316],[42.557715,11.080762],[41.957422,10.941016],[41.798242,10.980469],[41.764648,11.412891],[41.792676,11.686035],[42.45,12.521338],[42.703711,12.380322],[42.865918,12.622803],[43.116699,12.708594],[43.353516,12.367041],[43.409766,12.189941],[43.380273,12.09126],[43.048047,11.829053],[42.799023,11.739404],[42.640039,11.560107],[42.521777,11.572168],[42.583789,11.496777],[43.042773,11.588477],[43.245996,11.499805]]]}},{"type":"Feature","properties":{"sigla":"CIV","nome":"Costa do Marfim"},"geometry":{"type":"MultiPolygon","coordinates":[[[[-3.086719,5.12832],[-3.114014,5.088672],[-3.246387,5.114062],[-3.214893,5.147217],[-3.086719,5.12832]]],[[[-7.990625,10.1625],[-7.814209,10.236572],[-7.661133,10.427441],[-7.497949,10.439795],[-7.385059,10.340137],[-7.363184,10.259375],[-7.01709,10.143262],[-6.968164,10.176221],[-6.991748,10.251855],[-6.950342,10.342334],[-6.693262,10.349463],[-6.65415,10.656445],[-6.423926,10.559131],[-6.425879,10.671777],[-6.261133,10.724072],[-6.190674,10.400293],[-6.238379,10.261621],[-6.117188,10.201904],[-6.03457,10.194824],[-5.843848,10.389551],[-5.556592,10.439941],[-5.382275,10.314014],[-5.262305,10.319678],[-5.099854,10.241602],[-4.969922,9.930078],[-4.62583,9.713574],[-4.526611,9.723486],[-4.332227,9.645703],[-4.267187,9.743262],[-3.790625,9.917187],[-3.223535,9.895459],[-2.988281,9.687354],[-2.816748,9.42583],[-2.69585,9.481348],[-2.674219,9.282617],[-2.746924,9.045117],[-2.689893,9.025098],[-2.600391,8.800439],[-2.505859,8.20874],[-2.611719,8.147559],[-2.613379,8.04668],[-2.789746,7.931934],[-2.959082,7.454541],[-2.985791,7.204883],[-3.235791,6.807227],[-3.243896,6.648682],[-3.200586,6.348242],[-2.998291,5.711328],[-2.962256,5.643018],[-2.793652,5.600098],[-2.75498,5.43252],[-2.815674,5.153027],[-2.94834,5.118848],[-3.168701,5.203027],[-3.151416,5.348291],[-3.199951,5.354492],[-3.347559,5.130664],[-3.870605,5.220703],[-3.98418,5.293164],[-4.120166,5.309717],[-4.552832,5.279883],[-4.608887,5.235889],[-4.115186,5.261621],[-4.037207,5.230127],[-4.899707,5.13833],[-5.023682,5.203613],[-5.282373,5.210254],[-5.367529,5.150781],[-5.061816,5.130664],[-5.91377,5.010937],[-6.845166,4.671484],[-7.544971,4.351318],[-7.591211,4.821533],[-7.568896,5.080664],[-7.509766,5.108496],[-7.429834,5.324512],[-7.399902,5.550586],[-7.454395,5.841309],[-7.796533,5.975098],[-7.888623,6.234863],[-7.981592,6.286133],[-8.287109,6.319043],[-8.449902,6.4625],[-8.603564,6.507812],[-8.332568,6.801562],[-8.302344,6.980957],[-8.437158,7.516406],[-8.486426,7.558496],[-8.42998,7.601855],[-8.231885,7.556738],[-8.009863,8.078516],[-8.048584,8.169727],[-8.256104,8.253711],[-8.236963,8.455664],[-8.049121,8.495312],[-7.823584,8.467676],[-7.738965,8.375244],[-7.681201,8.410352],[-7.71958,8.643018],[-7.784033,8.720605],[-7.950977,8.786816],[-7.938184,8.979785],[-7.777979,9.080859],[-7.918066,9.188525],[-7.896191,9.415869],[-8.031006,9.397656],[-8.136963,9.495703],[-8.155176,9.973193],[-7.990625,10.1625]]]]}},{"type":"Feature","properties":{"sigla":"COD","nome":"República Democrática do Congo"},"geometry":{"type":"Polygon","coordinates":[[[30.751172,-8.193652],[28.898145,-8.485449],[28.934473,-8.590234],[28.869531,-8.78584],[28.68125,-9.014648],[28.400684,-9.224805],[28.630078,-9.83125],[28.638867,-10.669238],[28.544238,-10.802344],[28.357227,-11.483008],[28.48252,-11.812109],[29.064355,-12.348828],[29.485547,-12.418457],[29.508203,-12.228223],[29.795117,-12.155469],[29.775195,-13.438086],[29.651758,-13.414355],[29.630273,-13.298535],[29.554199,-13.248926],[29.201855,-13.39834],[29.111621,-13.395117],[28.942285,-13.307129],[28.92168,-13.214648],[28.672949,-12.861328],[28.550879,-12.836133],[28.412891,-12.518066],[27.533398,-12.195312],[27.423633,-11.944531],[27.238086,-11.783496],[27.15918,-11.579199],[27.046094,-11.615918],[26.949609,-11.898828],[26.824023,-11.965234],[26.025977,-11.890137],[25.618848,-11.744141],[25.511914,-11.753418],[25.349414,-11.623047],[25.282617,-11.40498],[25.319336,-11.236914],[25.28877,-11.212402],[24.668262,-11.35293],[24.518555,-11.438477],[24.37793,-11.41709],[24.335156,-11.371289],[24.396289,-11.255176],[24.365723,-11.129883],[24.319922,-11.071777],[24.136523,-11.025977],[24.078418,-10.891504],[23.966504,-10.871777],[23.833887,-11.013672],[23.463965,-10.969336],[23.07627,-11.087891],[22.561035,-11.055859],[22.278809,-11.194141],[22.17793,-10.892285],[22.307031,-10.691309],[22.274512,-10.259082],[22.197754,-10.040625],[21.856641,-9.594238],[21.813184,-9.46875],[21.905371,-8.693359],[21.895898,-8.341113],[21.800879,-8.111914],[21.780078,-7.86543],[21.841602,-7.420996],[21.781641,-7.314648],[20.607813,-7.277734],[20.53584,-7.182813],[20.590039,-6.919922],[19.875195,-6.986328],[19.660352,-7.037109],[19.527637,-7.144434],[19.479883,-7.472168],[19.37168,-7.655078],[19.34082,-7.966602],[18.944434,-8.001465],[18.562695,-7.935938],[18.008789,-8.107617],[17.913086,-8.067676],[17.57959,-8.099023],[16.984766,-7.257422],[16.919434,-6.933984],[16.742969,-6.618457],[16.697266,-6.164258],[16.431445,-5.900195],[16.315234,-5.865625],[13.302637,-5.881836],[13.00332,-5.836133],[12.514551,-6.004199],[12.411719,-5.986328],[12.213672,-5.758691],[12.503711,-5.695801],[12.522363,-5.148926],[12.451465,-5.071484],[12.829688,-4.736621],[13.136621,-4.604297],[13.414941,-4.837402],[13.65957,-4.721484],[13.71709,-4.454492],[13.940918,-4.484668],[14.358301,-4.299414],[14.449805,-4.449512],[14.36543,-4.585547],[14.410742,-4.83125],[14.70791,-4.881738],[15.267188,-4.307617],[15.394629,-4.244922],[15.600098,-4.030957],[15.872461,-3.934277],[15.990039,-3.766211],[16.146777,-3.46416],[16.217383,-3.030273],[16.215332,-2.177832],[16.540723,-1.840137],[16.879883,-1.225879],[17.278809,-0.999609],[17.752832,-0.549023],[17.724121,-0.277539],[17.887695,0.234131],[17.925195,0.537305],[17.902441,1.118066],[18.057813,1.534863],[18.072168,2.013281],[18.622168,3.304053],[18.59668,3.678711],[18.633691,3.954297],[18.56748,4.257568],[18.594141,4.34624],[18.699902,4.382617],[18.831738,4.523438],[19.068555,4.891406],[19.323438,5.070752],[19.500977,5.12749],[19.686035,5.121387],[20.226367,4.829639],[20.558105,4.462695],[20.955762,4.413135],[21.125586,4.332178],[21.537598,4.244824],[21.687012,4.281396],[22.422168,4.134961],[22.505664,4.207666],[22.711719,4.591748],[22.864551,4.723877],[23.115918,4.736914],[23.417188,4.663135],[24.319824,4.994141],[24.437109,5.009961],[24.765527,4.930078],[25.065234,4.967432],[25.249316,5.024561],[25.400195,5.255908],[25.525098,5.312109],[26.82207,5.062402],[27.114941,5.197852],[27.40332,5.10918],[27.491016,4.967578],[27.66416,4.845996],[27.788086,4.644678],[28.19209,4.350244],[28.427539,4.32417],[28.727051,4.50498],[29.224902,4.391895],[29.469629,4.611816],[29.552051,4.636035],[29.676855,4.586914],[30.194922,3.981934],[30.508301,3.835693],[30.586719,3.624219],[30.757227,3.624219],[30.895313,3.463672],[30.754004,3.041797],[30.850781,2.893652],[30.728613,2.455371],[30.830078,2.400439],[30.961914,2.403271],[31.082129,2.288086],[31.176367,2.270068],[31.274023,2.146289],[31.252734,2.04458],[30.942578,1.682812],[30.477832,1.238818],[30.321094,1.185303],[30.18291,0.973486],[29.942871,0.819238],[29.934473,0.499023],[29.717676,0.09834],[29.561914,-0.977344],[29.576953,-1.387891],[29.35166,-1.517578],[29.196582,-1.719922],[29.129395,-1.860254],[29.131543,-2.195117],[28.857617,-2.44668],[28.921777,-2.682031],[29.014355,-2.720215],[29.016602,-2.799609],[29.224414,-3.053516],[29.211816,-3.833789],[29.331348,-4.09541],[29.403223,-4.449316],[29.323438,-4.898828],[29.607031,-5.722656],[29.480078,-6.025],[29.54082,-6.313867],[29.709668,-6.616895],[30.212695,-7.037891],[30.751172,-8.193652]]]}},{"type":"Feature","properties":{"sigla":"COG","nome":"República do Congo"},"geometry":{"type":"Polygon","coordinates":[[[11.130176,-3.916309],[11.234473,-3.69082],[11.504297,-3.520313],[11.685742,-3.682031],[11.879883,-3.665918],[11.83291,-3.531445],[11.93418,-3.318555],[11.71543,-3.176953],[11.689063,-3.126953],[11.760156,-2.983105],[11.639063,-2.855371],[11.537793,-2.836719],[11.594531,-2.670996],[11.605469,-2.342578],[11.726758,-2.394727],[11.950293,-2.344824],[12.064453,-2.412598],[12.446387,-2.32998],[12.478516,-2.112012],[12.432129,-1.928906],[12.59043,-1.826855],[12.793555,-1.931836],[12.991992,-2.313379],[13.464941,-2.39541],[13.733789,-2.138477],[13.878516,-2.330176],[13.886914,-2.46543],[13.993848,-2.490625],[14.087402,-2.466895],[14.199805,-2.354199],[14.162891,-2.217578],[14.251465,-2.001465],[14.383984,-1.890039],[14.455566,-1.413184],[14.410645,-0.97207],[14.474121,-0.573438],[14.36377,-0.468555],[14.206738,-0.427344],[14.069434,-0.270117],[13.860059,-0.20332],[13.88457,0.19082],[13.949609,0.353809],[14.0875,0.536572],[14.230957,0.551123],[14.324219,0.624219],[14.434473,0.811475],[14.429883,0.901465],[14.180859,1.370215],[13.851367,1.41875],[13.216309,1.248437],[13.190137,1.279248],[13.247363,1.366699],[13.162695,1.648096],[13.172168,1.788574],[13.293555,2.161572],[14.484082,2.154736],[14.578906,2.199121],[14.762891,2.075195],[14.875,2.080469],[14.902441,2.012305],[15.160059,2.035596],[15.33877,1.944727],[15.741602,1.91499],[16.059375,1.676221],[16.136133,1.724219],[16.080078,2.106787],[16.176563,2.204785],[16.468555,2.831738],[16.476758,3.165137],[16.610742,3.505371],[17.224707,3.598437],[17.437988,3.684619],[17.880371,3.553857],[18.111328,3.551074],[18.160938,3.499805],[18.318164,3.580811],[18.499805,3.604102],[18.610352,3.478418],[18.622168,3.304053],[18.072168,2.013281],[18.057813,1.534863],[17.902441,1.118066],[17.925195,0.537305],[17.887695,0.234131],[17.724121,-0.277539],[17.752832,-0.549023],[17.278809,-0.999609],[16.879883,-1.225879],[16.540723,-1.840137],[16.215332,-2.177832],[16.217383,-3.030273],[16.146777,-3.46416],[15.872461,-3.934277],[15.525977,-4.087988],[14.70791,-4.881738],[14.410742,-4.83125],[14.36543,-4.585547],[14.449805,-4.449512],[14.358301,-4.299414],[13.940918,-4.484668],[13.71709,-4.454492],[13.65957,-4.721484],[13.414941,-4.837402],[13.136621,-4.604297],[13.072754,-4.634766],[12.881055,-4.445117],[12.798242,-4.430566],[12.38457,-4.619141],[12.30791,-4.765527],[12.204297,-4.778613],[12.018359,-5.004297],[11.820703,-4.755469],[11.777539,-4.56582],[11.130176,-3.916309]]]}},{"type":"Feature","properties":{"sigla":"COM","nome":"Comores"},"geometry":{"type":"MultiPolygon","coordinates":[[[[44.476367,-12.081543],[44.526758,-12.219531],[44.50498,-12.356543],[44.220117,-12.171387],[44.379102,-12.165625],[44.412598,-12.092969],[44.476367,-12.081543]]],[[[43.788672,-12.307031],[43.858984,-12.368262],[43.663672,-12.342871],[43.631348,-12.24707],[43.788672,-12.307031]]],[[[43.46582,-11.90127],[43.30332,-11.844043],[43.22666,-11.751855],[43.256055,-11.432129],[43.299023,-11.374512],[43.392969,-11.408594],[43.379395,-11.61416],[43.491504,-11.862109],[43.46582,-11.90127]]]]}},{"type":"Feature","properties":{"sigla":"TCD","nome":"Chade"},"geometry":{"type":"Polygon","coordinates":[[[23.980273,19.496631],[23.970801,15.721533],[23.604004,15.745996],[23.105176,15.702539],[22.933887,15.533105],[22.969531,15.311328],[22.932324,15.162109],[22.763281,14.998682],[22.679199,14.851465],[22.670898,14.722461],[22.381543,14.550488],[22.449316,14.284229],[22.538574,14.161865],[22.173145,13.910596],[22.106445,13.799805],[22.228125,13.32959],[22.158008,13.215039],[21.990234,13.113086],[21.825293,12.790527],[21.928125,12.678125],[22.233398,12.709473],[22.352344,12.660449],[22.414453,12.546387],[22.390234,12.462988],[22.472461,12.067773],[22.580957,11.990137],[22.556348,11.669531],[22.591113,11.579883],[22.922656,11.344873],[22.937695,11.192041],[22.860059,10.919678],[22.493848,10.99624],[22.15625,10.826074],[22.043164,10.822705],[21.771484,10.642822],[21.706543,10.574805],[21.725781,10.366553],[21.682715,10.289844],[21.528027,10.207812],[21.395996,10.001367],[21.263867,9.974609],[20.773242,9.405664],[20.34209,9.1271],[20.072656,9.133203],[19.668359,9.020898],[19.145508,9.015967],[18.95625,8.938867],[18.886035,8.836035],[19.108691,8.656152],[18.56416,8.045898],[17.649414,7.983594],[16.784766,7.550977],[16.588965,7.743359],[16.545313,7.865479],[16.404395,7.772363],[16.378906,7.683545],[16.030664,7.572119],[15.957617,7.507568],[15.84502,7.475293],[15.480078,7.523779],[15.552637,7.664502],[15.549805,7.787891],[15.442969,7.851855],[15.116211,8.557324],[14.332324,9.203516],[14.00498,9.588721],[13.977246,9.691553],[14.243262,9.979736],[14.83584,9.941699],[15.132715,9.982861],[15.540918,9.960303],[15.654883,10.007812],[15.276074,10.357373],[15.132227,10.648486],[15.029883,11.113672],[15.121973,11.54126],[15.078027,11.642578],[15.08125,11.845508],[14.880664,12.269385],[14.84707,12.5021],[14.76123,12.655615],[14.544727,12.820215],[14.516211,12.979736],[14.461719,13.021777],[14.063965,13.078516],[13.606348,13.70459],[13.448242,14.380664],[14.367969,15.750146],[15.474316,16.908398],[15.735059,19.904053],[15.963184,20.346191],[15.587109,20.733301],[15.540332,20.874902],[15.607324,20.954395],[15.181836,21.523389],[15.172266,21.92207],[14.979004,22.996191],[15.984082,23.445215],[23.980273,19.496631]]]}},{"type":"Feature","properties":{"sigla":"CAF","nome":"República Centro-Africana"},"geometry":{"type":"Polygon","coordinates":[[[24.147363,8.665625],[24.220898,8.608252],[24.17998,8.461133],[24.208398,8.369141],[24.291406,8.291406],[24.85332,8.137549],[25.200391,7.80791],[25.247363,7.724561],[25.181348,7.557227],[25.278906,7.42749],[25.888965,7.064941],[26.361816,6.635303],[26.308594,6.455322],[26.514258,6.069238],[26.726367,5.998242],[27.143945,5.722949],[27.229102,5.5625],[27.256738,5.289648],[27.40332,5.10918],[27.071875,5.199756],[26.82207,5.062402],[25.525098,5.312109],[25.400195,5.255908],[25.249316,5.024561],[25.065234,4.967432],[24.765527,4.930078],[24.437109,5.009961],[24.319824,4.994141],[23.417188,4.663135],[23.115918,4.736914],[22.864551,4.723877],[22.711719,4.591748],[22.505664,4.207666],[22.422168,4.134961],[21.687012,4.281396],[21.537598,4.244824],[21.125586,4.332178],[20.955762,4.413135],[20.558105,4.462695],[20.226367,4.829639],[19.806543,5.089307],[19.500977,5.12749],[19.323438,5.070752],[19.068555,4.891406],[18.831738,4.523438],[18.699902,4.382617],[18.594141,4.34624],[18.56748,4.257568],[18.633691,3.954297],[18.610352,3.478418],[18.474414,3.622998],[18.160938,3.499805],[18.111328,3.551074],[17.880371,3.553857],[17.491602,3.687305],[17.224707,3.598437],[16.610742,3.505371],[16.476758,3.165137],[16.468555,2.831738],[16.183398,2.270068],[16.106738,2.473486],[16.063477,2.908594],[15.904883,3.09585],[15.775,3.127197],[15.128711,3.826904],[15.034863,4.016357],[15.13584,4.036914],[15.063574,4.284863],[14.73125,4.602393],[14.640625,5.179053],[14.562988,5.279932],[14.616895,5.495508],[14.616895,5.865137],[14.503125,5.916895],[14.440723,6.086719],[14.739258,6.279785],[14.861914,6.555713],[15.03457,6.784424],[15.206738,7.206152],[15.379102,7.358154],[15.480078,7.523779],[15.84502,7.475293],[15.957617,7.507568],[16.030664,7.572119],[16.378906,7.683545],[16.404395,7.772363],[16.545313,7.865479],[16.588965,7.743359],[16.784766,7.550977],[17.649414,7.983594],[18.56416,8.045898],[19.108691,8.656152],[18.886035,8.836035],[18.888281,8.889746],[19.145508,9.015967],[19.668359,9.020898],[20.072656,9.133203],[20.34209,9.1271],[20.631445,9.301367],[20.891016,9.527148],[21.263867,9.974609],[21.395996,10.001367],[21.528027,10.207812],[21.682715,10.289844],[21.725781,10.366553],[21.706543,10.574805],[22.043164,10.822705],[22.15625,10.826074],[22.493848,10.99624],[22.860059,10.919678],[23.312305,10.387939],[23.646289,9.8229],[23.622656,9.340625],[23.468262,9.114746],[23.489063,8.993311],[23.551855,8.943213],[23.537305,8.81582],[23.679297,8.732471],[24.147363,8.665625]]]}},{"type":"Feature","properties":{"sigla":"CPV","nome":"Cabo Verde"},"geometry":{"type":"MultiPolygon","coordinates":[[[[-25.169824,16.946484],[-25.308301,16.93584],[-25.337109,17.091016],[-25.113477,17.193652],[-25.034668,17.176465],[-24.979687,17.094727],[-25.169824,16.946484]]],[[[-23.444238,15.007959],[-23.504687,14.916113],[-23.705371,14.961328],[-23.78501,15.076904],[-23.748096,15.328516],[-23.444238,15.007959]]],[[[-24.887061,16.818115],[-25.019971,16.797217],[-25.093066,16.83252],[-24.936475,16.922119],[-24.887061,16.818115]]],[[[-22.917725,16.237256],[-22.749414,16.221533],[-22.692627,16.169043],[-22.710107,16.043359],[-22.820508,15.986035],[-22.959277,16.045117],[-22.917725,16.237256]]],[[[-24.308252,14.856299],[-24.440527,14.834814],[-24.51709,14.93125],[-24.496875,14.980273],[-24.391992,15.038281],[-24.329492,15.019482],[-24.308252,14.856299]]],[[[-24.087695,16.62251],[-24.032715,16.572021],[-24.243066,16.599414],[-24.322363,16.493115],[-24.398096,16.618408],[-24.376709,16.677783],[-24.087695,16.62251]]],[[[-22.88833,16.659082],[-22.920264,16.60791],[-22.980615,16.700879],[-22.990918,16.808838],[-22.93291,16.841016],[-22.88833,16.659082]]],[[[-23.182129,15.136768],[-23.251807,15.178125],[-23.210254,15.323535],[-23.137744,15.317725],[-23.119336,15.268408],[-23.115869,15.16665],[-23.182129,15.136768]]]]}},{"type":"Feature","properties":{"sigla":"CMR","nome":"Camarões"},"geometry":{"type":"Polygon","coordinates":[[[8.555859,4.755225],[8.800977,5.197461],[8.997168,5.917725],[9.37334,6.319629],[9.659961,6.531982],[9.779883,6.760156],[10.143555,6.996436],[10.205469,6.891602],[10.482324,6.89126],[10.60625,7.063086],[11.008691,6.739111],[11.106445,6.457715],[11.237305,6.450537],[11.477539,6.597412],[11.55166,6.697266],[11.580078,6.888867],[11.861426,7.116406],[11.767383,7.272266],[12.016016,7.589746],[12.025195,7.727783],[12.155957,7.94248],[12.233398,8.282324],[12.403516,8.595557],[12.582715,8.624121],[12.782227,8.817871],[12.929492,9.42627],[13.19873,9.56377],[13.269922,10.036182],[13.414551,10.171436],[13.535352,10.605078],[13.699902,10.873145],[13.981445,11.211865],[14.202344,11.268164],[14.559766,11.492285],[14.619727,12.150977],[14.518945,12.298242],[14.197461,12.383789],[14.063965,13.078516],[14.461719,13.021777],[14.516211,12.979736],[14.544727,12.820215],[14.76123,12.655615],[14.84707,12.5021],[14.880664,12.269385],[15.08125,11.845508],[15.078027,11.642578],[15.121973,11.54126],[15.029883,11.113672],[15.132227,10.648486],[15.276074,10.357373],[15.654883,10.007812],[15.540918,9.960303],[15.132715,9.982861],[14.83584,9.941699],[14.243262,9.979736],[13.977246,9.691553],[14.00498,9.588721],[14.332324,9.203516],[15.116211,8.557324],[15.442969,7.851855],[15.557813,7.738037],[15.532422,7.604395],[15.379102,7.358154],[15.206738,7.206152],[15.03457,6.784424],[14.861914,6.555713],[14.764063,6.316357],[14.512109,6.161914],[14.431152,6.038721],[14.503125,5.916895],[14.616895,5.865137],[14.616895,5.495508],[14.562988,5.279932],[14.640625,5.179053],[14.708984,4.665576],[15.063574,4.284863],[15.136914,4.069141],[15.034863,4.016357],[15.062109,3.947217],[15.775,3.127197],[15.904883,3.09585],[16.063477,2.908594],[16.106738,2.473486],[16.183398,2.270068],[16.069629,2.02168],[16.136133,1.724219],[16.059375,1.676221],[15.741602,1.91499],[15.600293,1.950391],[15.33877,1.944727],[15.160059,2.035596],[14.902441,2.012305],[14.875,2.080469],[14.762891,2.075195],[14.578906,2.199121],[14.484082,2.154736],[13.293555,2.161572],[13.220313,2.256445],[11.558984,2.302197],[11.348438,2.299707],[11.328711,2.167432],[9.979883,2.167773],[9.870117,2.213281],[9.800781,2.304443],[9.885449,2.916553],[9.948438,3.079053],[9.915039,3.239648],[9.67207,3.537598],[9.765723,3.623828],[9.642383,3.611768],[9.556152,3.798047],[9.628125,3.87002],[9.739648,3.85293],[9.639941,3.965332],[9.688867,4.056396],[9.550586,4.028418],[9.483691,4.066113],[9.500781,4.000732],[9.425293,3.922314],[9.000098,4.091602],[8.913574,4.357812],[8.918262,4.55376],[8.761914,4.580029],[8.660352,4.670996],[8.689648,4.550244],[8.574414,4.526221],[8.532813,4.605859],[8.555859,4.755225]]]}},{"type":"Feature","properties":{"sigla":"BDI","nome":"Burundi"},"geometry":{"type":"Polygon","coordinates":[[[30.553613,-2.400098],[30.424219,-2.641602],[30.47334,-2.694336],[30.433496,-2.874512],[30.780273,-2.984863],[30.790234,-3.274609],[30.626074,-3.347363],[30.631934,-3.418652],[30.425,-3.588867],[30.147168,-4.085352],[29.947266,-4.307324],[29.717773,-4.455859],[29.403223,-4.449316],[29.331348,-4.09541],[29.211816,-3.833789],[29.224414,-3.053516],[29.016602,-2.799609],[29.063184,-2.602539],[29.29707,-2.673047],[29.390234,-2.808594],[29.698047,-2.794727],[29.868164,-2.716406],[29.930176,-2.339551],[30.117285,-2.416602],[30.408496,-2.312988],[30.553613,-2.400098]]]}},{"type":"Feature","properties":{"sigla":"BFA","nome":"Burkina Faso"},"geometry":{"type":"Polygon","coordinates":[[[0.900488,10.993262],[0.492676,10.95498],[0.48418,10.991992],[-0.299463,11.166895],[-0.345752,11.087939],[-0.430322,11.093262],[-0.627148,10.927393],[-0.701416,10.988965],[-1.04248,11.010059],[-2.829932,10.998389],[-2.914893,10.592334],[-2.786621,10.401904],[-2.823437,10.362939],[-2.766504,10.238184],[-2.780518,9.74585],[-2.69585,9.481348],[-2.766602,9.424707],[-2.816748,9.42583],[-2.988281,9.687354],[-3.223535,9.895459],[-3.790625,9.917187],[-4.267187,9.743262],[-4.332227,9.645703],[-4.526611,9.723486],[-4.62583,9.713574],[-4.969922,9.930078],[-5.099854,10.241602],[-5.262305,10.319678],[-5.382275,10.314014],[-5.523535,10.426025],[-5.45708,10.771387],[-5.490479,11.042383],[-5.347412,11.130273],[-5.250244,11.375781],[-5.229395,11.522461],[-5.288135,11.82793],[-5.105908,11.967529],[-4.699316,12.076172],[-4.428711,12.337598],[-4.421924,12.581592],[-4.480615,12.672217],[-4.2271,12.793701],[-4.328711,13.119043],[-4.151025,13.306201],[-3.947314,13.402197],[-3.527637,13.182715],[-3.301758,13.280762],[-3.248633,13.65835],[-2.95083,13.648438],[-2.873926,13.950732],[-2.586719,14.227588],[-2.457227,14.274121],[-2.113232,14.168457],[-2.057129,14.194629],[-1.973047,14.456543],[-1.695068,14.508496],[-1.049561,14.819531],[-0.760449,15.047754],[-0.666455,15.069775],[-0.536523,15.077881],[-0.40542,15.0125],[-0.235889,15.059424],[0.21748,14.911475],[0.163867,14.497217],[0.38252,14.245801],[0.354883,14.139014],[0.429199,13.972119],[0.618164,13.703418],[0.897949,13.610937],[1.017871,13.467871],[1.201172,13.35752],[0.988477,13.364844],[0.987305,13.041895],[1.564941,12.6354],[1.789844,12.613281],[1.956152,12.707422],[2.073828,12.713965],[2.211523,12.538428],[2.221387,12.427246],[2.058398,12.357959],[2.38916,11.89707],[2.287207,11.69126],[1.980371,11.418408],[1.857617,11.443359],[1.6,11.400635],[1.561426,11.449121],[1.426758,11.447119],[1.317383,11.295264],[1.145801,11.251904],[1.08457,11.076367],[0.985059,11.079004],[0.900488,10.993262]]]}},{"type":"Feature","properties":{"sigla":"BWA","nome":"Botsuana"},"geometry":{"type":"Polygon","coordinates":[[[25.258789,-17.793555],[25.242285,-17.969043],[25.939355,-18.938672],[25.950684,-19.081738],[26.168066,-19.538281],[26.678223,-19.892773],[27.178223,-20.100977],[27.256738,-20.232031],[27.280762,-20.478711],[27.624609,-20.483594],[27.699609,-20.530664],[27.669434,-21.064258],[28.014063,-21.554199],[29.025586,-21.796875],[29.042383,-22.018359],[29.237207,-22.079492],[29.364844,-22.193945],[29.129883,-22.213281],[29.013477,-22.278418],[28.839844,-22.480859],[28.381738,-22.593359],[28.210156,-22.693652],[27.758301,-23.196777],[27.643848,-23.217676],[27.49873,-23.368359],[27.313379,-23.424219],[27.085547,-23.57793],[26.987012,-23.70459],[26.835059,-24.24082],[26.397168,-24.613574],[25.912109,-24.747461],[25.583789,-25.60625],[25.443652,-25.714453],[24.748145,-25.817383],[24.330566,-25.742871],[24.192969,-25.63291],[23.89375,-25.600879],[23.389258,-25.291406],[23.14873,-25.288672],[23.02207,-25.324121],[22.878809,-25.45791],[22.597656,-26.132715],[22.217578,-26.388867],[22.090918,-26.580176],[21.788281,-26.710059],[21.694727,-26.840918],[20.685059,-26.822461],[20.641406,-26.742188],[20.626758,-26.443848],[20.815039,-26.164941],[20.793164,-25.915625],[20.430664,-25.14707],[20.345215,-25.029883],[19.980469,-24.776758],[19.977344,-22.000195],[20.970996,-22.000195],[20.974121,-18.318848],[23.219336,-17.999707],[23.298633,-18.027344],[23.599707,-18.459961],[24.243945,-18.023438],[24.358984,-17.978223],[24.530566,-18.052734],[24.909082,-17.821387],[25.258789,-17.793555]]]}},{"type":"Feature","properties":{"sigla":"BEN","nome":"Benim"},"geometry":{"type":"Polygon","coordinates":[[[1.622656,6.216797],[1.610938,6.25083],[1.77793,6.294629],[1.743164,6.42627],[1.598535,6.610205],[1.582031,6.877002],[1.530957,6.992432],[1.624707,6.997314],[1.600195,9.050049],[1.385742,9.36167],[1.330078,9.996973],[0.77998,10.35957],[0.7875,10.710254],[0.900488,10.993262],[0.985059,11.079004],[1.08457,11.076367],[1.145801,11.251904],[1.317383,11.295264],[1.426758,11.447119],[1.561426,11.449121],[1.6,11.400635],[1.857617,11.443359],[1.980371,11.418408],[2.230859,11.62915],[2.363281,11.840088],[2.412695,11.999316],[2.366016,12.221924],[2.805273,12.383838],[2.878125,12.367725],[3.299121,11.927148],[3.449805,11.851953],[3.59541,11.696289],[3.490527,11.499219],[3.487793,11.39541],[3.716406,11.07959],[3.756836,10.76875],[3.834473,10.607422],[3.771777,10.417627],[3.646582,10.408984],[3.57793,10.29248],[3.645898,10.160156],[3.557227,9.907324],[3.354492,9.812793],[3.329492,9.667041],[3.136133,9.451611],[3.148047,9.320605],[3.044922,9.083838],[2.774805,9.048535],[2.686035,7.87373],[2.719336,7.61626],[2.785156,7.476855],[2.721387,6.980273],[2.774609,6.711719],[2.706445,6.369238],[1.622656,6.216797]]]}},{"type":"Feature","properties":{"sigla":"AGO","nome":"Angola"},"geometry":{"type":"MultiPolygon","coordinates":[[[[13.072754,-4.634766],[12.829688,-4.736621],[12.451465,-5.071484],[12.522363,-5.148926],[12.503711,-5.695801],[12.213672,-5.758691],[12.155469,-5.632715],[12.206543,-5.468262],[12.177148,-5.324805],[12.018359,-5.004297],[12.204297,-4.778613],[12.30791,-4.765527],[12.38457,-4.619141],[12.798242,-4.430566],[12.881055,-4.445117],[13.072754,-4.634766]]],[[[23.966504,-10.871777],[24.04668,-11.405371],[23.970996,-11.63584],[23.991309,-12.422168],[23.882422,-12.799023],[23.962988,-12.988477],[21.978906,-13.000977],[21.979785,-15.955566],[22.040234,-16.262793],[22.150684,-16.597168],[22.459473,-16.815137],[23.380664,-17.640625],[21.416895,-18.000684],[21.113477,-17.955762],[20.745508,-18.019727],[20.392969,-17.887402],[18.955273,-17.803516],[18.718066,-17.703223],[18.486621,-17.442773],[18.396387,-17.399414],[14.01748,-17.408887],[13.694336,-17.233496],[13.475977,-17.040039],[13.101172,-16.967676],[12.548145,-17.212695],[12.013965,-17.168555],[11.743066,-17.249219],[11.818945,-16.704102],[11.796973,-15.986426],[11.750879,-15.831934],[11.899902,-15.719824],[12.016113,-15.513672],[12.280469,-14.6375],[12.378906,-14.039062],[12.503711,-13.755469],[12.550488,-13.437793],[12.897656,-13.027734],[12.983203,-12.775684],[13.416992,-12.52041],[13.597949,-12.286133],[13.785352,-11.812793],[13.847461,-11.054395],[13.721387,-10.633594],[13.539453,-10.420703],[13.49541,-10.257129],[13.332227,-9.998926],[13.209375,-9.703223],[13.155664,-9.389648],[12.998535,-9.048047],[13.046777,-8.922266],[13.092773,-8.899707],[13.053809,-9.006836],[13.358984,-8.687207],[13.378516,-8.369727],[12.862305,-7.231836],[12.823438,-6.954785],[12.521289,-6.590332],[12.283301,-6.124316],[12.302539,-6.092578],[12.790625,-6.003906],[13.068164,-5.864844],[13.184375,-5.85625],[14.398633,-5.892676],[16.315234,-5.865625],[16.431445,-5.900195],[16.697266,-6.164258],[16.742969,-6.618457],[16.919434,-6.933984],[16.984766,-7.257422],[17.57959,-8.099023],[17.913086,-8.067676],[18.008789,-8.107617],[18.562695,-7.935938],[18.944434,-8.001465],[19.34082,-7.966602],[19.37168,-7.655078],[19.479883,-7.472168],[19.527637,-7.144434],[19.660352,-7.037109],[19.875195,-6.986328],[20.590039,-6.919922],[20.53584,-7.182813],[20.607813,-7.277734],[21.781641,-7.314648],[21.841602,-7.420996],[21.780078,-7.86543],[21.800879,-8.111914],[21.895898,-8.341113],[21.905371,-8.693359],[21.813184,-9.46875],[21.856641,-9.594238],[22.197754,-10.040625],[22.274512,-10.259082],[22.307031,-10.691309],[22.17793,-10.892285],[22.226172,-11.121973],[22.314941,-11.198633],[22.561035,-11.055859],[23.07627,-11.087891],[23.463965,-10.969336],[23.833887,-11.013672],[23.966504,-10.871777]]]]}},{"type":"Feature","properties":{"sigla":"DZA","nome":"Argélia"},"geometry":{"type":"Polygon","coordinates":[[[8.576563,36.937207],[8.60127,36.833936],[8.444238,36.760742],[8.369629,36.63252],[8.207617,36.518945],[8.34873,36.367969],[8.24707,35.801807],[8.318066,35.654932],[8.316406,35.403125],[8.394238,35.203857],[8.276855,34.979492],[8.245605,34.734082],[8.123438,34.563916],[7.838281,34.410303],[7.748535,34.254492],[7.513867,34.080518],[7.500195,33.832471],[7.731348,33.268506],[8.1125,33.055322],[8.210938,32.926709],[8.333398,32.543604],[9.044043,32.072363],[9.51875,30.229395],[9.310254,30.115234],[9.640137,29.636426],[9.805273,29.176953],[9.842578,28.966992],[9.815625,28.560205],[9.916016,27.785693],[9.747559,27.330859],[9.79541,27.044775],[9.894434,26.847949],[9.883203,26.630811],[9.859375,26.551953],[9.491406,26.33374],[9.422363,26.14707],[10.000684,25.33208],[10.028125,25.051025],[10.119531,24.790234],[10.255859,24.591016],[10.395898,24.485596],[10.686133,24.551367],[11.507617,24.314355],[11.967871,23.517871],[7.481738,20.873096],[5.836621,19.47915],[3.400879,18.988428],[3.255957,19.013281],[3.106055,19.150098],[3.255859,19.410938],[3.20166,19.5604],[3.203711,19.789697],[3.130273,19.850195],[2.406152,20.063867],[2.219336,20.247803],[1.753223,20.331592],[1.685449,20.378369],[1.610645,20.555566],[1.165723,20.817432],[1.145508,21.102246],[-4.516992,24.804492],[-8.68335,27.285937],[-8.678418,28.689404],[-8.265186,28.980518],[-7.685156,29.349512],[-7.485742,29.392236],[-7.142432,29.61958],[-6.635352,29.568799],[-6.520557,29.659863],[-6.479736,29.820361],[-6.004297,29.83125],[-5.448779,29.956934],[-5.180127,30.166162],[-4.968262,30.465381],[-4.322852,30.698877],[-3.985352,30.913525],[-3.666797,30.964014],[-3.624512,31.065771],[-3.833398,31.197803],[-3.78916,31.361816],[-3.84668,31.619873],[-3.768164,31.689551],[-3.439795,31.704541],[-3.017383,31.834277],[-2.930859,32.042529],[-2.863428,32.074707],[-2.448389,32.12998],[-1.225928,32.107227],[-1.240332,32.337598],[-1.065527,32.468311],[-1.111035,32.552295],[-1.45,32.784814],[-1.679199,33.318652],[-1.63125,33.566748],[-1.714111,33.781836],[-1.706934,34.176074],[-1.791797,34.36792],[-1.733301,34.467041],[-1.849658,34.607324],[-1.795605,34.751904],[-2.131787,34.97085],[-2.219629,35.104199],[-1.913281,35.094238],[-1.673633,35.183105],[-1.33584,35.364258],[-1.087695,35.578857],[-0.426123,35.861523],[-0.048242,35.832812],[0.15166,36.063135],[0.312207,36.162354],[0.97168,36.443945],[1.257227,36.51958],[2.593359,36.600684],[2.972852,36.784473],[3.520508,36.795117],[3.779004,36.896191],[4.758105,36.896338],[5.29541,36.648242],[6.064746,36.864258],[6.249121,36.93833],[6.327832,37.046045],[6.486523,37.085742],[6.575879,37.003027],[6.927539,36.919434],[7.238477,36.968506],[7.204297,37.092383],[7.432422,37.059277],[7.910449,36.856348],[8.576563,36.937207]]]}}]}