{"type":"FeatureCollection","features":[{"type":"Feature","properties":{"sigla":"YEM","nome":"I\u00eamen"},"geometry":{"type":"MultiPolygon","coordinates":[[[[53.085645,16.648389],[52.327734,16.293555],[52.21748,15.655518],[51.603711,15.336816],[49.349902,14.637793],[48.668359,14.050146],[47.989941,14.048096],[46.788867,13.465576],[45.657324,13.338721],[45.038672,12.815869],[44.005859,12.607666],[43.487598,12.698828],[43.231934,13.26709],[43.282422,13.692529],[43.089063,14.010986],[42.936426,14.938574],[42.657813,15.232812],[42.799023,15.32627],[42.799316,16.371777],[43.165039,16.689404],[43.190918,17.359375],[43.346094,17.486035],[43.916992,17.324707],[45.148047,17.427441],[46.727637,17.265576],[47.143555,16.94668],[47.441797,17.111865],[48.172168,18.156934],[49.192383,18.621338],[51.977637,18.996143],[53.085645,16.648389]]],[[[42.590234,15.303418],[42.558691,15.281201],[42.549023,15.320068],[42.602344,15.43252],[42.590234,15.303418]]],[[[42.755859,13.704297],[42.689746,13.673633],[42.794141,13.766113],[42.755859,13.704297]]],[[[42.787402,13.971484],[42.694043,14.00791],[42.762109,14.06748],[42.787402,13.971484]]],[[[53.763184,12.636816],[54.511133,12.552783],[53.718848,12.318994],[53.31582,12.533154],[53.534961,12.715771],[53.763184,12.636816]]]]}},{"type":"Feature","properties":{"sigla":"VNM","nome":"Vietn\u00e3"},"geometry":{"type":"MultiPolygon","coordinates":[[[[104.063965,10.39082],[104.018457,10.029199],[103.849512,10.371094],[104.063965,10.39082]]],[[[107.972656,21.507959],[107.409961,21.284814],[107.164746,20.94873],[106.683398,21.000293],[106.753418,20.735059],[106.517969,20.288867],[105.984082,19.939062],[105.621777,18.966309],[105.888281,18.50249],[106.499023,17.946436],[106.478906,17.71958],[106.370508,17.746875],[107.833789,16.322461],[108.029395,16.331104],[108.821289,15.37793],[109.30332,13.856445],[109.444922,12.599609],[109.335547,12.751904],[109.218945,12.645801],[109.25918,11.954541],[108.986719,11.336377],[107.261523,10.398389],[107.006641,10.660547],[106.947461,10.400342],[106.605859,10.464941],[106.757422,10.295801],[106.464063,10.298291],[106.785254,10.116455],[106.595605,9.859863],[106.136426,10.22168],[106.572461,9.641113],[106.378027,9.556104],[105.830957,10.000732],[106.168359,9.396729],[105.500977,9.093213],[105.114355,8.629199],[104.77041,8.597656],[104.896289,8.746631],[104.845215,9.606152],[105.094922,9.945264],[104.426367,10.41123],[104.850586,10.534473],[105.045703,10.911377],[105.755078,10.98999],[106.163965,10.794922],[106.160937,11.037109],[105.856055,11.294287],[105.851465,11.63501],[106.006055,11.758008],[106.399219,11.687012],[106.413867,11.948437],[107.506445,12.364551],[107.605469,13.437793],[107.331445,14.126611],[107.653125,15.255225],[107.165918,15.80249],[107.396387,16.043018],[106.851074,16.515625],[106.656445,16.492627],[106.502246,16.954102],[105.114551,18.405273],[105.146484,18.650977],[103.891602,19.30498],[104.032031,19.675146],[104.587891,19.61875],[104.92793,20.018115],[104.367773,20.441406],[104.583203,20.64668],[104.101367,20.945508],[103.635059,20.69707],[103.104492,20.89165],[102.851172,21.265918],[102.949609,21.681348],[102.815918,21.807373],[102.662012,21.676025],[102.127441,22.379199],[102.470898,22.750928],[102.981934,22.448242],[103.32666,22.769775],[103.492969,22.587988],[103.620215,22.782031],[103.941504,22.540088],[104.143066,22.800146],[104.371777,22.704053],[104.687305,22.822217],[104.864746,23.136377],[105.275391,23.345215],[105.842969,22.922803],[106.780273,22.778906],[106.550391,22.501367],[106.663574,21.978906],[107.351172,21.608887],[107.759277,21.655029],[107.972656,21.507959]]],[[[106.61748,8.682812],[106.567969,8.700928],[106.658594,8.766357],[106.61748,8.682812]]],[[[107.167676,10.397168],[107.083789,10.336572],[107.07793,10.3875],[107.194922,10.445703],[107.167676,10.397168]]],[[[106.865625,20.815723],[106.769434,20.864209],[106.795313,20.92793],[106.865625,20.815723]]],[[[107.602734,21.216797],[107.403516,21.093652],[107.47627,21.268945],[107.602734,21.216797]]],[[[107.521289,20.926611],[107.399219,20.903467],[107.55127,21.034033],[107.521289,20.926611]]],[[[107.031348,20.747021],[106.910645,20.824219],[106.953418,20.867041],[107.04375,20.836816],[107.031348,20.747021]]]]}},{"type":"Feature","properties":{"sigla":"UZB","nome":"Uzbequist\u00e3o"},"geometry":{"type":"MultiPolygon","coordinates":[[[[70.946777,42.248682],[71.228516,42.162891],[70.200879,41.514453],[71.393066,41.123389],[71.664941,41.541211],[72.187305,41.025928],[73.136914,40.810645],[71.69248,40.152344],[71.304688,40.286914],[70.602734,40.21416],[70.377148,40.439258],[70.750977,40.7396],[70.401953,41.035107],[69.712891,40.656982],[69.413867,40.797168],[69.20625,40.566553],[69.274902,40.198096],[68.630664,40.16709],[68.97207,40.089941],[68.506934,39.562793],[67.719043,39.621387],[67.426172,39.465576],[67.357617,39.216699],[68.13252,38.927637],[68.087207,38.473535],[68.350293,38.211035],[67.814355,37.487012],[67.758984,37.172217],[66.522266,37.348486],[66.574512,38.010791],[65.612891,38.238574],[63.763672,39.160547],[62.483203,39.975635],[61.902832,41.093701],[61.496973,41.276074],[60.45498,41.221631],[60.089648,41.399414],[60.075586,41.759668],[60.200781,41.803125],[59.941797,41.973535],[59.985156,42.211719],[59.354297,42.323291],[58.589063,42.778467],[58.151563,42.628076],[58.474414,42.299365],[58.028906,42.487646],[57.814258,42.189844],[57.290625,42.123779],[56.964063,41.856543],[57.118848,41.350293],[57.017969,41.263477],[55.977441,41.322217],[55.975684,44.994922],[58.555273,45.555371],[61.00791,44.393799],[61.990234,43.492139],[63.207031,43.627979],[64.443164,43.551172],[64.905469,43.714697],[65.496191,43.310547],[65.803027,42.876953],[66.100293,42.99082],[66.00957,42.004883],[66.498633,41.994873],[66.709668,41.17915],[67.935742,41.196582],[68.113086,41.028613],[68.047656,40.809277],[68.415039,40.619434],[68.572656,40.622656],[68.584082,40.87627],[69.153613,41.425244],[70.946777,42.248682]],[[70.652539,40.936621],[70.618359,41.00166],[70.55,41.014893],[70.652539,40.936621]]],[[[71.206152,39.892578],[71.011719,39.895117],[70.97627,40.133252],[71.228711,40.048145],[71.206152,39.892578]]],[[[71.779688,39.950244],[71.75293,39.907129],[71.668945,39.946094],[71.789941,39.995312],[71.779688,39.950244]]]]}},{"type":"Feature","properties":{"sigla":"ARE","nome":"Emirados \u00c1rabes Unidos"},"geometry":{"type":"MultiPolygon","coordinates":[[[[56.297852,25.650684],[56.387988,24.979199],[56.063867,24.73877],[56.000586,24.953223],[55.795703,24.868115],[55.76084,24.242676],[55.985156,24.063379],[55.468457,23.941113],[55.119434,22.623926],[52.555078,22.932812],[51.572168,24.12832],[51.605469,24.338428],[51.906055,23.985352],[52.648242,24.154639],[53.893359,24.077051],[54.39707,24.278174],[54.746777,24.810449],[55.941211,25.793994],[56.080469,26.062646],[56.144629,25.690527],[56.297852,25.650684]],[[56.281836,25.235547],[56.277344,25.300879],[56.234277,25.303809],[56.210547,25.213281],[56.281836,25.235547]]],[[[53.332227,24.258594],[53.190918,24.290918],[53.412402,24.411035],[53.332227,24.258594]]],[[[52.616895,24.288574],[52.583594,24.352344],[52.629395,24.376758],[52.657617,24.332617],[52.616895,24.288574]]],[[[53.927832,24.177197],[53.928125,24.143359],[53.799121,24.135547],[53.634473,24.169775],[53.833789,24.258936],[53.927832,24.177197]]],[[[54.46543,24.442773],[54.334766,24.471045],[54.39834,24.506348],[54.46543,24.442773]]]]}},{"type":"Feature","properties":{"sigla":"TKM","nome":"Turquemenist\u00e3o"},"geometry":{"type":"MultiPolygon","coordinates":[[[[53.10957,38.803076],[53.100195,38.756152],[53.018555,39.052734],[53.05332,39.096582],[53.092188,39.094092],[53.055176,39.037939],[53.10957,38.803076]]],[[[55.977441,41.322217],[57.017969,41.263477],[57.118848,41.350293],[56.964063,41.856543],[57.290625,42.123779],[57.814258,42.189844],[58.028906,42.487646],[58.474414,42.299365],[58.151563,42.628076],[58.589063,42.778467],[59.354297,42.323291],[59.985156,42.211719],[59.941797,41.973535],[60.200781,41.803125],[60.075586,41.759668],[60.089648,41.399414],[60.45498,41.221631],[61.496973,41.276074],[61.902832,41.093701],[62.483203,39.975635],[63.763672,39.160547],[65.612891,38.238574],[66.574512,38.010791],[66.522266,37.348486],[65.765039,37.569141],[65.55498,37.251172],[64.816309,37.13208],[64.511035,36.340674],[64.009668,36.012109],[63.12998,35.846191],[63.056641,35.445801],[62.307813,35.170801],[61.983887,35.443701],[61.262012,35.61958],[61.119629,36.642578],[60.341309,36.637646],[59.301758,37.510645],[58.261621,37.66582],[57.353711,37.97334],[57.193555,38.216406],[56.440625,38.249414],[56.27207,38.08042],[55.380859,38.051123],[54.900098,37.77793],[54.699414,37.470166],[53.91416,37.343555],[53.868652,38.949268],[53.70459,39.20957],[53.156641,39.26499],[53.235645,39.608545],[53.603125,39.546973],[53.487305,39.909375],[52.9875,39.987598],[53.035547,39.774414],[52.733691,40.39873],[52.943457,41.038086],[53.145215,40.824951],[53.615234,40.818506],[53.87002,40.648682],[54.377344,40.693262],[54.319434,40.83457],[54.685059,40.873047],[54.703711,41.071143],[54.094824,41.519385],[53.804688,42.117627],[52.97002,41.976221],[52.814844,41.711816],[52.850391,41.200293],[52.493848,41.780371],[53.055859,42.147754],[54.120996,42.335205],[54.853809,41.965186],[55.434375,41.296289],[55.977441,41.322217]]]]}},{"type":"Feature","properties":{"sigla":"TUR","nome":"Turquia"},"geometry":{"type":"MultiPolygon","coordinates":[[[[25.97002,40.136328],[25.668945,40.135889],[25.918359,40.237988],[25.97002,40.136328]]],[[[41.510059,41.51748],[42.466406,41.439844],[42.787891,41.563721],[43.631641,40.929004],[43.666211,40.126367],[44.399609,39.995752],[44.817188,39.650439],[44.587109,39.768555],[44.389355,39.422119],[44.023242,39.377441],[44.298535,38.386279],[44.449902,38.334229],[44.211328,37.908057],[44.589941,37.710352],[44.574023,37.4354],[44.794141,37.290381],[44.765137,37.142432],[44.281836,36.978027],[44.114453,37.301855],[42.774609,37.371875],[42.358984,37.108594],[42.202734,37.297266],[41.515527,37.08916],[40.705664,37.097705],[39.356641,36.681592],[38.191699,36.901562],[37.436328,36.643311],[36.658594,36.802539],[36.5375,36.457422],[36.636719,36.233984],[36.375391,36.17124],[36.127344,35.831445],[35.892676,35.916553],[35.810938,36.309863],[36.188477,36.658984],[36.048926,36.910596],[35.393164,36.575195],[34.703613,36.816797],[33.694727,36.181982],[32.794824,36.035889],[31.352539,36.801074],[30.644043,36.865674],[30.446094,36.269873],[29.689063,36.156689],[29.223633,36.324463],[28.969629,36.715332],[27.453906,36.712158],[28.242383,37.029053],[27.262988,36.976562],[27.300195,37.126855],[27.535059,37.163867],[27.067969,37.65791],[27.224414,37.725439],[27.232422,37.978662],[26.290723,38.277197],[26.441309,38.641211],[26.674219,38.335742],[27.144238,38.451953],[26.906836,38.481738],[26.763672,38.709619],[27.013672,38.886865],[26.814941,38.960986],[26.681836,39.292236],[26.899219,39.549658],[26.113086,39.467383],[26.181348,39.990088],[26.738086,40.400244],[27.728027,40.328809],[27.874902,40.512939],[27.962598,40.369873],[29.007129,40.389746],[28.787891,40.534033],[29.054102,40.649121],[29.844922,40.738086],[29.113867,40.937842],[29.148145,41.221045],[31.254883,41.107617],[32.306445,41.72959],[33.284766,42.00459],[35.006445,42.063281],[35.297754,41.728516],[36.051758,41.682568],[36.405371,41.274609],[36.777734,41.363477],[38.381055,40.924512],[39.426367,41.106445],[40.265234,40.961328],[41.510059,41.51748]]],[[[28.014453,41.969043],[28.197852,41.554492],[29.057227,41.229736],[28.95625,41.008203],[27.499414,40.973145],[26.202734,40.075391],[26.253809,40.314697],[26.79209,40.626611],[26.105469,40.611328],[26.038965,40.726758],[26.331055,40.954492],[26.330664,41.23877],[26.624902,41.401758],[26.327246,41.772803],[27.244336,42.093262],[27.534863,41.920801],[28.014453,41.969043]]]]}},{"type":"Feature","properties":{"sigla":"TLS","nome":"Timor-Leste"},"geometry":{"type":"MultiPolygon","coordinates":[[[[125.646094,-8.139941],[125.579492,-8.311816],[125.507129,-8.275098],[125.646094,-8.139941]]],[[[125.068164,-9.511914],[124.960156,-9.21377],[125.149023,-9.042578],[124.922266,-8.94248],[125.178027,-8.647852],[126.966406,-8.315723],[127.296094,-8.424512],[125.068164,-9.511914]]],[[[124.036328,-9.341602],[124.444434,-9.190332],[124.282324,-9.42793],[124.036328,-9.341602]]]]}},{"type":"Feature","properties":{"sigla":"THA","nome":"Tail\u00e2ndia"},"geometry":{"type":"MultiPolygon","coordinates":[[[[102.606445,11.676514],[102.589941,11.572168],[102.532813,11.614941],[102.568945,11.691699],[102.606445,11.676514]]],[[[102.426758,11.988721],[102.301953,11.980811],[102.277441,12.151855],[102.426758,11.988721]]],[[[98.409082,7.902051],[98.296289,7.776074],[98.32207,8.166309],[98.409082,7.902051]]],[[[100.122461,20.31665],[100.317969,20.385889],[100.519531,20.17793],[100.397656,19.756104],[100.513574,19.553467],[101.211914,19.54834],[101.286328,18.977148],[101.046973,18.441992],[101.143945,18.142627],[100.955859,17.541113],[101.16748,17.499023],[102.101465,18.210645],[102.660645,17.817969],[103.051367,18.028516],[103.288281,18.408398],[103.949609,18.318994],[104.816016,17.300293],[104.819336,16.466064],[105.641016,15.656543],[105.475586,14.530127],[105.074121,14.227441],[104.779004,14.427832],[103.199414,14.332617],[102.546875,13.585693],[102.319727,13.53999],[102.499609,12.669971],[102.755664,12.42627],[102.933887,11.706689],[102.594141,12.203027],[102.540234,12.109229],[101.835742,12.640381],[100.897754,12.653809],[100.962695,13.431982],[100.60293,13.568164],[100.01748,13.353174],[99.989062,12.170801],[99.165039,10.319824],[99.160742,9.734033],[99.253906,9.265234],[99.835547,9.288379],[99.989551,8.589209],[100.279395,8.268506],[100.545215,7.226904],[100.256641,7.774902],[100.160742,7.599268],[100.423535,7.187842],[101.017871,6.860937],[101.497949,6.865283],[102.101074,6.242236],[101.873633,5.825293],[101.556055,5.907764],[101.113965,5.636768],[100.981641,5.771045],[101.053516,6.242578],[100.261426,6.682715],[100.119141,6.441992],[99.695996,6.87666],[99.596973,7.355615],[99.358594,7.372217],[98.703516,8.256738],[98.579199,8.344287],[98.360742,8.186963],[98.238184,8.423096],[98.757227,10.660937],[99.614746,11.781201],[99.123926,13.030762],[99.136816,13.716699],[98.202148,14.975928],[98.191016,15.204102],[98.556934,15.367676],[98.592383,16.050684],[98.888281,16.351904],[98.660742,16.33042],[98.438867,16.975684],[97.706445,17.797119],[97.632227,18.290332],[97.373926,18.517969],[97.745898,18.588184],[97.816797,19.459961],[98.015039,19.749512],[98.916699,19.7729],[99.074219,20.099365],[99.485938,20.149854],[99.458887,20.363037],[100.122461,20.31665]]],[[[100.074121,9.69668],[99.983398,9.793555],[100.043457,9.79165],[100.074121,9.69668]]],[[[100.070703,9.586035],[100.053711,9.461426],[99.962402,9.421631],[99.939551,9.559961],[100.070703,9.586035]]],[[[99.663086,6.521924],[99.606641,6.596826],[99.654004,6.714111],[99.701367,6.570557],[99.663086,6.521924]]],[[[98.591992,7.933936],[98.529395,8.108545],[98.604297,8.057324],[98.591992,7.933936]]],[[[98.30752,9.051465],[98.250781,9.04082],[98.301172,9.139111],[98.30752,9.051465]]],[[[99.078418,7.591846],[99.104395,7.471289],[99.037695,7.548486],[99.045117,7.636523],[99.078418,7.591846]]]]}},{"type":"Feature","properties":{"sigla":"TJK","nome":"Tajiquist\u00e3o"},"geometry":{"type":"MultiPolygon","coordinates":[[[[67.758984,37.172217],[67.814355,37.487012],[68.350293,38.211035],[68.087207,38.473535],[68.13252,38.927637],[67.357617,39.216699],[67.426172,39.465576],[67.719043,39.621387],[68.463281,39.536719],[68.97207,40.089941],[68.630664,40.16709],[69.274902,40.198096],[69.20625,40.566553],[69.357227,40.767383],[69.712891,40.656982],[70.401953,41.035107],[70.751074,40.721777],[70.371582,40.384131],[70.946387,40.187598],[70.515137,39.949902],[69.966797,40.202246],[69.530273,40.097314],[69.47627,39.919727],[69.278809,39.917773],[69.297656,39.524805],[70.501172,39.587354],[70.799316,39.394727],[71.470313,39.603662],[71.778613,39.277979],[72.042773,39.352148],[72.22998,39.20752],[72.563379,39.377197],[73.631641,39.448877],[73.80166,38.606885],[74.277441,38.659766],[74.812305,38.460303],[74.894238,37.601416],[75.11875,37.385693],[74.891309,37.231641],[74.349023,37.41875],[73.749609,37.231787],[73.627539,37.261572],[73.720605,37.41875],[73.38291,37.462256],[72.657422,37.029053],[71.665625,36.696924],[71.43291,37.127539],[71.582227,37.910107],[71.278516,37.918408],[71.255859,38.306982],[70.878906,38.456396],[70.214648,37.924414],[70.188672,37.582471],[69.49209,37.553076],[69.303906,37.116943],[68.911816,37.333936],[68.067773,36.949805],[67.758984,37.172217]]],[[[70.652539,40.936621],[70.55,41.014893],[70.618359,41.00166],[70.652539,40.936621]]],[[[70.70166,39.825293],[70.55957,39.790918],[70.482813,39.882715],[70.70166,39.825293]]]]}},{"type":"Feature","properties":{"sigla":"TWN","nome":"Taiwan"},"geometry":{"type":"MultiPolygon","coordinates":[[[[121.008789,22.620361],[120.839844,21.925],[120.742773,21.956006],[120.083398,23.093701],[120.132129,23.65293],[121.040625,25.032812],[121.593652,25.275342],[121.929004,24.97373],[121.397461,23.17251],[121.008789,22.620361]]],[[[118.407422,24.522119],[118.432715,24.414355],[118.295117,24.436328],[118.407422,24.522119]]]]}},{"type":"Feature","properties":{"sigla":"SYR","nome":"S\u00edria"},"geometry":{"type":"Polygon","coordinates":[[[35.892676,35.916553],[36.153613,35.833887],[36.375391,36.17124],[36.636719,36.233984],[36.5375,36.457422],[36.658594,36.802539],[37.436328,36.643311],[38.191699,36.901562],[39.356641,36.681592],[40.705664,37.097705],[41.515527,37.08916],[42.202734,37.297266],[42.358984,37.108594],[41.788574,36.597168],[41.295996,36.38335],[41.354102,35.64043],[41.194727,34.768994],[40.987012,34.429053],[36.818359,32.317285],[36.37207,32.386914],[35.787305,32.734912],[35.792531,33.334107],[36.034473,33.585059],[35.968457,33.732422],[36.365039,33.839355],[36.277832,33.925293],[36.584961,34.22124],[36.329883,34.499609],[36.383887,34.65791],[35.97627,34.629199],[35.902441,35.420703],[35.764453,35.571582],[35.892676,35.916553]]]}},{"type":"Feature","properties":{"sigla":"LKA","nome":"Sri Lanka"},"geometry":{"type":"MultiPolygon","coordinates":[[[[79.969531,9.630664],[79.906836,9.619824],[79.858594,9.734375],[79.969531,9.630664]]],[[[79.874805,9.050732],[79.903711,8.975],[79.747656,9.10459],[79.874805,9.050732]]],[[[79.982324,9.812695],[80.252832,9.796338],[80.711133,9.366357],[81.372852,8.431445],[81.874121,7.28833],[81.637402,6.425146],[80.724121,5.979053],[80.095313,6.153174],[79.859375,6.829297],[79.712988,8.182324],[79.783496,8.018457],[80.086328,9.577832],[80.42832,9.480957],[79.982324,9.812695]]]]}},{"type":"Feature","properties":{"sigla":"KOR","nome":"Coreia do Sul"},"geometry":{"type":"MultiPolygon","coordinates":[[[[126.633887,37.781836],[127.090332,38.283887],[128.038965,38.308545],[128.374609,38.623437],[129.418262,37.059033],[129.403516,36.052148],[129.561719,35.947656],[129.21416,35.181836],[128.510938,35.100977],[128.443945,34.870361],[128.03623,35.021973],[127.714844,34.954687],[127.71543,34.721045],[127.404297,34.823096],[127.479102,34.625244],[127.324609,34.463281],[127.173438,34.546143],[127.24707,34.755127],[126.531445,34.314258],[126.264453,34.673242],[126.593359,34.824365],[126.420703,34.823389],[126.291113,35.15415],[126.614062,35.570996],[126.488477,35.64707],[126.753027,35.871973],[126.54043,36.166162],[126.487695,36.693799],[126.160547,36.771924],[126.487012,37.007471],[126.87207,36.824463],[126.976855,36.939404],[126.746387,37.193555],[126.633887,37.781836]]],[[[128.741016,34.798535],[128.489258,34.865283],[128.721875,35.013574],[128.741016,34.798535]]],[[[128.06582,34.805859],[127.873438,34.734961],[127.832227,34.874512],[128.06582,34.805859]]],[[[126.233691,34.370508],[126.122852,34.443945],[126.343848,34.544922],[126.233691,34.370508]]],[[[126.520703,37.736816],[126.46084,37.610352],[126.369336,37.772021],[126.520703,37.736816]]],[[[126.753027,34.343994],[126.769922,34.296436],[126.689063,34.30542],[126.651855,34.390332],[126.753027,34.343994]]],[[[127.799023,34.615039],[127.787793,34.584082],[127.737305,34.630908],[127.787109,34.682129],[127.799023,34.615039]]],[[[126.417578,36.492578],[126.403809,36.427881],[126.3375,36.470557],[126.318555,36.612549],[126.417578,36.492578]]],[[[126.171973,34.731152],[126.115234,34.714209],[126.00752,34.86748],[126.078418,34.914844],[126.168555,34.829687],[126.171973,34.731152]]],[[[130.916016,37.478467],[130.870605,37.44873],[130.810254,37.509912],[130.903711,37.553711],[130.916016,37.478467]]],[[[126.326953,33.223633],[126.165625,33.312012],[126.337695,33.4604],[126.901172,33.515137],[126.872852,33.341162],[126.326953,33.223633]]]]}},{"type":"Feature","properties":{"sigla":"SGP","nome":"Singapura"},"geometry":{"type":"Polygon","coordinates":[[[103.969727,1.331445],[103.650195,1.325537],[103.817969,1.44707],[103.969727,1.331445]]]}},{"type":"Feature","properties":{"sigla":"SAU","nome":"Ar\u00e1bia Saudita"},"geometry":{"type":"MultiPolygon","coordinates":[[[[36.90166,25.383057],[36.72207,25.534033],[36.530273,25.601562],[36.533594,25.688721],[36.954785,25.414648],[36.90166,25.383057]]],[[[41.987695,16.715625],[42.17041,16.708643],[42.157813,16.570703],[41.801563,16.77876],[41.860449,17.002539],[41.987695,16.715625]]],[[[51.977637,18.996143],[49.041992,18.581787],[48.172168,18.156934],[47.441797,17.111865],[47.143555,16.94668],[46.727637,17.265576],[45.148047,17.427441],[43.916992,17.324707],[43.417969,17.51626],[43.190918,17.359375],[43.165039,16.689404],[42.799316,16.371777],[42.293945,17.434961],[41.75,17.885742],[41.229492,18.678418],[40.75918,19.755469],[39.72832,20.390332],[39.276074,20.973975],[38.987891,21.881738],[39.062012,22.592187],[38.46416,23.711865],[37.919727,24.1854],[37.543066,24.29165],[37.180859,24.82002],[37.148828,25.291113],[35.180469,28.034863],[34.625,28.064502],[34.950781,29.353516],[36.068457,29.200537],[36.755273,29.866016],[37.469238,29.995068],[37.649902,30.330957],[37.980078,30.5],[36.958594,31.491504],[39.14541,32.124512],[40.369336,31.938965],[42.074414,31.080371],[44.69082,29.202344],[47.433203,28.989551],[47.671289,28.533154],[48.44248,28.54292],[48.797168,27.724316],[50.149805,26.662646],[50.008105,26.678516],[50.213867,26.308496],[50.081055,25.961377],[50.855664,24.679639],[51.41123,24.570801],[51.309863,24.340381],[51.568359,24.286182],[51.592578,24.078857],[52.555078,22.932812],[55.18584,22.704102],[55.641016,22.001855],[54.977344,19.995947],[51.977637,18.996143]]],[[[36.595508,25.712793],[36.543945,25.734277],[36.582715,25.855518],[36.595508,25.712793]]]]}},{"type":"Feature","properties":{"sigla":"QAT","nome":"Catar"},"geometry":{"type":"Polygon","coordinates":[[[51.267969,24.607227],[50.855664,24.679639],[50.75459,25.399268],[51.003125,25.981445],[51.262305,26.153271],[51.543066,25.902393],[51.608887,25.052881],[51.267969,24.607227]]]}},{"type":"Feature","properties":{"sigla":"PHL","nome":"Filipinas"},"geometry":{"type":"MultiPolygon","coordinates":[[[[121.101562,18.615283],[121.845605,18.29541],[122.265527,18.458838],[122.152344,17.664404],[122.519141,17.124854],[122.135156,16.184814],[121.595313,15.933252],[121.392285,15.324414],[121.69541,14.737305],[121.766602,14.168066],[122.211719,13.930176],[122.199707,14.148047],[122.627148,14.317529],[122.93418,14.188086],[123.101953,13.750244],[123.296973,13.836426],[123.320312,14.06167],[123.815723,13.837109],[123.549609,13.645752],[123.785156,13.110547],[124.142773,13.035791],[124.059766,12.56709],[123.877832,12.689697],[123.948535,12.916406],[123.310938,13.044092],[123.163281,13.441748],[122.595215,13.907617],[122.467969,13.886719],[122.667871,13.395361],[122.599902,13.194141],[121.77793,13.937646],[121.344141,13.649121],[120.840723,13.884717],[120.637109,13.804492],[120.616797,14.188037],[120.941309,14.645068],[120.583691,14.88125],[120.588672,14.483105],[120.43877,14.453369],[120.082129,14.851074],[119.772559,16.255127],[120.159766,16.047656],[120.36875,16.10957],[120.358398,17.638184],[120.599707,18.507861],[121.101562,18.615283]]],[[[117.311133,8.4396],[117.349902,8.713574],[119.223828,10.477295],[119.305664,10.973633],[119.55332,11.313525],[119.686914,10.500342],[119.191504,10.061084],[118.782129,9.916113],[118.434961,9.256006],[117.311133,8.4396]]],[[[122.496191,11.615088],[122.838086,11.595654],[122.894531,11.441309],[123.158301,11.535547],[123.119531,11.286816],[122.769922,10.823828],[121.954004,10.444385],[122.103516,11.64292],[121.916016,11.854346],[122.496191,11.615088]]],[[[123.130859,9.064111],[122.5625,9.482812],[122.399512,9.823047],[122.855566,10.086914],[122.816992,10.503809],[122.983301,10.886621],[123.256641,10.993945],[123.567578,10.780762],[123.162012,9.864258],[123.320508,9.272949],[123.130859,9.064111]]],[[[124.574609,11.343066],[124.92998,11.372852],[125.026563,11.211719],[125.013184,10.785693],[125.268457,10.307715],[125.142578,10.189453],[124.9875,10.367578],[125.026563,10.033105],[124.780762,10.168066],[124.786719,10.781396],[124.662695,10.961963],[124.445508,10.923584],[124.308203,11.486182],[124.574609,11.343066]]],[[[125.239551,12.527881],[125.535645,12.191406],[125.491797,11.594336],[125.735645,11.049609],[125.233398,11.145068],[125.034277,11.34126],[124.99502,11.764941],[124.445703,12.152783],[124.294727,12.569336],[125.239551,12.527881]]],[[[120.704395,13.479492],[121.202734,13.432324],[121.522754,13.131201],[121.540625,12.638184],[121.236719,12.218799],[120.922168,12.511621],[120.651367,13.169141],[120.338477,13.412354],[120.704395,13.479492]]],[[[126.005957,9.320947],[126.193359,9.276709],[126.30459,8.952051],[126.139551,8.595654],[126.365332,8.483887],[126.458691,8.202832],[126.581543,7.247754],[126.19209,6.852539],[126.189355,6.309668],[125.824414,7.333301],[125.689258,7.263037],[125.380664,6.689941],[125.588477,6.465771],[125.667969,5.978662],[125.346484,5.598975],[125.231543,6.069531],[124.927344,5.875342],[124.078125,6.404443],[123.985254,6.993701],[124.206641,7.396436],[123.66582,7.817773],[123.493066,7.80791],[123.390918,7.40752],[123.09668,7.700439],[122.842969,7.529297],[122.616211,7.763135],[122.14248,6.949658],[121.964258,6.968213],[121.924609,7.199512],[122.243359,7.945117],[122.911133,8.156445],[123.43457,8.70332],[123.849219,8.432715],[123.799414,8.049121],[124.197656,8.229541],[124.404883,8.599854],[124.731152,8.562988],[124.868945,8.972266],[125.141016,8.86875],[125.209668,9.027148],[125.49873,9.014746],[125.471289,9.756787],[126.005957,9.320947]]],[[[123.370313,9.449609],[123.38623,9.96709],[124.038867,11.273535],[124.00498,10.400098],[123.700488,10.12832],[123.370313,9.449609]]],[[[121.92168,18.894727],[121.858203,18.8229],[121.825195,18.842725],[121.888867,18.991553],[121.943359,19.010449],[121.987891,18.956641],[121.92168,18.894727]]],[[[121.520898,19.361963],[121.53125,19.271338],[121.374609,19.356299],[121.391602,19.399365],[121.520898,19.361963]]],[[[121.960059,20.365869],[121.914062,20.359424],[121.941211,20.453711],[122.031152,20.469385],[121.960059,20.365869]]],[[[121.878125,20.781885],[121.790625,20.701172],[121.847852,20.84126],[121.878125,20.781885]]],[[[121.159375,6.075635],[121.391504,6.0021],[121.294434,5.869971],[120.876367,5.952637],[121.159375,6.075635]]],[[[117.079883,7.883398],[117.02832,7.80752],[116.969531,7.894922],[116.993555,8.050537],[117.077051,8.069141],[117.079883,7.883398]]],[[[119.916211,10.485986],[119.793164,10.455273],[119.852051,10.640137],[120.008398,10.570117],[119.916211,10.485986]]],[[[120.1,12.167676],[120.228223,12.219824],[120.314551,12.012402],[120.010547,12.008252],[119.885742,12.299854],[120.1,12.167676]]],[[[120.03877,11.70332],[119.860938,11.953955],[120.035937,11.917236],[120.03877,11.70332]]],[[[122.649512,10.472705],[122.538379,10.424951],[122.5375,10.607568],[122.70127,10.740625],[122.649512,10.472705]]],[[[124.593848,9.787207],[124.122461,9.599316],[123.817187,9.817383],[124.335742,10.159912],[124.577148,10.026709],[124.593848,9.787207]]],[[[120.250391,5.256592],[119.821484,5.069531],[120.165234,5.332422],[120.250391,5.256592]]],[[[122.092871,6.42832],[121.832031,6.664062],[122.058301,6.740723],[122.323535,6.602246],[122.092871,6.42832]]],[[[126.059375,9.766211],[126.073828,10.059229],[126.172559,9.799951],[126.059375,9.766211]]],[[[125.690234,9.914453],[125.494824,10.118701],[125.666797,10.440137],[125.690234,9.914453]]],[[[120.271289,13.750684],[120.272852,13.682959],[120.104199,13.782373],[120.103418,13.842529],[120.211426,13.820654],[120.271289,13.750684]]],[[[121.914844,13.540332],[122.114551,13.463184],[122.004883,13.20498],[121.829199,13.328613],[121.914844,13.540332]]],[[[122.094043,12.354883],[122.013965,12.105615],[121.923242,12.331299],[122.14502,12.652637],[122.094043,12.354883]]],[[[122.654492,12.309033],[122.422949,12.455078],[122.603613,12.491602],[122.654492,12.309033]]],[[[123.281836,12.853418],[123.367188,12.70083],[122.949023,13.058691],[122.95752,13.107178],[123.043555,13.113379],[123.281836,12.853418]]],[[[123.775391,12.453906],[123.779102,12.36626],[123.587207,12.633301],[123.621484,12.674902],[123.708691,12.610791],[123.775391,12.453906]]],[[[123.716602,12.287354],[124.040332,11.966797],[124.045508,11.752441],[123.47373,12.21665],[123.157813,11.925635],[123.236426,12.583496],[123.716602,12.287354]]],[[[124.353613,13.632227],[124.175391,13.531543],[124.038867,13.663135],[124.224902,14.077588],[124.417188,13.871045],[124.353613,13.632227]]],[[[122.175391,14.048828],[122.172266,14.008008],[121.95625,14.156055],[121.95918,14.22876],[122.175391,14.048828]]],[[[122.033496,15.005029],[121.933008,14.656055],[121.839844,15.038135],[122.033496,15.005029]]],[[[124.316211,10.606006],[124.334668,10.706689],[124.381348,10.632568],[124.316211,10.606006]]],[[[125.280762,9.982178],[125.287695,9.932715],[125.158984,10.062939],[125.133008,10.155029],[125.230957,10.115674],[125.280762,9.982178]]],[[[122.937109,7.409131],[122.943652,7.361035],[122.804688,7.315967],[122.822168,7.428467],[122.937109,7.409131]]],[[[125.78457,6.962744],[125.768945,6.905762],[125.683008,7.073193],[125.714453,7.185547],[125.783398,7.130664],[125.78457,6.962744]]],[[[124.608398,11.492188],[124.360352,11.665918],[124.510938,11.687109],[124.608398,11.492188]]],[[[124.806641,9.142627],[124.77793,9.083105],[124.66582,9.132324],[124.65332,9.22583],[124.736816,9.243164],[124.806641,9.142627]]],[[[121.252246,19.082422],[121.24668,19.015186],[121.184863,19.101416],[121.213184,19.183594],[121.252246,19.082422]]],[[[119.861426,11.525342],[119.830664,11.375684],[119.72998,11.431934],[119.861426,11.525342]]],[[[123.757031,11.283301],[123.815625,11.150732],[123.736719,11.151465],[123.707617,11.247998],[123.757031,11.283301]]],[[[122.31084,12.528809],[122.260938,12.503076],[122.278027,12.59292],[122.31084,12.528809]]],[[[125.970508,9.593555],[125.952441,9.567969],[125.92207,9.621484],[125.967773,9.759082],[125.970508,9.593555]]],[[[124.854395,11.594775],[124.835938,11.543311],[124.781055,11.580762],[124.730859,11.715332],[124.854395,11.594775]]],[[[117.355273,8.214648],[117.287012,8.191016],[117.280859,8.31499],[117.353711,8.289258],[117.355273,8.214648]]],[[[123.697656,9.237305],[123.614453,9.10332],[123.493457,9.19209],[123.697656,9.237305]]]]}},{"type":"Feature","properties":{"sigla":"PAK","nome":"Paquist\u00e3o"},"geometry":{"type":"Polygon","coordinates":[[[76.766895,35.661719],[77.048633,35.109912],[76.594434,34.73584],[75.70918,34.503076],[74.300391,34.765381],[73.96123,34.653467],[73.794531,34.378223],[73.972363,34.236621],[73.904102,34.075684],[74.250879,33.946094],[73.976465,33.721289],[74.15,33.506982],[74.003809,33.189453],[74.303613,32.991797],[74.35459,32.768701],[74.663281,32.757666],[74.685742,32.493799],[75.333496,32.279199],[74.555566,31.818555],[74.632812,31.034668],[73.899316,30.435352],[73.80918,30.093359],[73.381641,29.934375],[72.90332,29.02876],[72.341895,28.751904],[71.870313,27.9625],[70.797949,27.709619],[70.403711,28.025049],[69.537012,27.122949],[69.506934,26.742676],[70.147656,26.506445],[70.100195,25.910059],[70.264648,25.706543],[70.648438,25.666943],[71.044043,24.400098],[70.716309,24.237988],[70.489258,24.412158],[69.805176,24.165234],[68.781152,24.313721],[68.724121,23.964697],[68.28252,23.927979],[68.115527,23.753369],[67.503613,23.940039],[67.171484,24.756104],[66.703027,24.860937],[66.698633,25.226318],[66.324219,25.601807],[66.131152,25.493262],[66.467676,25.445312],[64.77666,25.307324],[64.658984,25.184082],[64.059375,25.40293],[63.556641,25.353174],[63.491406,25.21084],[61.566895,25.186328],[61.842383,26.225928],[62.439258,26.561035],[63.157813,26.649756],[63.301563,27.151465],[62.762988,27.250195],[62.758008,28.243555],[61.889844,28.546533],[60.843359,29.858691],[62.476562,29.40835],[63.567578,29.497998],[64.09873,29.391943],[66.23125,29.865723],[66.346875,30.802783],[66.829297,31.263672],[67.452832,31.234619],[67.737891,31.343945],[67.578223,31.506494],[68.161035,31.802979],[68.597656,31.802979],[68.868945,31.634229],[69.279297,31.936816],[69.241406,32.433545],[69.501563,33.020068],[70.261133,33.289014],[69.889648,34.007275],[71.051563,34.049707],[70.965625,34.530371],[71.620508,35.183008],[71.427539,35.83374],[71.185059,36.04209],[72.156738,36.700879],[73.116797,36.868555],[74.038867,36.825732],[74.600586,37.03667],[75.145215,36.973242],[75.884961,36.600732],[75.912305,36.048975],[76.147852,35.829004],[76.55127,35.887061],[76.766895,35.661719]]]}},{"type":"Feature","properties":{"sigla":"OMN","nome":"Om\u00e3"},"geometry":{"type":"MultiPolygon","coordinates":[[[[58.72207,20.21875],[58.641211,20.337354],[58.884375,20.680566],[58.950781,20.516162],[58.72207,20.21875]]],[[[53.085645,16.648389],[51.977637,18.996143],[54.977344,19.995947],[55.641016,22.001855],[55.18584,22.704102],[55.199902,23.034766],[55.468457,23.941113],[55.985156,24.063379],[55.76084,24.242676],[55.795703,24.868115],[56.000586,24.953223],[56.063867,24.73877],[56.387988,24.979199],[57.123047,23.980713],[58.773047,23.517187],[59.429395,22.66084],[59.823242,22.508984],[59.8,22.219922],[58.474219,20.406885],[58.208984,20.423975],[58.169434,20.589502],[57.861816,20.244141],[57.71416,19.678418],[57.811621,19.01709],[56.825977,18.753516],[56.383496,17.987988],[55.479102,17.843262],[55.06416,17.038916],[54.068164,17.005518],[53.085645,16.648389]]],[[[56.297852,25.650684],[56.144629,25.690527],[56.080469,26.062646],[56.378711,26.356348],[56.297852,25.650684]]],[[[56.281836,25.235547],[56.210547,25.213281],[56.234277,25.303809],[56.277344,25.300879],[56.281836,25.235547]]]]}},{"type":"Feature","properties":{"sigla":"PRK","nome":"Coreia do Norte"},"geometry":{"type":"MultiPolygon","coordinates":[[[[128.374609,38.623437],[128.038965,38.308545],[127.090332,38.283887],[126.633887,37.781836],[126.369922,37.878369],[126.116699,37.74292],[125.769141,37.985352],[125.357813,37.724805],[124.98877,37.931445],[125.206738,38.081543],[124.690918,38.129199],[125.067383,38.556738],[125.554492,38.68623],[125.168848,38.805518],[125.409668,39.288379],[125.36084,39.526611],[124.775293,39.758057],[124.638281,39.615088],[124.348633,39.906885],[124.386621,40.104248],[125.989062,40.904639],[126.60127,41.640967],[126.903516,41.781055],[127.179688,41.531348],[128.149414,41.387744],[128.289258,41.607422],[128.045215,41.9875],[128.923438,42.038232],[129.313672,42.413574],[129.697852,42.448145],[129.861035,42.965088],[130.082617,42.97417],[130.687305,42.302539],[130.235742,42.183203],[129.756348,41.712256],[129.708691,40.857324],[127.527441,39.695703],[127.394531,39.20791],[128.374609,38.623437]]],[[[124.905273,39.536279],[124.848926,39.507568],[124.846094,39.558887],[124.93457,39.607812],[124.905273,39.536279]]]]}},{"type":"Feature","properties":{"sigla":"NPL","nome":"Nepal"},"geometry":{"type":"Polygon","coordinates":[[[88.109766,27.870605],[88.054883,26.430029],[87.287402,26.360303],[87.016406,26.55542],[86.701367,26.435059],[85.794531,26.60415],[85.648438,26.829004],[85.191797,26.766553],[84.685352,27.041016],[84.610156,27.298682],[84.091016,27.491357],[83.289746,27.370996],[82.733398,27.518994],[82.677344,27.673437],[81.852637,27.86709],[80.05166,28.870312],[80.612891,29.955859],[80.907617,30.171924],[81.177148,30.039893],[81.417188,30.337598],[81.854883,30.362402],[83.155469,29.612646],[83.583496,29.183594],[84.101367,29.219971],[84.228711,28.911768],[84.796875,28.560205],[85.159082,28.592236],[85.122461,28.315967],[85.67832,28.277441],[85.994531,27.9104],[86.137012,28.114355],[86.408691,27.928662],[86.614453,28.103027],[87.141406,27.83833],[88.109766,27.870605]]]}},{"type":"Feature","properties":{"sigla":"MNG","nome":"Mong\u00f3lia"},"geometry":{"type":"Polygon","coordinates":[[[87.814258,49.162305],[88.115723,49.256299],[88.192578,49.451709],[89.109473,49.501367],[89.654102,49.71748],[89.643848,49.903027],[90.053711,50.09375],[92.192383,50.700586],[92.354785,50.86416],[92.62666,50.688281],[92.941309,50.778223],[93.103125,50.603906],[94.251074,50.556396],[94.354688,50.221826],[94.614746,50.02373],[96.065527,49.99873],[97.359766,49.741455],[98.003906,50.014258],[98.250293,50.302441],[98.279492,50.533252],[98.029785,50.644629],[97.835742,51.05166],[98.037598,51.449951],[98.893164,52.117285],[99.92168,51.755518],[102.111523,51.353467],[102.288379,50.585107],[103.304395,50.200293],[104.078711,50.154248],[105.383594,50.47373],[106.711133,50.312598],[107.233301,49.989404],[107.916602,49.947803],[107.96543,49.653516],[108.613672,49.322803],[110.709766,49.142969],[112.806445,49.523584],[114.29707,50.274414],[114.743164,50.233691],[115.429199,49.896484],[116.351172,49.978076],[116.683301,49.823779],[115.820508,48.577246],[115.785547,48.248242],[115.525098,48.130859],[115.616406,47.874805],[115.898242,47.686914],[116.760547,47.869775],[117.350781,47.652197],[117.768359,47.987891],[118.498438,47.983984],[119.711133,47.15],[119.895898,46.732861],[119.706641,46.606006],[118.843945,46.760205],[117.741211,46.518164],[117.438086,46.58623],[117.333398,46.362012],[116.562598,46.289795],[116.197656,45.739355],[115.681055,45.458252],[114.560156,45.38999],[113.587012,44.745703],[111.898047,45.064062],[111.402246,44.367285],[111.933203,43.711426],[111.007227,43.341406],[110.400391,42.773682],[109.339844,42.438379],[106.77002,42.288721],[104.982031,41.595508],[104.498242,41.658691],[104.498242,41.877002],[103.711133,41.751318],[102.156641,42.158105],[101.495313,42.53877],[96.385449,42.720361],[95.85957,43.275977],[95.525586,43.953955],[95.325586,44.039355],[95.350293,44.278076],[94.712012,44.35083],[93.516211,44.944482],[90.877246,45.196094],[90.661816,45.525244],[91.001758,46.035791],[90.911523,46.270654],[91.028906,46.566064],[90.330664,47.655176],[89.479199,48.029053],[89.047656,48.002539],[87.979688,48.555127],[88.060059,48.707178],[87.743164,48.881641],[87.814258,49.162305]]]}},{"type":"Feature","properties":{"sigla":"MYS","nome":"Mal\u00e1sia"},"geometry":{"type":"MultiPolygon","coordinates":[[[[100.119141,6.441992],[100.261426,6.682715],[101.053516,6.242578],[100.981641,5.771045],[101.113965,5.636768],[101.556055,5.907764],[101.790723,5.779346],[102.101074,6.242236],[102.274023,6.203418],[103.09707,5.408447],[103.453906,4.669482],[103.439453,2.933105],[103.812207,2.580469],[104.250098,1.388574],[103.981445,1.623633],[103.991504,1.454785],[103.480273,1.329492],[103.356836,1.546143],[101.295508,2.885205],[101.299902,3.253271],[100.71543,3.966211],[100.343262,5.98418],[100.119141,6.441992]]],[[[117.574414,4.170605],[116.514746,4.370801],[115.860742,4.348047],[115.678809,4.193018],[115.454395,3.034326],[115.117578,2.894873],[115.179102,2.523193],[114.786426,2.250488],[114.830566,1.980029],[114.5125,1.452002],[113.902344,1.434277],[113.622266,1.235937],[112.942969,1.566992],[112.476172,1.559082],[111.808984,1.01167],[111.101367,1.050537],[110.505762,0.861963],[109.548926,1.84834],[109.628906,2.027539],[109.864844,1.764453],[111.223242,1.39585],[111.028711,1.557812],[111.242188,2.435742],[111.443848,2.381543],[111.623242,2.817969],[113.044727,3.205225],[113.923926,4.243213],[114.0125,4.575244],[114.654102,4.037646],[114.840234,4.393213],[114.74668,4.718066],[115.026758,4.899707],[115.107031,4.39043],[115.319238,4.365283],[115.140039,4.899756],[115.554492,5.093555],[115.419043,5.413184],[115.603906,5.603418],[115.877148,5.613525],[116.776172,6.990234],[116.788086,6.606104],[117.128516,6.968896],[117.645703,6.473682],[117.644531,6.001855],[117.501172,5.884668],[118.003809,6.05332],[118.11582,5.8625],[117.973633,5.70625],[118.353125,5.806055],[119.255566,5.365918],[119.132227,5.100488],[118.260547,4.988867],[118.185352,4.828516],[118.54834,4.379248],[118.008203,4.250244],[117.696484,4.342822],[117.574414,4.170605]]],[[[104.221582,2.731738],[104.146875,2.728223],[104.129102,2.767236],[104.184766,2.871729],[104.221582,2.731738]]],[[[100.288965,5.294727],[100.191016,5.282861],[100.203906,5.446875],[100.245508,5.467773],[100.338867,5.410059],[100.288965,5.294727]]],[[[99.848047,6.465723],[99.918652,6.358594],[99.74375,6.263281],[99.646289,6.418359],[99.848047,6.465723]]],[[[117.141602,7.168213],[117.064258,7.260693],[117.264063,7.35166],[117.141602,7.168213]]],[[[101.318555,2.988477],[101.268066,2.97041],[101.31123,3.067383],[101.318555,2.988477]]],[[[111.389258,2.415332],[111.311523,2.437598],[111.300391,2.741162],[111.333496,2.768311],[111.37832,2.709326],[111.389258,2.415332]]],[[[117.884766,4.186133],[117.649023,4.168994],[117.662109,4.250195],[117.708008,4.262402],[117.884766,4.186133]]]]}},{"type":"Feature","properties":{"sigla":"LBN","nome":"L\u00edbano"},"geometry":{"type":"Polygon","coordinates":[[[35.97627,34.629199],[36.383887,34.65791],[36.329883,34.499609],[36.584961,34.22124],[36.277832,33.925293],[36.365039,33.839355],[36.018848,33.783936],[36.022266,33.5625],[35.493164,33.119482],[35.108594,33.083691],[35.97627,34.629199]]]}},{"type":"Feature","properties":{"sigla":"LAO","nome":"Laos"},"geometry":{"type":"Polygon","coordinates":[[[102.127441,22.379199],[102.662012,21.676025],[102.815918,21.807373],[102.949609,21.681348],[102.851172,21.265918],[103.104492,20.89165],[103.635059,20.69707],[104.101367,20.945508],[104.583203,20.64668],[104.367773,20.441406],[104.92793,20.018115],[104.587891,19.61875],[104.032031,19.675146],[103.891602,19.30498],[105.146484,18.650977],[105.114551,18.405273],[106.502246,16.954102],[106.656445,16.492627],[106.851074,16.515625],[107.396387,16.043018],[107.165918,15.80249],[107.653125,15.255225],[107.414746,14.562891],[106.819922,14.314697],[106.501465,14.578223],[106.225391,14.476221],[105.978906,14.343018],[106.066797,13.921191],[105.245703,14.200537],[105.183301,14.34624],[105.497363,14.590674],[105.641016,15.656543],[104.819336,16.466064],[104.816016,17.300293],[103.949609,18.318994],[103.288281,18.408398],[103.051367,18.028516],[102.660645,17.817969],[102.101465,18.210645],[101.16748,17.499023],[100.908496,17.583887],[101.286328,18.977148],[101.211914,19.54834],[100.625488,19.499854],[100.420117,19.644482],[100.539941,20.132373],[100.317969,20.385889],[100.114941,20.257666],[100.183887,20.589111],[100.326074,20.795703],[100.622949,20.85957],[100.536133,20.992383],[100.703125,21.251367],[101.138867,21.56748],[101.247852,21.197314],[101.800586,21.212598],[101.524512,22.253662],[101.73877,22.495264],[102.127441,22.379199]]]}},{"type":"Feature","properties":{"sigla":"KGZ","nome":"Quirguist\u00e3o"},"geometry":{"type":"Polygon","coordinates":[[[70.958008,40.238867],[71.69248,40.152344],[73.136914,40.810645],[72.187305,41.025928],[71.664941,41.541211],[71.393066,41.123389],[70.176953,41.53999],[71.228516,42.162891],[70.892871,42.33999],[71.42207,42.783154],[72.275781,42.757666],[73.492969,42.409033],[73.55625,43.002783],[74.209082,43.240381],[75.366211,42.836963],[76.988086,42.973584],[79.12666,42.775732],[79.428223,42.483496],[79.921094,42.413135],[80.246191,42.059814],[78.742578,41.560059],[78.123438,41.075635],[76.907715,41.02417],[76.318555,40.352246],[75.677148,40.305811],[75.555566,40.625195],[74.835156,40.482617],[74.830469,40.328516],[73.991602,40.043115],[73.835352,39.800146],[73.907129,39.578516],[73.715723,39.462256],[72.563379,39.377197],[72.22998,39.20752],[72.042773,39.352148],[71.778613,39.277979],[71.470313,39.603662],[70.799316,39.394727],[70.501172,39.587354],[69.297656,39.524805],[69.278809,39.917773],[69.47627,39.919727],[69.530273,40.097314],[69.966797,40.202246],[70.515137,39.949902],[70.958008,40.238867]],[[71.206152,39.892578],[71.228711,40.048145],[70.97627,40.133252],[71.011719,39.895117],[71.206152,39.892578]],[[71.779688,39.950244],[71.789941,39.995312],[71.668945,39.946094],[71.75293,39.907129],[71.779688,39.950244]],[[70.70166,39.825293],[70.482813,39.882715],[70.55957,39.790918],[70.70166,39.825293]]]}},{"type":"Feature","properties":{"sigla":"KWT","nome":"Kuwait"},"geometry":{"type":"MultiPolygon","coordinates":[[[[48.275391,29.624316],[48.081445,29.798926],[48.184766,29.978857],[48.348242,29.782666],[48.275391,29.624316]]],[[[48.44248,28.54292],[47.671289,28.533154],[47.433203,28.989551],[46.531445,29.09624],[47.148242,30.000977],[47.753906,30.076611],[47.978711,29.982812],[48.143457,29.572461],[47.969629,29.616699],[47.722656,29.393018],[48.051465,29.355371],[48.44248,28.54292]]]]}},{"type":"Feature","properties":{"sigla":"KAZ","nome":"Cazaquist\u00e3o"},"geometry":{"type":"MultiPolygon","coordinates":[[[[50.184473,44.854639],[50.095313,44.830615],[49.995117,44.936963],[50.023047,45.044727],[50.109863,45.081934],[50.038867,44.949121],[50.184473,44.854639]]],[[[50.311719,44.97207],[50.277246,44.958594],[50.256152,45.022412],[50.349707,45.083008],[50.311719,44.97207]]],[[[52.682422,45.411816],[52.554297,45.473975],[52.65957,45.518066],[52.682422,45.411816]]],[[[70.946777,42.248682],[69.153613,41.425244],[68.584082,40.87627],[68.572656,40.622656],[68.415039,40.619434],[68.047656,40.809277],[68.113086,41.028613],[67.935742,41.196582],[66.709668,41.17915],[66.498633,41.994873],[66.00957,42.004883],[66.100293,42.99082],[65.803027,42.876953],[65.496191,43.310547],[64.905469,43.714697],[64.443164,43.551172],[63.207031,43.627979],[61.990234,43.492139],[61.00791,44.393799],[58.555273,45.555371],[55.975684,44.994922],[55.977441,41.322217],[55.434375,41.296289],[54.853809,41.965186],[54.120996,42.335205],[53.055859,42.147754],[52.493848,41.780371],[52.596582,42.760156],[51.898242,42.869629],[51.616016,43.158447],[51.29541,43.174121],[51.301758,43.482373],[50.830762,44.192773],[50.25293,44.461523],[50.409473,44.624023],[51.543555,44.531006],[51.009375,44.921826],[51.415723,45.357861],[53.200391,45.331982],[52.773828,45.572754],[53.135254,46.19165],[53.069434,46.856055],[52.483203,46.990674],[52.138281,46.828613],[51.178027,47.110156],[49.347461,46.519141],[49.232227,46.337158],[48.610156,46.566455],[48.518555,46.734326],[48.959375,46.774609],[48.166992,47.708789],[47.292383,47.740918],[47.064648,48.232471],[46.660938,48.412256],[46.702637,48.805566],[47.031348,49.150293],[46.823145,49.502246],[47.503613,50.402734],[48.334961,49.858252],[48.758984,49.92832],[48.625098,50.612695],[50.309277,51.321582],[50.793945,51.729199],[51.344531,51.475342],[52.219141,51.709375],[52.571191,51.481641],[53.338086,51.482373],[54.139746,51.040771],[54.555273,50.535791],[54.641602,51.011572],[55.68623,50.582861],[56.491406,51.019531],[57.011719,51.065186],[57.442188,50.888867],[57.838867,51.09165],[58.35918,51.063818],[58.883691,50.694434],[59.452344,50.62041],[59.523047,50.492871],[60.058594,50.850293],[60.424805,50.67915],[60.942285,50.695508],[61.389453,50.861035],[61.554688,51.324609],[60.464746,51.651172],[60.030273,51.933252],[60.994531,52.336865],[60.774414,52.675781],[61.047461,52.972461],[62.082715,53.00542],[61.199219,53.287158],[61.228906,53.445898],[61.534961,53.523291],[60.979492,53.621729],[61.231055,54.019482],[61.928711,53.946484],[64.46123,54.38418],[65.088379,54.340186],[65.476953,54.623291],[68.155859,54.976709],[68.20625,55.160937],[68.977246,55.3896],[70.182422,55.162451],[70.738086,55.305176],[71.185547,54.599316],[71.093164,54.212207],[72.004492,54.205664],[72.186035,54.325635],[72.446777,53.941846],[72.622266,54.134326],[73.229883,53.957812],[73.712402,54.042383],[73.305664,53.707227],[73.406934,53.447559],[73.858984,53.619727],[74.351562,53.487646],[75.437207,54.089648],[76.837305,54.442383],[76.65459,54.145264],[76.42168,54.151514],[76.484766,54.022559],[77.859961,53.269189],[79.98623,50.774561],[80.423633,50.946289],[80.448047,51.18335],[80.735254,51.293408],[81.127246,51.191064],[81.071484,50.96875],[81.388281,50.956494],[81.465918,50.739844],[82.493945,50.727588],[83.357324,50.99458],[83.945117,50.774658],[84.323242,50.23916],[84.989453,50.061426],[85.232617,49.61582],[86.180859,49.499316],[86.675488,49.777295],[86.626465,49.562695],[87.322852,49.085791],[86.808301,49.049707],[86.549414,48.528613],[85.749414,48.385059],[85.525977,47.915625],[85.656641,47.254639],[85.484766,47.063525],[84.786133,46.830713],[84.666602,46.972363],[83.029492,47.185937],[82.315234,45.594922],[82.611621,45.424268],[82.521484,45.125488],[81.944922,45.16084],[81.691992,45.349365],[79.871875,44.883789],[80.481543,44.714648],[80.355273,44.097266],[80.785742,43.161572],[80.390234,43.043115],[80.538965,42.873486],[80.202246,42.734473],[80.209375,42.190039],[79.921094,42.413135],[79.428223,42.483496],[79.12666,42.775732],[76.988086,42.973584],[75.366211,42.836963],[74.209082,43.240381],[73.55625,43.002783],[73.492969,42.409033],[71.760547,42.821484],[71.256641,42.733545],[70.946777,42.248682]]]]}},{"type":"Feature","properties":{"sigla":"JOR","nome":"Jord\u00e2nia"},"geometry":{"type":"Polygon","coordinates":[[[35.787305,32.734912],[36.37207,32.386914],[36.818359,32.317285],[38.773535,33.372217],[39.041406,32.305664],[39.292773,32.243848],[38.962305,31.994922],[36.958594,31.491504],[37.980078,30.5],[37.649902,30.330957],[37.469238,29.995068],[36.755273,29.866016],[36.01543,29.190479],[34.950781,29.353516],[35.439258,31.132422],[35.572852,32.640869],[35.787305,32.734912]]]}},{"type":"Feature","properties":{"sigla":"JPN","nome":"Jap\u00e3o"},"geometry":{"type":"MultiPolygon","coordinates":[[[[133.370508,36.203857],[133.239258,36.17876],[133.189941,36.232617],[133.206152,36.293408],[133.295703,36.340137],[133.370508,36.203857]]],[[[138.344043,37.822119],[138.225195,37.829395],[138.25,38.078467],[138.503613,38.315918],[138.453613,38.075684],[138.575195,38.065527],[138.344043,37.822119]]],[[[134.932813,34.288135],[134.667871,34.294141],[135.004688,34.544043],[134.932813,34.288135]]],[[[130.622754,30.262988],[130.388086,30.388184],[130.643555,30.388965],[130.622754,30.262988]]],[[[130.959766,30.396924],[130.872168,30.386328],[130.870313,30.444238],[130.947363,30.671191],[131.060352,30.828467],[131.057422,30.64248],[130.959766,30.396924]]],[[[130.08252,32.229687],[129.960156,32.24375],[130.009766,32.521631],[130.167773,32.541211],[130.08252,32.229687]]],[[[129.279492,34.123389],[129.214844,34.320654],[129.337109,34.284766],[129.279492,34.123389]]],[[[129.385645,34.353662],[129.266699,34.370459],[129.451074,34.686572],[129.385645,34.353662]]],[[[128.665332,32.783887],[128.894531,32.652148],[128.692969,32.604736],[128.665332,32.783887]]],[[[130.381055,32.42373],[130.241699,32.462793],[130.461426,32.515723],[130.381055,32.42373]]],[[[141.072754,45.332861],[141.033984,45.269336],[140.97168,45.465479],[141.056738,45.449561],[141.072754,45.332861]]],[[[141.29541,45.119336],[141.145313,45.153906],[141.135352,45.206201],[141.251855,45.232471],[141.329199,45.150488],[141.29541,45.119336]]],[[[139.48125,42.081006],[139.43457,42.084082],[139.431348,42.199561],[139.558398,42.235205],[139.48125,42.081006]]],[[[134.351855,34.483643],[134.251855,34.423047],[134.182129,34.519238],[134.325977,34.534375],[134.372266,34.522363],[134.351855,34.483643]]],[[[139.456445,34.726514],[139.445703,34.679541],[139.392383,34.689893],[139.37002,34.775439],[139.456445,34.726514]]],[[[129.076953,32.840283],[128.997266,32.951855],[129.109766,33.132568],[129.181934,32.993115],[129.076953,32.840283]]],[[[129.491797,33.223047],[129.37041,33.176025],[129.461914,33.33125],[129.569922,33.361035],[129.491797,33.223047]]],[[[129.795703,33.748828],[129.674805,33.739697],[129.717285,33.858398],[129.795703,33.748828]]],[[[132.578418,34.115186],[132.549414,34.075098],[132.460938,34.087256],[132.543457,34.172656],[132.578418,34.115186]]],[[[132.266016,33.945166],[132.444922,33.913184],[132.359961,33.847021],[132.208789,33.872852],[132.208008,33.947803],[132.266016,33.945166]]],[[[129.717969,31.657129],[129.686816,31.639648],[129.706836,31.718262],[129.787305,31.787109],[129.717969,31.657129]]],[[[142.188184,26.616504],[142.107129,26.721533],[142.161719,26.709961],[142.188184,26.616504]]],[[[143.824316,44.116992],[144.715234,43.927979],[145.369531,44.327393],[145.139648,43.6625],[145.34082,43.302539],[145.833008,43.385937],[144.921387,43.000928],[143.969336,42.881396],[143.429492,42.418896],[143.236523,42.000195],[141.851367,42.579053],[140.986133,42.342139],[140.480469,42.559375],[140.32666,42.293359],[141.150977,41.805078],[140.659863,41.815576],[140.270117,41.456006],[140.036621,41.473779],[140.108398,41.912939],[139.835449,42.278076],[139.860156,42.581738],[140.432227,42.954102],[140.392383,43.303125],[141.138184,43.179932],[141.374121,43.279639],[141.760938,44.48252],[141.583008,45.155957],[141.667969,45.40127],[141.937695,45.509521],[142.884766,44.670117],[143.824316,44.116992]]],[[[131.174609,33.602588],[131.696289,33.602832],[131.537402,33.274072],[131.896582,33.25459],[132.002148,32.882373],[131.660352,32.465625],[131.337207,31.404687],[131.070801,31.436865],[131.098438,31.256152],[130.685742,31.015137],[130.77627,31.706299],[130.556055,31.563086],[130.58877,31.178516],[130.147266,31.408496],[130.321973,31.601465],[130.194434,32.090771],[130.640527,32.619238],[130.497852,32.656934],[130.547266,32.831592],[130.2375,33.177637],[130.175,32.851318],[130.326465,32.852637],[130.34043,32.701855],[130.054102,32.770801],[129.768555,32.570996],[129.679102,33.059961],[129.991699,32.851562],[129.580078,33.236279],[130.715625,33.927783],[131.174609,33.602588]]],[[[134.357422,34.256348],[134.6375,34.226611],[134.738867,33.820508],[134.377051,33.608398],[134.181641,33.247217],[133.632031,33.510986],[133.285938,33.359961],[132.804297,32.752002],[132.495117,32.916602],[132.412793,33.430469],[132.032617,33.33999],[132.643066,33.689941],[132.935156,34.095312],[133.193066,33.933203],[133.582031,34.017139],[133.602637,34.243848],[133.94834,34.348047],[134.357422,34.256348]]],[[[141.229297,41.372656],[141.455469,41.404736],[141.430469,40.72334],[141.79707,40.291162],[141.976953,39.428809],[141.46748,38.40415],[141.108398,38.337939],[140.962109,38.148877],[141.00166,37.114648],[140.573535,36.231348],[140.874023,35.724951],[140.457422,35.510254],[140.354688,35.181445],[139.843945,34.914893],[139.826465,35.29668],[140.096875,35.585156],[139.834766,35.658057],[139.65,35.409131],[139.675,35.149268],[139.249414,35.278027],[138.8375,34.619238],[138.903613,35.025244],[138.719629,35.124072],[138.189063,34.596338],[137.061719,34.582812],[137.275195,34.77251],[136.871289,34.733105],[136.804199,35.050293],[136.533008,34.678369],[136.853711,34.324072],[136.329883,34.176855],[135.916211,33.561719],[135.695312,33.486963],[135.452832,33.553369],[135.12793,34.006982],[135.100098,34.288379],[135.415918,34.61748],[134.740039,34.765234],[133.142383,34.302441],[132.312598,34.324951],[132.146484,33.83877],[131.740527,34.052051],[130.918848,33.975732],[131.004199,34.392578],[131.354395,34.413184],[132.922949,35.511279],[133.98125,35.507227],[135.174316,35.74707],[135.326953,35.525537],[135.903125,35.606885],[136.095313,35.767627],[136.06748,36.116846],[136.698145,36.742041],[136.843457,37.382129],[137.322656,37.52207],[136.899902,37.117676],[137.016699,36.837207],[137.246289,36.753174],[138.319922,37.218408],[138.885059,37.843945],[139.363867,38.099023],[139.801953,38.881592],[140.064746,39.624414],[139.994727,39.855078],[139.741504,39.92085],[140.011133,40.260352],[139.966699,40.672754],[140.28125,40.846094],[140.385938,41.229785],[140.627637,41.19541],[140.748633,40.830322],[141.118555,40.882275],[141.244238,41.205615],[140.800586,41.138818],[140.801855,41.253662],[140.936914,41.505566],[141.229297,41.372656]]],[[[124.293164,24.515918],[124.234277,24.358057],[124.135742,24.347607],[124.084766,24.43584],[124.210547,24.458643],[124.301953,24.587109],[124.293164,24.515918]]],[[[123.888672,24.280127],[123.679785,24.317773],[123.771484,24.414453],[123.888672,24.280127]]],[[[125.444141,24.743164],[125.268945,24.73252],[125.283594,24.871924],[125.444141,24.743164]]],[[[128.258789,26.652783],[127.86709,26.44248],[127.653125,26.094727],[127.907227,26.693604],[128.097656,26.667773],[128.254883,26.881885],[128.258789,26.652783]]],[[[128.998145,27.720801],[128.9,27.727783],[128.907617,27.897998],[128.95166,27.910254],[128.998145,27.720801]]],[[[129.452539,28.208984],[129.164648,28.249756],[129.689551,28.51748],[129.452539,28.208984]]],[[[129.324023,28.104932],[129.232422,28.101123],[129.19248,28.19248],[129.324023,28.104932]]],[[[139.841113,33.056055],[139.775684,33.078223],[139.777441,33.125146],[139.873633,33.093506],[139.841113,33.056055]]]]}},{"type":"Feature","properties":{"sigla":"ISR","nome":"Israel"},"geometry":{"type":"Polygon","coordinates":[[[35.840723,33.415674],[35.887977,32.944379],[35.572852,32.640869],[35.551465,32.395508],[35.193262,32.534424],[34.955957,32.160937],[34.961133,31.82334],[35.203711,31.75],[34.880469,31.368164],[35.450586,31.479297],[34.904297,29.477344],[34.245313,31.208301],[34.525586,31.525635],[35.108594,33.083691],[35.41123,33.075684],[35.840723,33.415674]]]}},{"type":"Feature","properties":{"sigla":"PSX","nome":"Palestina"},"geometry":{"type":"MultiPolygon","coordinates":[[[[34.477344,31.584863],[34.245313,31.208301],[34.198145,31.322607],[34.477344,31.584863]]],[[[35.551465,32.395508],[35.450586,31.479297],[34.880469,31.368164],[35.203711,31.75],[34.953809,31.84126],[35.065039,32.460449],[35.551465,32.395508]]]]}},{"type":"Feature","properties":{"sigla":"IRQ","nome":"Iraque"},"geometry":{"type":"Polygon","coordinates":[[[42.358984,37.108594],[42.774609,37.371875],[44.114453,37.301855],[44.281836,36.978027],[44.730957,37.165283],[45.361621,36.015332],[46.273438,35.773242],[45.99502,35.608105],[46.133789,35.127637],[45.500781,34.581592],[45.542773,34.215527],[45.39707,33.97085],[46.019922,33.415723],[46.112793,32.957666],[47.371289,32.42373],[47.82998,31.794434],[47.679492,31.002393],[48.010645,30.989795],[48.014941,30.465625],[48.546484,29.962354],[47.223242,30.041504],[46.531445,29.09624],[44.716504,29.193604],[42.074414,31.080371],[40.369336,31.938965],[39.14541,32.124512],[39.292773,32.243848],[39.041406,32.305664],[38.773535,33.372217],[40.987012,34.429053],[41.194727,34.768994],[41.354102,35.64043],[41.295996,36.38335],[41.788574,36.597168],[42.358984,37.108594]]]}},{"type":"Feature","properties":{"sigla":"IRN","nome":"Ir\u00e3"},"geometry":{"type":"MultiPolygon","coordinates":[[[[56.187988,26.921143],[55.954297,26.701123],[55.29502,26.639209],[55.762598,26.811963],[55.757617,26.947656],[56.187988,26.921143]]],[[[53.91416,37.343555],[54.699414,37.470166],[54.900098,37.77793],[55.380859,38.051123],[56.27207,38.08042],[56.440625,38.249414],[57.193555,38.216406],[57.353711,37.97334],[58.261621,37.66582],[59.301758,37.510645],[60.341309,36.637646],[61.169922,36.572266],[61.278516,35.51377],[61.1,35.272314],[61.080078,34.855615],[60.72627,34.518262],[60.889453,34.319434],[60.642676,34.307178],[60.485742,34.094775],[60.485938,33.711914],[60.916992,33.505225],[60.560547,33.137842],[60.829297,32.249414],[60.820703,31.495166],[61.660156,31.382422],[61.81084,30.913281],[60.843359,29.858691],[61.889844,28.546533],[62.758008,28.243555],[62.752734,27.265625],[63.305176,27.124561],[63.157813,26.649756],[62.439258,26.561035],[61.842383,26.225928],[61.587891,25.202344],[61.412207,25.1021],[60.510547,25.437061],[60.400195,25.311572],[59.046094,25.417285],[57.33457,25.791553],[56.812891,27.08999],[56.118066,27.143115],[54.644922,26.508936],[53.705762,26.725586],[52.691602,27.323389],[52.475879,27.616504],[51.589063,27.864209],[51.278906,28.131348],[50.875781,29.062695],[50.675195,29.146582],[50.649609,29.420068],[50.071582,30.198535],[49.554883,30.028955],[49.001953,30.373926],[49.224512,30.472314],[49.001953,30.506543],[48.870117,30.062402],[48.43457,30.037598],[48.014941,30.465625],[48.010645,30.989795],[47.679492,31.002393],[47.82998,31.794434],[47.371289,32.42373],[46.112793,32.957666],[46.019922,33.415723],[45.39707,33.97085],[45.542773,34.215527],[45.500781,34.581592],[46.133789,35.127637],[45.99502,35.608105],[46.273438,35.773242],[45.361621,36.015332],[44.880859,36.799316],[44.794141,37.290381],[44.574023,37.4354],[44.589941,37.710352],[44.211328,37.908057],[44.449902,38.334229],[44.298535,38.386279],[44.023242,39.377441],[44.389355,39.422119],[44.587109,39.768555],[45.479688,39.00625],[46.170117,38.869043],[46.554785,38.904395],[47.995898,39.683936],[48.322168,39.399072],[48.104395,39.241113],[48.29209,39.018848],[47.996484,38.85376],[48.592676,38.411084],[48.86875,38.435498],[49.080957,37.667578],[50.130469,37.407129],[50.533203,37.013672],[51.118555,36.742578],[52.190137,36.621729],[53.767676,36.930322],[53.679492,36.853125],[53.970117,36.818311],[53.91416,37.343555]]]]}},{"type":"Feature","properties":{"sigla":"IDN","nome":"Indon\u00e9sia"},"geometry":{"type":"MultiPolygon","coordinates":[[[[97.481543,1.465088],[97.931934,0.973926],[97.82041,0.564453],[97.079199,1.425488],[97.481543,1.465088]]],[[[99.163867,-1.77793],[98.827734,-1.609961],[98.601758,-1.197852],[98.676074,-0.970508],[98.932617,-0.954004],[99.267285,-1.627734],[99.163867,-1.77793]]],[[[116.64082,-8.613867],[116.586523,-8.886133],[115.857324,-8.787891],[116.076465,-8.744922],[116.061133,-8.437402],[116.401563,-8.204199],[116.718945,-8.336035],[116.64082,-8.613867]]],[[[115.447852,-8.155176],[115.704297,-8.407129],[115.144922,-8.849023],[115.055078,-8.573047],[114.467578,-8.166309],[115.447852,-8.155176]]],[[[106.045703,-1.669434],[106.365918,-2.464844],[106.818457,-2.57334],[106.612012,-2.895508],[106.667188,-3.071777],[105.99873,-2.824902],[105.78584,-2.181348],[105.133398,-2.042578],[105.45957,-1.574707],[105.585449,-1.526758],[105.700879,-1.731055],[105.72041,-1.533887],[105.910059,-1.50498],[106.045703,-1.669434]]],[[[123.179785,-4.551172],[123.195703,-4.822656],[123.055176,-4.748242],[122.97168,-5.138477],[123.187305,-5.333008],[122.64502,-5.663379],[122.85332,-4.618359],[123.074609,-4.386914],[123.179785,-4.551172]]],[[[122.645117,-5.269434],[122.563867,-5.3875],[122.283105,-5.319531],[122.368945,-4.767188],[122.701953,-4.618652],[122.645117,-5.269434]]],[[[108.316016,3.689648],[108.100391,3.704541],[108.243262,3.810352],[108.002344,3.982861],[108.24834,4.217139],[108.392871,3.986182],[108.316016,3.689648]]],[[[108.207227,-2.997656],[108.055273,-3.226855],[107.858203,-3.086328],[107.614453,-3.209375],[107.666309,-2.566309],[108.215137,-2.696973],[108.207227,-2.997656]]],[[[135.383008,-0.651367],[135.893555,-0.725781],[136.375293,-1.094043],[135.915039,-1.178418],[135.74707,-0.823047],[135.383008,-0.651367]]],[[[135.474219,-1.591797],[136.892578,-1.799707],[136.228125,-1.893652],[135.474219,-1.591797]]],[[[130.813281,-0.004102],[131.276855,-0.149805],[131.217871,-0.374121],[130.683496,-0.080664],[130.896289,-0.416016],[130.236621,-0.209668],[130.813281,-0.004102]]],[[[128.453906,2.051758],[128.295898,2.034717],[128.217969,2.297461],[128.602148,2.597607],[128.623242,2.224414],[128.453906,2.051758]]],[[[128.153027,-1.660547],[127.561621,-1.728516],[127.39502,-1.589844],[127.64668,-1.332422],[128.153027,-1.660547]]],[[[126.055078,-2.45127],[125.97793,-2.41543],[125.862891,-2.077148],[125.922754,-1.974805],[125.992676,-2.011816],[125.975977,-2.168066],[126.065723,-2.36582],[126.055078,-2.45127]]],[[[126.024219,-1.789746],[126.331738,-1.822852],[125.956445,-1.916602],[125.387207,-1.843066],[126.024219,-1.789746]]],[[[124.969531,-1.705469],[125.314063,-1.877148],[124.417773,-2.005176],[124.329688,-1.858887],[124.417578,-1.659277],[124.969531,-1.705469]]],[[[131.325586,-7.999512],[131.11377,-7.997363],[131.137793,-7.684863],[131.643457,-7.112793],[131.624414,-7.626172],[131.325586,-7.999512]]],[[[126.800977,-7.667871],[126.47207,-7.950391],[125.798242,-7.98457],[125.975293,-7.663379],[126.800977,-7.667871]]],[[[124.575586,-8.14082],[125.050293,-8.17959],[125.131738,-8.326465],[124.444238,-8.444629],[124.393555,-8.253027],[124.575586,-8.14082]]],[[[131.001855,-1.315527],[130.782324,-1.255469],[130.672949,-0.959766],[131.033008,-0.917578],[131.001855,-1.315527]]],[[[96.492578,5.229346],[97.547168,5.205859],[98.248438,4.414551],[98.307324,4.092871],[99.732324,3.183057],[100.523828,2.18916],[100.887891,1.948242],[100.828223,2.242578],[101.046191,2.257471],[101.47666,1.693066],[102.019922,1.442139],[102.389941,0.841992],[103.031836,0.578906],[103.00752,0.415332],[102.55,0.216455],[103.338965,0.513721],[103.672656,0.288916],[103.786719,0.046973],[103.428516,-0.191797],[103.438574,-0.575586],[103.721094,-0.886719],[104.360547,-1.038379],[104.515918,-1.819434],[104.845215,-2.092969],[104.650781,-2.595215],[104.970801,-2.370898],[105.396973,-2.380176],[106.044336,-3.10625],[105.84375,-3.613672],[105.887207,-5.00957],[105.74834,-5.818262],[105.349414,-5.549512],[105.081348,-5.745508],[104.639551,-5.52041],[104.601562,-5.90459],[101.578613,-3.166992],[100.889551,-2.248535],[100.308203,-0.82666],[99.669824,0.045068],[99.15918,0.351758],[98.595313,1.8646],[97.700781,2.358545],[97.59082,2.846582],[96.968945,3.575146],[96.444727,3.816309],[95.578613,4.661963],[95.206641,5.284033],[95.227832,5.564795],[95.628906,5.609082],[96.492578,5.229346]]],[[[122.78291,-8.611719],[121.035254,-8.935449],[119.909375,-8.857617],[119.80791,-8.697656],[119.874805,-8.419824],[120.610254,-8.24043],[121.444531,-8.577832],[121.966504,-8.455176],[122.323242,-8.62832],[122.850488,-8.304395],[122.845703,-8.093262],[123.005957,-8.329102],[122.78291,-8.611719]]],[[[120.0125,-9.374707],[120.555566,-9.719043],[120.804199,-10.108496],[120.43916,-10.294043],[119.601074,-9.773535],[119.085449,-9.706934],[119.031445,-9.440234],[120.0125,-9.374707]]],[[[118.242383,-8.317773],[118.987793,-8.337695],[119.129687,-8.668164],[118.745898,-8.735449],[118.832617,-8.833398],[118.478613,-8.856445],[118.378906,-8.674609],[117.387891,-9.031934],[116.788477,-9.006348],[116.835059,-8.532422],[117.164844,-8.367188],[117.56709,-8.426367],[117.969531,-8.728027],[118.234863,-8.591895],[117.814844,-8.34209],[117.755273,-8.149512],[118.11748,-8.122266],[118.242383,-8.317773]]],[[[124.888867,0.995312],[124.427539,0.470605],[123.753809,0.305518],[122.996875,0.493506],[120.579004,0.52832],[120.192285,0.268506],[120.013281,-0.196191],[120.062891,-0.555566],[120.667383,-1.370117],[121.148535,-1.339453],[121.575586,-0.828516],[121.969629,-0.933301],[123.171484,-0.570703],[123.43418,-0.778223],[123.37793,-1.004102],[122.902832,-0.900977],[122.250684,-1.555273],[121.650977,-1.89541],[121.355469,-1.878223],[122.291699,-2.907617],[122.399023,-3.200879],[122.25293,-3.62041],[122.689648,-4.084473],[122.847949,-4.064551],[122.872266,-4.391992],[122.114258,-4.540234],[122.038086,-4.832422],[121.588672,-4.75957],[121.486523,-4.581055],[121.618066,-4.092676],[120.891797,-3.520605],[121.052148,-2.75166],[120.653613,-2.667578],[120.261035,-2.949316],[120.436621,-3.707324],[120.279297,-5.146094],[120.430371,-5.591016],[119.557422,-5.611035],[119.360352,-5.31416],[119.623633,-4.034375],[119.46748,-3.512988],[118.994629,-3.537598],[118.867676,-3.398047],[118.783301,-2.720801],[119.092188,-2.48291],[119.321875,-1.929688],[119.308984,-1.408203],[119.508203,-0.906738],[119.711328,-0.680762],[119.844336,-0.861914],[119.721875,-0.088477],[120.269531,0.970801],[120.602539,0.854395],[121.081738,1.327637],[121.591797,1.067969],[122.838281,0.845703],[123.930762,0.850439],[125.110938,1.685693],[125.233789,1.502295],[124.888867,0.995312]]],[[[107.373926,-6.007617],[107.666797,-6.21582],[108.330176,-6.286035],[108.677832,-6.790527],[110.42627,-6.947266],[110.834766,-6.424219],[111.181543,-6.686719],[111.540332,-6.648242],[112.539258,-6.926465],[112.794531,-7.552441],[113.013574,-7.657715],[114.070703,-7.633008],[114.409277,-7.79248],[114.386914,-8.405176],[114.583789,-8.769629],[113.25332,-8.286719],[112.678809,-8.40918],[111.509961,-8.305078],[109.281641,-7.704883],[108.451758,-7.796973],[106.455273,-7.368652],[106.519727,-7.053711],[105.255469,-6.835254],[105.273438,-6.729395],[105.483691,-6.781543],[106.075,-5.91416],[106.825195,-6.098242],[107.046289,-5.904199],[107.373926,-6.007617]]],[[[109.628906,2.027539],[109.654004,1.614893],[110.505762,0.861963],[111.101367,1.050537],[111.808984,1.01167],[112.476172,1.559082],[112.942969,1.566992],[113.622266,1.235937],[113.902344,1.434277],[114.5125,1.452002],[114.830566,1.980029],[114.786426,2.250488],[115.179102,2.523193],[115.117578,2.894873],[115.454395,3.034326],[115.678809,4.193018],[115.860742,4.348047],[117.100586,4.337061],[117.574414,4.170605],[117.465332,4.076074],[117.777246,3.689258],[117.055957,3.622656],[117.346289,3.426611],[117.352441,3.19375],[117.610645,3.064355],[117.569141,2.929297],[118.066602,2.317822],[117.789258,2.026855],[118.984961,0.982129],[118.534766,0.813525],[117.911621,1.098682],[117.964258,0.889551],[117.522168,0.235889],[117.5625,-0.770898],[116.913965,-1.223633],[116.739844,-1.044238],[116.753418,-1.327344],[116.275488,-1.784863],[116.451953,-1.923145],[116.313965,-2.139844],[116.56543,-2.299707],[116.529297,-2.510547],[116.316797,-2.551855],[116.330664,-2.902148],[116.166309,-2.93457],[116.257227,-3.126367],[115.956152,-3.59502],[114.693555,-4.169727],[114.525586,-3.37666],[114.344336,-3.444434],[114.344336,-3.235156],[113.705078,-3.455273],[113.610059,-3.195703],[113.343164,-3.246484],[113.033984,-2.933496],[112.758008,-3.322168],[112.284961,-3.320996],[111.858105,-3.551855],[111.694727,-2.889453],[110.930078,-3.071094],[110.899316,-2.908594],[110.256055,-2.966113],[109.959863,-1.862793],[109.983301,-1.274805],[109.787402,-1.011328],[109.258789,-0.807422],[109.372754,-0.638184],[109.121094,-0.390918],[109.25752,0.031152],[108.944531,0.355664],[109.075879,1.495898],[109.628906,2.027539]]],[[[127.732715,0.848145],[127.881055,0.832129],[128.222461,1.400635],[128.688379,1.572559],[128.702637,1.106396],[128.260645,0.733789],[128.899609,0.21626],[127.983105,0.471875],[127.887402,0.29834],[127.977832,-0.24834],[128.425488,-0.892676],[128.046387,-0.706055],[127.691602,-0.241895],[127.608008,0.848242],[127.428516,1.13999],[127.631738,1.843701],[128.036426,2.199023],[127.886816,1.832959],[128.011719,1.331738],[127.652832,1.013867],[127.732715,0.848145]]],[[[129.754688,-2.86582],[130.569922,-3.130859],[130.859961,-3.570312],[130.805078,-3.857715],[129.844141,-3.327148],[129.511719,-3.328516],[129.467676,-3.453223],[128.8625,-3.234961],[128.516602,-3.449121],[128.132031,-3.157422],[127.902344,-3.496289],[127.87793,-3.22207],[128.198535,-2.865918],[129.754688,-2.86582]]],[[[126.861133,-3.087891],[127.227344,-3.391016],[127.22959,-3.633008],[126.686328,-3.823633],[126.056543,-3.420996],[126.088281,-3.105469],[126.861133,-3.087891]]],[[[124.922266,-8.94248],[125.149023,-9.042578],[124.960156,-9.21377],[125.068164,-9.511914],[124.963086,-9.665625],[124.427539,-10.148633],[123.644141,-10.310938],[123.709375,-9.614844],[124.036328,-9.341602],[124.319336,-9.41377],[124.922266,-8.94248]]],[[[134.746973,-5.707031],[134.71416,-6.295117],[134.441113,-6.334863],[134.154883,-6.062891],[134.343066,-5.833008],[134.205371,-5.707227],[134.570801,-5.427344],[134.746973,-5.707031]]],[[[134.536816,-6.442285],[134.322754,-6.84873],[134.09082,-6.833789],[134.114648,-6.19082],[134.536816,-6.442285]]],[[[138.535352,-8.273633],[138.296289,-8.405176],[137.650391,-8.386133],[138.081836,-7.566211],[138.769824,-7.39043],[138.989063,-7.696094],[138.535352,-8.273633]]],[[[140.973438,-2.609766],[140.975,-6.346094],[140.862305,-6.740039],[140.975195,-6.905371],[140.976172,-9.11875],[140.00293,-8.195508],[140.116992,-7.92373],[139.934766,-8.101172],[139.385645,-8.189063],[139.248828,-7.982422],[138.890625,-8.237793],[139.087988,-7.587207],[138.747949,-7.251465],[139.176855,-7.19043],[138.601367,-6.936523],[138.864551,-6.858398],[138.438672,-6.343359],[138.374609,-5.843652],[138.199609,-5.807031],[138.339648,-5.675684],[138.087109,-5.70918],[138.06084,-5.465234],[137.279785,-4.94541],[135.979688,-4.530859],[135.195605,-4.450684],[134.679688,-4.079102],[134.886523,-3.938477],[133.973828,-3.817969],[133.67832,-3.479492],[133.841504,-3.054785],[133.518164,-3.411914],[133.400879,-3.899023],[133.24873,-4.062305],[132.914453,-4.056934],[132.751367,-3.294629],[131.971191,-2.788574],[132.230664,-2.680371],[132.725,-2.789062],[133.191016,-2.437793],[133.700098,-2.624609],[133.921582,-2.102051],[132.307617,-2.242285],[132.023438,-1.990332],[131.930371,-1.559668],[130.995898,-1.424707],[131.257227,-0.855469],[132.39375,-0.355469],[133.472656,-0.726172],[133.974512,-0.744336],[134.25957,-1.362988],[134.105859,-1.720996],[134.194824,-2.309082],[134.459961,-2.832324],[134.483301,-2.583008],[134.627441,-2.536719],[134.886816,-3.209863],[135.251563,-3.368555],[135.486621,-3.345117],[135.85918,-2.995313],[136.389941,-2.27334],[137.07207,-2.105078],[137.123438,-1.840918],[137.80625,-1.483203],[139.789551,-2.348242],[140.973438,-2.609766]]],[[[138.895117,-8.388672],[138.563379,-8.309082],[138.796191,-8.173633],[138.895117,-8.388672]]],[[[101.708105,2.078418],[101.719434,1.78916],[101.500781,1.733203],[101.409668,2.02168],[101.708105,2.078418]]],[[[102.427148,0.990137],[102.27959,1.075684],[102.256348,1.39707],[102.442871,1.234229],[102.427148,0.990137]]],[[[102.491895,1.45918],[102.499414,1.330908],[102.024023,1.607959],[102.491895,1.45918]]],[[[103.027539,0.746631],[102.49043,0.856641],[102.506641,1.08877],[103.027539,0.746631]]],[[[103.166406,0.870166],[102.701855,1.053711],[102.725586,1.158838],[103.166406,0.870166]]],[[[103.284473,0.541943],[103.139551,0.549072],[103.187402,0.699756],[103.284473,0.541943]]],[[[103.450195,0.664453],[103.344434,0.777881],[103.386133,0.86958],[103.497461,0.722705],[103.450195,0.664453]]],[[[104.024805,1.180566],[104.139844,1.165576],[104.066113,0.989551],[103.932227,1.071387],[104.024805,1.180566]]],[[[104.585352,1.216113],[104.575195,0.831934],[104.439258,1.050439],[104.251953,1.014893],[104.585352,1.216113]]],[[[104.778613,-0.175977],[104.914258,-0.32334],[104.44707,-0.18916],[104.542676,0.017725],[104.778613,-0.175977]]],[[[104.474219,-0.334668],[104.590137,-0.466602],[104.363184,-0.658594],[104.257129,-0.463281],[104.474219,-0.334668]]],[[[103.736523,-0.347949],[103.461328,-0.357617],[103.548926,-0.227539],[103.736523,-0.347949]]],[[[109.710254,-1.180664],[109.463672,-1.277539],[109.475977,-0.985352],[109.743359,-1.039355],[109.710254,-1.180664]]],[[[113.844531,-7.105371],[113.126953,-7.224121],[112.725879,-7.072754],[112.868066,-6.899902],[113.974707,-6.873047],[114.073633,-6.960156],[113.844531,-7.105371]]],[[[134.965332,-1.116016],[134.861719,-1.11416],[134.808887,-1.037598],[134.82793,-0.978809],[134.889258,-0.938477],[134.996289,-1.034082],[134.965332,-1.116016]]],[[[127.249902,-0.495313],[127.119141,-0.520508],[127.126465,-0.278613],[127.290039,-0.284375],[127.249902,-0.495313]]],[[[127.566992,-0.318945],[127.60498,-0.610156],[127.880176,-0.808691],[127.761133,-0.883691],[127.462695,-0.805957],[127.3,-0.500293],[127.325098,-0.33584],[127.566992,-0.318945]]],[[[132.92627,-5.902051],[132.84502,-5.987988],[132.937695,-5.682617],[133.008789,-5.621387],[133.138477,-5.317871],[133.172852,-5.348145],[133.119629,-5.575977],[132.971094,-5.73584],[132.92627,-5.902051]]],[[[132.807129,-5.850781],[132.681445,-5.912598],[132.630176,-5.607031],[132.807129,-5.850781]]],[[[128.275586,-3.674609],[127.925,-3.699316],[128.329102,-3.515918],[128.275586,-3.674609]]],[[[126.816602,4.033496],[126.704492,4.070996],[126.757324,4.5479],[126.921094,4.291016],[126.816602,4.033496]]],[[[125.658105,3.436035],[125.511523,3.461133],[125.468848,3.733252],[125.658105,3.436035]]],[[[130.862207,-8.31875],[131.020117,-8.091309],[131.176367,-8.130762],[130.862207,-8.31875]]],[[[129.838867,-7.95459],[129.713477,-8.040723],[129.608984,-7.803418],[129.838867,-7.95459]]],[[[127.823438,-8.098828],[128.119238,-8.170703],[128.023535,-8.255371],[127.823438,-8.098828]]],[[[130.35332,-1.690527],[130.418848,-1.971289],[130.248047,-2.047754],[129.737695,-1.866895],[130.35332,-1.690527]]],[[[102.367188,-5.478711],[102.285937,-5.483496],[102.110742,-5.322559],[102.198438,-5.288867],[102.371777,-5.366406],[102.405469,-5.404785],[102.367188,-5.478711]]],[[[100.425098,-3.18291],[100.198535,-2.785547],[100.45459,-3.001953],[100.425098,-3.18291]]],[[[100.204102,-2.741016],[100.014941,-2.819727],[99.987891,-2.525391],[100.204102,-2.741016]]],[[[99.843066,-2.343066],[99.607031,-2.25752],[99.572168,-2.025781],[99.843066,-2.343066]]],[[[98.459277,-0.530469],[98.309668,-0.531836],[98.427148,-0.226465],[98.322949,-0.000781],[98.544141,-0.257617],[98.459277,-0.530469]]],[[[96.463672,2.36001],[95.717188,2.825977],[95.895801,2.889062],[96.463672,2.36001]]],[[[122.042969,-5.437988],[121.808496,-5.256152],[121.913672,-5.072266],[122.042969,-5.437988]]],[[[123.212305,-1.171289],[123.237793,-1.389355],[123.434766,-1.236816],[123.511914,-1.447363],[123.274902,-1.437207],[123.172949,-1.616016],[123.150391,-1.304492],[122.89043,-1.587207],[122.908008,-1.182227],[123.212305,-1.171289]]],[[[121.864355,-0.406836],[121.906836,-0.45127],[121.88125,-0.502637],[121.655273,-0.526172],[121.749316,-0.407031],[121.864355,-0.406836]]],[[[120.52832,-6.298438],[120.487305,-6.464844],[120.435547,-6.180176],[120.477344,-5.775293],[120.549219,-5.969238],[120.52832,-6.298438]]],[[[115.377051,-6.970801],[115.240527,-6.86123],[115.546094,-6.938672],[115.377051,-6.970801]]],[[[116.30332,-3.868164],[116.093359,-4.054102],[116.018359,-3.699902],[116.269727,-3.251074],[116.30332,-3.868164]]],[[[122.948926,-10.909277],[122.845703,-10.761816],[123.371094,-10.474902],[123.418164,-10.65127],[122.948926,-10.909277]]],[[[124.286621,-8.329492],[124.14668,-8.531445],[123.927734,-8.448926],[124.239551,-8.203418],[124.286621,-8.329492]]],[[[123.924805,-8.272461],[123.553027,-8.566797],[123.230078,-8.530664],[123.391211,-8.280469],[123.924805,-8.272461]]],[[[123.31748,-8.354785],[123.025,-8.395508],[123.21709,-8.235449],[123.31748,-8.354785]]],[[[134.716113,-6.549414],[134.66084,-6.558887],[134.633691,-6.477246],[134.679102,-6.456055],[134.716113,-6.549414]]],[[[103.423926,1.04834],[103.429688,0.993359],[103.31543,1.071289],[103.37998,1.133643],[103.423926,1.04834]]],[[[103.828613,0.801025],[103.742383,0.82998],[103.751953,0.891357],[103.828613,0.801025]]],[[[104.239355,0.833984],[104.176758,0.804883],[104.108301,0.933545],[104.239355,0.833984]]],[[[104.689258,0.059521],[104.603516,0.095215],[104.499219,0.23208],[104.689258,0.059521]]],[[[106.285254,3.157129],[106.283691,3.088232],[106.214551,3.128564],[106.200977,3.204883],[106.271191,3.216309],[106.285254,3.157129]]],[[[105.760352,2.863037],[105.692187,3.0625],[105.836719,2.976514],[105.760352,2.863037]]],[[[108.8875,2.90542],[108.838867,2.853027],[108.786523,2.885645],[108.885742,2.998975],[108.8875,2.90542]]],[[[108.953125,-1.619629],[108.837891,-1.661621],[108.803711,-1.567773],[108.956836,-1.564063],[108.953125,-1.619629]]],[[[107.47334,-2.899512],[107.409277,-2.900586],[107.419336,-2.838086],[107.499707,-2.84502],[107.47334,-2.899512]]],[[[106.886426,-3.005273],[106.814258,-3.014453],[106.742871,-2.932813],[106.796875,-2.898926],[106.910645,-2.933984],[106.886426,-3.005273]]],[[[114.412598,-7.133496],[114.346875,-7.163281],[114.298828,-7.097559],[114.383594,-7.080664],[114.412598,-7.133496]]],[[[112.719434,-5.811035],[112.602148,-5.843652],[112.586035,-5.803613],[112.690039,-5.726172],[112.719434,-5.811035]]],[[[105.252832,-6.64043],[105.121387,-6.614941],[105.260547,-6.523926],[105.252832,-6.64043]]],[[[97.33418,2.075635],[97.108301,2.216895],[97.291406,2.20083],[97.33418,2.075635]]],[[[95.362109,5.812402],[95.283203,5.798535],[95.217676,5.889502],[95.35918,5.876758],[95.362109,5.812402]]],[[[123.597559,-1.704297],[123.48252,-1.681445],[123.528516,-1.502832],[123.597559,-1.704297]]],[[[123.242383,-4.112988],[123.076172,-4.227148],[122.969043,-4.02998],[123.211914,-3.997559],[123.242383,-4.112988]]],[[[123.848242,-1.955469],[123.866016,-1.995703],[123.803516,-1.994336],[123.783496,-1.87832],[123.848242,-1.955469]]],[[[123.152539,-1.816504],[123.078809,-1.898926],[123.106445,-1.786719],[123.152539,-1.816504]]],[[[119.464063,-8.741016],[119.446484,-8.429199],[119.557227,-8.518848],[119.464063,-8.741016]]],[[[119.073828,-8.238867],[119.020898,-8.199902],[119.097754,-8.13916],[119.134863,-8.19707],[119.073828,-8.238867]]],[[[115.609961,-8.769824],[115.581934,-8.804199],[115.480469,-8.71543],[115.561426,-8.669922],[115.609961,-8.769824]]],[[[117.649023,4.168994],[117.884766,4.186133],[117.922852,4.054297],[117.736816,4.004004],[117.649023,4.168994]]],[[[117.658398,3.280518],[117.645801,3.247754],[117.560352,3.328223],[117.547852,3.431982],[117.680859,3.40752],[117.658398,3.280518]]],[[[124.05127,-5.97373],[124.04209,-6.021582],[123.975781,-5.880176],[124.05127,-5.97373]]],[[[123.626758,-5.271582],[123.622754,-5.373047],[123.582617,-5.367383],[123.542773,-5.271094],[123.626758,-5.271582]]],[[[120.774414,-7.118945],[120.64082,-7.11582],[120.633398,-7.018262],[120.781738,-7.063086],[120.774414,-7.118945]]],[[[117.556348,-8.367285],[117.490527,-8.183398],[117.665039,-8.148242],[117.556348,-8.367285]]],[[[116.424121,-3.464453],[116.387793,-3.636719],[116.326563,-3.539062],[116.426953,-3.399902],[116.424121,-3.464453]]],[[[127.372656,0.791309],[127.306055,0.769434],[127.292773,0.84248],[127.353809,0.847461],[127.372656,0.791309]]],[[[134.374219,-2.123535],[134.335059,-2.095215],[134.369531,-2.027637],[134.419043,-2.051758],[134.374219,-2.123535]]],[[[133.570801,-4.245898],[133.621875,-4.299316],[133.333008,-4.169629],[133.320898,-4.111035],[133.570801,-4.245898]]],[[[130.905273,-0.777441],[130.832422,-0.862891],[130.402441,-0.923926],[130.484277,-0.83252],[130.905273,-0.777441]]],[[[130.62666,-0.528711],[130.46543,-0.486523],[130.615918,-0.417285],[130.62666,-0.528711]]],[[[129.548926,-0.187012],[129.370117,-0.066406],[129.308789,0.04541],[129.548926,-0.187012]]],[[[127.453418,-0.005859],[127.448633,-0.036621],[127.396777,0.016602],[127.431348,0.142578],[127.453418,-0.005859]]],[[[127.419727,0.64209],[127.373633,0.634863],[127.382617,0.743555],[127.442578,0.733447],[127.419727,0.64209]]],[[[127.300391,-0.780957],[127.156445,-0.760938],[127.209082,-0.619336],[127.300391,-0.780957]]],[[[128.722461,-3.546875],[128.713281,-3.602539],[128.619531,-3.588574],[128.585156,-3.512207],[128.722461,-3.546875]]],[[[128.562598,-3.585449],[128.391602,-3.637891],[128.451563,-3.514746],[128.562598,-3.585449]]],[[[126.719336,3.874658],[126.721777,3.83252],[126.6375,4.041943],[126.739648,3.917725],[126.719336,3.874658]]],[[[126.851855,3.768457],[126.778906,3.843164],[126.857031,3.812402],[126.851855,3.768457]]],[[[125.407422,2.651611],[125.360059,2.746826],[125.39082,2.805371],[125.446484,2.762988],[125.407422,2.651611]]],[[[131.982031,-7.202051],[131.969531,-7.251367],[131.750781,-7.116797],[131.922266,-7.104492],[131.982031,-7.202051]]],[[[128.670117,-7.183301],[128.625,-7.208594],[128.529785,-7.13457],[128.627734,-7.06875],[128.670117,-7.183301]]],[[[127.419434,-7.623047],[127.355273,-7.646484],[127.370703,-7.512793],[127.475195,-7.531055],[127.419434,-7.623047]]],[[[123.416211,-10.302637],[123.325977,-10.3375],[123.325586,-10.26416],[123.458789,-10.139941],[123.496777,-10.193945],[123.405078,-10.227148],[123.416211,-10.302637]]],[[[121.883008,-10.590332],[121.704688,-10.555664],[121.99834,-10.446973],[121.883008,-10.590332]]],[[[134.819531,-6.43418],[134.795313,-6.393066],[134.88584,-6.323535],[134.819531,-6.43418]]],[[[134.674414,-6.749805],[134.629102,-6.712793],[134.735742,-6.62334],[134.674414,-6.749805]]],[[[127.987891,-2.936523],[127.937695,-3.02002],[127.834277,-3.004395],[127.987891,-2.936523]]],[[[127.60625,-3.315137],[127.629297,-3.35918],[127.487695,-3.288184],[127.554492,-3.254297],[127.60625,-3.315137]]],[[[122.977344,-8.545215],[122.945508,-8.604004],[122.887793,-8.587305],[123.010547,-8.44834],[123.153125,-8.475781],[122.977344,-8.545215]]]]}},{"type":"Feature","properties":{"sigla":"IND","nome":"\u00cdndia"},"geometry":{"type":"MultiPolygon","coordinates":[[[[68.165039,23.857324],[68.724121,23.964697],[68.781152,24.313721],[69.805176,24.165234],[70.489258,24.412158],[70.716309,24.237988],[71.044043,24.400098],[70.648438,25.666943],[70.264648,25.706543],[70.100195,25.910059],[70.147656,26.506445],[69.506934,26.742676],[69.537012,27.122949],[70.403711,28.025049],[70.797949,27.709619],[71.870313,27.9625],[72.341895,28.751904],[72.90332,29.02876],[73.381641,29.934375],[73.80918,30.093359],[73.899316,30.435352],[74.632812,31.034668],[74.555566,31.818555],[75.324707,32.215283],[75.233691,32.372119],[74.685742,32.493799],[74.663281,32.757666],[74.35459,32.768701],[74.303613,32.991797],[74.003809,33.189453],[74.15,33.506982],[73.976465,33.721289],[74.250879,33.946094],[73.904102,34.075684],[73.972363,34.236621],[73.794531,34.378223],[73.96123,34.653467],[74.300391,34.765381],[75.70918,34.503076],[76.594434,34.73584],[77.799414,35.495898],[78.042676,35.479785],[78.326953,34.606396],[78.970117,34.302637],[78.72666,34.013379],[78.801855,33.499707],[79.135156,33.171924],[79.219336,32.501074],[78.918945,32.358203],[78.700879,32.597021],[78.389648,32.519873],[78.735449,31.957959],[78.743555,31.323779],[79.107129,31.402637],[79.493164,30.993701],[80.149414,30.789844],[80.191211,30.568408],[81.010254,30.164502],[80.401855,29.730273],[80.070703,28.830176],[81.852637,27.86709],[82.677344,27.673437],[82.733398,27.518994],[83.289746,27.370996],[84.091016,27.491357],[84.610156,27.298682],[84.685352,27.041016],[85.240234,26.750342],[85.568457,26.839844],[85.794531,26.60415],[87.995117,26.382373],[88.161523,26.724805],[87.984375,27.133936],[88.141113,27.948926],[88.57793,28.093359],[88.803711,28.006934],[88.749023,27.521875],[88.891406,27.316064],[88.73877,27.175586],[89.148242,26.816162],[89.763867,26.701563],[90.345898,26.890332],[90.739648,26.77168],[91.99834,26.85498],[92.083398,27.290625],[91.594727,27.557666],[91.631934,27.759961],[92.54668,27.879199],[93.251953,28.629492],[93.760742,28.729785],[94.623047,29.312402],[95.389258,29.037402],[96.035352,29.447168],[96.355859,29.249072],[96.122363,29.08208],[96.137109,28.922607],[96.435742,29.050684],[96.580859,28.763672],[96.281445,28.412061],[96.602637,28.459912],[97.322461,28.217969],[97.335156,27.937744],[96.876855,27.586719],[97.102051,27.11543],[96.731641,27.331494],[96.19082,27.261279],[95.128711,26.597266],[95.132422,26.04126],[94.579883,25.319824],[94.707617,25.04873],[94.127637,23.876465],[93.32627,24.064209],[93.366016,23.13252],[93.16416,23.032031],[93.151172,22.230615],[92.909473,21.988916],[92.720996,22.132422],[92.574902,21.978076],[92.246094,23.683594],[91.92959,23.685986],[91.619531,22.979688],[91.43623,23.199902],[91.315234,23.104395],[91.165527,23.581055],[91.36709,24.093506],[91.876953,24.195312],[92.101953,24.408057],[92.22832,24.881348],[92.468359,24.944141],[92.049707,25.169482],[90.439355,25.157715],[89.833301,25.292773],[89.822949,25.941406],[89.670898,26.213818],[89.549902,26.005273],[89.369727,26.006104],[89.018652,26.410254],[88.828027,26.252197],[88.369922,26.564111],[88.44043,26.369482],[88.08457,25.888232],[88.95166,25.259277],[88.45625,25.188428],[88.023438,24.627832],[88.723535,24.274902],[88.567383,23.674414],[88.724414,23.25498],[88.928125,23.186621],[89.05166,21.654102],[88.85752,21.744678],[88.74502,21.584375],[88.641602,22.121973],[88.584668,21.659717],[88.2875,21.758203],[88.12207,21.635791],[88.196289,22.139551],[87.941406,22.374316],[88.159277,22.121729],[87.948437,21.825439],[87.100684,21.500781],[86.85957,21.236719],[86.975488,20.700146],[86.750391,20.313232],[86.376563,20.006738],[86.245215,20.053027],[86.216211,19.895801],[85.575,19.69292],[85.504102,19.887695],[85.248633,19.757666],[85.180762,19.594873],[85.441602,19.626562],[84.770996,19.125391],[84.104102,18.292676],[82.35957,17.096191],[82.258789,16.559863],[81.761914,16.329492],[81.286133,16.337061],[80.978711,15.75835],[80.646582,15.89502],[80.293457,15.710742],[80.053418,15.074023],[80.306543,13.485059],[80.15625,13.71377],[80.062109,13.60625],[80.342383,13.361328],[79.693164,11.312549],[79.848633,11.196875],[79.838184,10.322559],[79.314551,10.256689],[78.939941,9.565771],[79.019922,9.33335],[79.411426,9.192383],[78.97959,9.268555],[78.421484,9.105029],[78.19248,8.890869],[78.060156,8.38457],[77.517578,8.07832],[77.065918,8.315918],[76.553418,8.902783],[76.324609,9.4521],[76.242383,9.9271],[76.458789,9.53623],[76.346484,9.922119],[75.723828,11.361768],[74.945508,12.564551],[74.382227,14.494727],[73.949219,15.074756],[73.832813,15.659375],[73.679883,15.708887],[73.337598,16.459863],[72.875488,18.642822],[73.005566,19.021094],[72.97207,19.15332],[72.834668,18.975586],[72.803027,19.079297],[72.811621,19.298926],[72.987207,19.277441],[72.787891,19.362988],[72.667773,19.830957],[72.89375,20.672754],[72.623828,21.371973],[72.734766,21.470801],[72.613281,21.461816],[73.1125,21.750439],[72.543066,21.696582],[72.700195,21.971924],[72.522266,21.976221],[72.553027,22.159961],[72.80918,22.233301],[72.182813,22.269727],[72.274414,22.089746],[72.037207,21.823047],[72.254004,21.531006],[72.015234,21.155713],[71.024609,20.738867],[70.485059,20.840186],[68.969922,22.290283],[69.05166,22.437305],[69.276563,22.285498],[70.177246,22.572754],[70.489258,23.089502],[69.664648,22.759082],[69.235937,22.848535],[68.640723,23.189941],[68.41748,23.571484],[68.776758,23.8521],[68.234961,23.596973],[68.165039,23.857324]]],[[[93.890039,6.831055],[93.828809,6.748682],[93.658008,7.016064],[93.822461,7.236621],[93.890039,6.831055]]],[[[93.733594,7.356494],[93.638477,7.261865],[93.597266,7.31875],[93.69248,7.410596],[93.733594,7.356494]]],[[[93.140723,8.249512],[93.170605,8.212061],[93.064258,8.274951],[93.096973,8.349365],[93.140723,8.249512]]],[[[93.442578,7.877832],[93.365039,7.876562],[93.309375,7.964014],[93.334473,8.006934],[93.375488,8.01792],[93.442578,7.877832]]],[[[93.536914,8.056641],[93.478223,8.024463],[93.456445,8.171875],[93.494043,8.224658],[93.531641,8.21377],[93.536914,8.056641]]],[[[92.7875,9.13667],[92.716602,9.165088],[92.762109,9.243896],[92.7875,9.13667]]],[[[92.502832,10.554883],[92.369531,10.547412],[92.352832,10.751123],[92.510352,10.897461],[92.502832,10.554883]]],[[[92.693164,11.381152],[92.595703,11.386426],[92.640234,11.509131],[92.693164,11.381152]]],[[[92.722754,11.536084],[92.533887,11.873389],[92.788281,12.225781],[92.857324,13.358105],[93.062305,13.545459],[92.722754,11.536084]]],[[[93.017383,12.036816],[93.062109,11.899414],[92.955371,12.002441],[93.017383,12.036816]]],[[[92.717578,12.864893],[92.685742,12.799951],[92.710645,12.961572],[92.717578,12.864893]]],[[[72.780371,11.20249],[72.772461,11.214258],[72.792676,11.262744],[72.780371,11.20249]]],[[[73.067383,8.269092],[73.023438,8.265918],[73.079492,8.316504],[73.067383,8.269092]]]]}},{"type":"Feature","properties":{"sigla":"GEO","nome":"Ge\u00f3rgia"},"geometry":{"type":"Polygon","coordinates":[[[43.439453,41.107129],[42.754102,41.578906],[42.466406,41.439844],[41.510059,41.51748],[41.762988,41.97002],[41.48877,42.659326],[39.97832,43.419824],[40.150195,43.569775],[40.648047,43.533887],[41.580566,43.219238],[42.760645,43.16958],[43.782617,42.747021],[43.825977,42.571533],[44.505859,42.748633],[44.771094,42.616797],[44.870996,42.756396],[45.727539,42.475049],[45.638574,42.205078],[46.429883,41.890967],[46.190527,41.624854],[46.672559,41.286816],[46.626367,41.159668],[46.45791,41.070215],[45.280957,41.449561],[44.841406,41.211377],[43.439453,41.107129]]]}},{"type":"Feature","properties":{"sigla":"CYP","nome":"Chipre"},"geometry":{"type":"Polygon","coordinates":[[[32.712695,35.171045],[34.050195,34.988379],[33.699414,34.969873],[32.941797,34.575879],[32.449023,34.729443],[32.317188,34.95332],[32.300977,35.082959],[32.712695,35.171045]]]}},{"type":"Feature","properties":{"sigla":"CHN","nome":"China"},"geometry":{"type":"MultiPolygon","coordinates":[[[[118.183008,24.496289],[118.149512,24.436133],[118.090527,24.446143],[118.076758,24.501416],[118.103809,24.552344],[118.183008,24.496289]]],[[[121.862695,31.492285],[121.780469,31.46377],[121.519922,31.549609],[121.336426,31.64375],[121.211133,31.805371],[121.46416,31.756445],[121.576563,31.637305],[121.862695,31.492285]]],[[[122.295898,29.963428],[122.024023,30.01333],[121.969434,30.143115],[122.284473,30.068018],[122.322266,30.031396],[122.295898,29.963428]]],[[[122.172559,29.679004],[122.042676,29.735937],[122.062305,29.772754],[122.119629,29.782227],[122.172559,29.679004]]],[[[122.403906,29.892383],[122.367578,29.852686],[122.331836,29.934961],[122.401563,29.950244],[122.403906,29.892383]]],[[[119.820898,25.456982],[119.700293,25.432715],[119.722559,25.638818],[119.820898,25.456982]]],[[[110.385156,21.093164],[110.503906,20.967725],[110.280957,21.001172],[110.385156,21.093164]]],[[[121.251367,28.086426],[121.131543,28.062598],[121.133984,28.135254],[121.205469,28.204395],[121.251367,28.086426]]],[[[113.555273,22.804199],[113.563672,22.75791],[113.404395,22.902832],[113.464941,22.904541],[113.555273,22.804199]]],[[[112.790234,21.601855],[112.712695,21.697949],[112.782031,21.772266],[112.862598,21.752637],[112.800684,21.694873],[112.790234,21.601855]]],[[[112.64375,21.639648],[112.525,21.623047],[112.647656,21.710254],[112.64375,21.639648]]],[[[107.972656,21.507959],[107.759277,21.655029],[107.351172,21.608887],[106.663574,21.978906],[106.550391,22.501367],[106.780273,22.778906],[105.842969,22.922803],[105.275391,23.345215],[104.864746,23.136377],[104.687305,22.822217],[104.371777,22.704053],[104.143066,22.800146],[103.941504,22.540088],[103.620215,22.782031],[103.492969,22.587988],[103.300586,22.764404],[102.981934,22.448242],[102.470898,22.750928],[102.127441,22.379199],[101.70752,22.486572],[101.524512,22.253662],[101.736523,21.826514],[101.728125,21.156396],[101.247852,21.197314],[101.079785,21.755859],[100.60459,21.471777],[100.147656,21.480518],[99.917676,22.028027],[99.173438,22.15332],[99.507129,22.959131],[98.86377,23.19126],[98.676758,23.905078],[98.835059,24.121191],[97.564551,23.911035],[97.708203,24.22876],[97.529395,24.631201],[97.819531,25.251855],[98.65625,25.863574],[98.651172,27.572461],[98.298828,27.550098],[98.098926,28.142285],[97.658887,28.5],[97.322461,28.217969],[96.602637,28.459912],[96.281445,28.412061],[96.580859,28.763672],[96.435742,29.050684],[96.137109,28.922607],[96.122363,29.08208],[96.355859,29.249072],[96.035352,29.447168],[95.389258,29.037402],[94.623047,29.312402],[93.760742,28.729785],[93.251953,28.629492],[92.652539,28.093359],[92.664355,27.948926],[91.977637,27.730371],[91.631934,27.759961],[91.641895,27.923242],[91.273047,28.078369],[91.020801,27.970068],[89.897852,28.294141],[89.480664,28.059961],[88.891406,27.316064],[88.749023,27.521875],[88.803711,28.006934],[88.621094,28.091846],[87.622559,27.815186],[87.141406,27.83833],[86.614453,28.103027],[86.408691,27.928662],[86.137012,28.114355],[85.994531,27.9104],[85.67832,28.277441],[85.122461,28.315967],[85.159082,28.592236],[84.796875,28.560205],[84.228711,28.911768],[84.101367,29.219971],[83.583496,29.183594],[83.155469,29.612646],[82.220703,30.063867],[82.043359,30.326758],[81.417188,30.337598],[81.110352,30.036816],[80.682129,30.414844],[80.191211,30.568408],[80.149414,30.789844],[79.388477,31.064209],[79.107129,31.402637],[78.757812,31.30249],[78.735449,31.957959],[78.389648,32.519873],[78.700879,32.597021],[78.918945,32.358203],[79.219336,32.501074],[79.135156,33.171924],[78.801855,33.499707],[78.72666,34.013379],[78.970117,34.302637],[78.282031,34.653906],[78.042676,35.479785],[77.090039,35.552051],[76.55127,35.887061],[76.177832,35.810547],[75.912305,36.048975],[75.974414,36.382422],[75.840234,36.649707],[74.376172,37.137354],[75.11875,37.385693],[74.894238,37.601416],[74.835938,38.404297],[74.277441,38.659766],[73.80166,38.606885],[73.631641,39.448877],[73.907129,39.578516],[73.835352,39.800146],[73.991602,40.043115],[74.830469,40.328516],[74.835156,40.482617],[75.555566,40.625195],[75.677148,40.305811],[76.318555,40.352246],[76.907715,41.02417],[78.123438,41.075635],[78.742578,41.560059],[80.235156,42.043457],[80.165039,42.665527],[80.538965,42.873486],[80.390234,43.043115],[80.785742,43.161572],[80.355273,44.097266],[80.481543,44.714648],[79.871875,44.883789],[81.691992,45.349365],[81.944922,45.16084],[82.521484,45.125488],[82.611621,45.424268],[82.315234,45.594922],[83.029492,47.185937],[84.666602,46.972363],[84.786133,46.830713],[85.484766,47.063525],[85.656641,47.254639],[85.525977,47.915625],[85.692187,48.311816],[86.549414,48.528613],[86.885938,49.090576],[87.814258,49.162305],[87.743164,48.881641],[88.060059,48.707178],[87.979688,48.555127],[89.047656,48.002539],[89.479199,48.029053],[90.313281,47.676172],[91.028906,46.566064],[90.911523,46.270654],[91.001758,46.035791],[90.661816,45.525244],[90.877246,45.196094],[93.516211,44.944482],[94.712012,44.35083],[95.350293,44.278076],[95.325586,44.039355],[95.525586,43.953955],[95.85957,43.275977],[96.385449,42.720361],[101.495313,42.53877],[102.156641,42.158105],[103.711133,41.751318],[104.498242,41.877002],[104.498242,41.658691],[104.982031,41.595508],[106.77002,42.288721],[109.339844,42.438379],[110.400391,42.773682],[111.007227,43.341406],[111.933203,43.711426],[111.402246,44.367285],[111.898047,45.064062],[113.587012,44.745703],[114.560156,45.38999],[115.681055,45.458252],[116.197656,45.739355],[116.562598,46.289795],[117.333398,46.362012],[117.438086,46.58623],[117.741211,46.518164],[118.843945,46.760205],[119.331836,46.613818],[119.867188,46.672168],[119.711133,47.15],[118.498438,47.983984],[117.768359,47.987891],[117.350781,47.652197],[116.760547,47.869775],[115.898242,47.686914],[115.525098,48.130859],[115.785547,48.248242],[115.820508,48.577246],[116.683301,49.823779],[117.873438,49.513477],[119.259863,50.066406],[119.346289,50.278955],[119.163672,50.406006],[120.066895,51.600684],[120.749805,52.096533],[120.656152,52.56665],[120.044336,52.718213],[120.704102,53.171826],[122.337793,53.48501],[123.607813,53.546533],[124.812305,53.133838],[125.649023,53.042285],[126.341699,52.362012],[126.924805,51.100146],[127.307031,50.707959],[127.337207,50.350146],[127.590234,50.208984],[127.550781,49.801807],[127.999609,49.568604],[128.704004,49.600146],[129.065137,49.374658],[129.498145,49.388818],[130.195996,48.89165],[130.553125,48.861182],[130.552148,48.60249],[130.804297,48.341504],[130.732617,48.019238],[131.002734,47.691455],[132.47627,47.71499],[133.144043,48.105664],[134.293359,48.373437],[134.665234,48.253906],[134.566016,48.02251],[134.752344,47.71543],[134.167676,47.302197],[133.861328,46.247754],[133.436426,45.604687],[133.186035,45.494824],[133.113477,45.130713],[132.936035,45.029932],[131.851855,45.326855],[131.446875,44.984033],[130.981641,44.844336],[131.255273,44.071582],[131.257324,43.378076],[131.068555,42.902246],[130.424805,42.727051],[130.526953,42.5354],[130.240332,42.891797],[129.898242,42.998145],[129.697852,42.448145],[129.313672,42.413574],[128.923438,42.038232],[128.045215,41.9875],[128.289258,41.607422],[128.149414,41.387744],[127.179688,41.531348],[126.954785,41.769482],[126.721582,41.716553],[125.989062,40.904639],[124.889355,40.459814],[124.26748,39.92417],[122.840039,39.60083],[121.677246,39.003418],[121.649902,38.865088],[121.163574,38.731641],[121.106738,38.920801],[121.679883,39.108691],[121.818457,39.386523],[121.275488,39.384766],[121.26748,39.544678],[121.517578,39.638965],[121.517383,39.844824],[121.800977,39.950537],[122.263867,40.500195],[121.834863,40.974268],[121.729297,40.846143],[121.174512,40.90127],[120.479102,40.230957],[119.391113,39.75249],[118.976953,39.182568],[117.784668,39.134473],[117.553809,38.691455],[117.656055,38.424219],[118.014941,38.183398],[118.940039,38.042773],[119.08916,37.700732],[118.952637,37.331152],[119.287402,37.138281],[119.760547,37.155078],[120.257227,37.679004],[120.75,37.833936],[121.640234,37.460352],[122.666992,37.402832],[122.340918,36.832227],[121.932715,36.959473],[120.81084,36.632812],[120.895801,36.444141],[120.711523,36.413281],[120.637891,36.129932],[120.393066,36.053857],[120.327734,36.228174],[120.183301,36.202441],[120.094141,36.118896],[120.284766,35.984424],[119.429688,35.301416],[119.165332,34.848828],[120.266699,34.274023],[120.871094,33.016504],[120.853223,32.661377],[121.341699,32.425049],[121.450781,32.15332],[121.832422,31.899756],[121.763574,31.699512],[120.520117,32.105859],[120.035937,31.936279],[120.715527,31.98374],[121.834473,31.061621],[121.87793,30.916992],[121.418945,30.789795],[120.897461,30.392627],[120.194629,30.241309],[120.494531,30.303076],[120.633398,30.133154],[121.258008,30.304102],[122.08291,29.870361],[121.50625,29.48457],[121.887988,29.627783],[121.968359,29.490625],[121.917773,29.13501],[121.71748,29.256348],[121.447656,29.131348],[121.679688,28.953125],[121.540039,28.931885],[121.6625,28.851416],[121.475195,28.641406],[121.609961,28.292139],[121.145703,28.32666],[120.958594,28.037012],[120.747656,28.009961],[120.833008,27.891455],[120.60752,27.412402],[120.042969,26.633838],[119.882227,26.610449],[119.824219,26.846387],[119.588184,26.784961],[119.881055,26.33418],[119.463086,26.054688],[119.139453,26.121777],[119.332031,25.94873],[119.61875,26.003564],[119.622461,25.391162],[119.180078,25.449805],[119.285547,25.232227],[118.977539,25.209277],[118.909082,24.928906],[118.636914,24.835547],[118.657031,24.621436],[118.087109,24.627002],[117.842676,24.474316],[118.056055,24.246094],[117.466406,23.840576],[117.367676,23.588623],[117.29082,23.714355],[116.910645,23.64668],[116.470703,22.945898],[115.49834,22.718848],[115.195801,22.817285],[114.853809,22.616797],[114.65166,22.755273],[114.554199,22.528906],[114.01543,22.511914],[113.519727,23.1021],[113.331055,22.912012],[113.553027,22.594043],[113.549121,22.225195],[113.149023,22.075],[113.08877,22.207959],[112.953906,21.907324],[112.586328,21.776855],[112.359668,21.978027],[112.30498,21.741699],[111.943945,21.849658],[111.602734,21.559082],[111.016895,21.511719],[110.567187,21.214062],[110.410937,21.338135],[110.154004,20.944629],[110.511523,20.518262],[110.344727,20.294824],[109.88252,20.364063],[109.968359,20.448145],[109.662598,20.916895],[109.930762,21.480566],[109.566406,21.690576],[109.544043,21.537939],[109.148633,21.425537],[109.101758,21.590479],[108.77168,21.630469],[108.479883,21.904639],[108.502148,21.633447],[107.972656,21.507959]]],[[[110.88877,19.991943],[111.013672,19.655469],[110.640918,19.291211],[110.45127,18.747949],[110.067383,18.447559],[109.519336,18.218262],[108.701563,18.535254],[108.665527,19.304102],[109.263477,19.882666],[110.171582,20.053711],[110.588184,19.976367],[110.651758,20.137744],[110.88877,19.991943]]]]}},{"type":"Feature","properties":{"sigla":"KHM","nome":"Camboja"},"geometry":{"type":"MultiPolygon","coordinates":[[[[103.045117,11.285059],[102.993359,11.29043],[103.036816,11.389941],[103.045117,11.285059]]],[[[103.317773,10.718506],[103.28125,10.679688],[103.223437,10.781982],[103.317773,10.718506]]],[[[107.519434,14.705078],[107.331445,14.126611],[107.605469,13.437793],[107.475391,13.030371],[107.538086,12.431787],[107.393359,12.260498],[106.413867,11.948437],[106.399219,11.687012],[106.006055,11.758008],[105.851465,11.63501],[105.856055,11.294287],[106.160937,11.037109],[106.163965,10.794922],[105.755078,10.98999],[105.045703,10.911377],[104.850586,10.534473],[104.426367,10.41123],[103.870508,10.655127],[103.587109,10.552197],[103.721875,10.890137],[103.532422,11.14668],[103.152832,10.913721],[103.125488,11.460645],[102.736621,12.089795],[102.755664,12.42627],[102.499609,12.669971],[102.319727,13.53999],[102.546875,13.585693],[103.031055,14.252539],[103.546387,14.417432],[104.779004,14.427832],[106.066797,13.921191],[105.978906,14.343018],[106.225391,14.476221],[106.501465,14.578223],[106.938086,14.327344],[107.519434,14.705078]]]]}},{"type":"Feature","properties":{"sigla":"MMR","nome":"Myanmar"},"geometry":{"type":"MultiPolygon","coordinates":[[[[100.122461,20.31665],[99.458887,20.363037],[99.485938,20.149854],[99.074219,20.099365],[98.916699,19.7729],[98.015039,19.749512],[97.816797,19.459961],[97.745898,18.588184],[97.373926,18.517969],[97.632227,18.290332],[97.706445,17.797119],[98.438867,16.975684],[98.660742,16.33042],[98.888281,16.351904],[98.592383,16.050684],[98.556934,15.367676],[98.191016,15.204102],[98.202148,14.975928],[99.136816,13.716699],[99.123926,13.030762],[99.614746,11.781201],[98.757227,10.660937],[98.562598,10.034961],[98.464941,10.67583],[98.875977,11.719727],[98.636328,11.738379],[98.575977,13.161914],[98.200391,13.980176],[98.110645,13.712891],[97.909766,14.652686],[98.01875,14.652588],[97.812305,14.858936],[97.584277,16.01958],[97.725977,16.568555],[97.375879,16.522949],[97.200195,17.09541],[96.851465,17.401025],[96.908594,17.030957],[96.76543,16.710352],[96.431152,16.504932],[96.189063,16.768311],[96.324316,16.444434],[95.763281,16.169043],[95.389551,15.722754],[95.346777,16.097607],[95.176953,15.825684],[94.942578,15.818262],[94.893164,16.182812],[94.661523,15.904395],[94.70332,16.511914],[94.441602,16.094385],[94.223828,16.016455],[94.588965,17.569336],[94.044922,19.287402],[93.929199,18.899658],[93.493066,19.369482],[93.824902,19.238477],[93.998145,19.440869],[93.611719,19.776074],[93.707031,19.912158],[93.25,20.070117],[93.129492,19.858008],[93.001953,20.074854],[93.066797,20.377637],[92.791211,20.211426],[92.850684,20.414844],[92.708984,20.563965],[92.722852,20.295605],[92.37832,20.717578],[92.17959,21.293115],[92.330566,21.439795],[92.599805,21.270166],[92.574902,21.978076],[92.688965,22.130957],[92.964551,22.00376],[93.151172,22.230615],[93.078711,22.718213],[93.391309,23.33916],[93.32627,24.064209],[94.127637,23.876465],[94.707617,25.04873],[94.579883,25.319824],[95.132422,26.04126],[95.128711,26.597266],[96.19082,27.261279],[96.731641,27.331494],[97.102051,27.11543],[96.876855,27.586719],[97.335156,27.937744],[97.322461,28.217969],[97.658887,28.5],[98.098926,28.142285],[98.298828,27.550098],[98.651172,27.572461],[98.739355,26.698145],[98.564063,26.072412],[98.65625,25.863574],[97.819531,25.251855],[97.583301,24.774805],[97.531445,24.491699],[97.708203,24.22876],[97.564551,23.911035],[98.835059,24.121191],[98.676758,23.905078],[98.86377,23.19126],[99.507129,22.959131],[99.192969,22.125977],[99.917676,22.028027],[99.940723,21.75874],[100.214746,21.462988],[100.60459,21.471777],[101.130859,21.735547],[101.080371,21.468652],[100.536133,20.992383],[100.622949,20.85957],[100.249316,20.730273],[100.122461,20.31665]]],[[[98.209766,10.952734],[98.271484,10.739893],[98.080469,10.886621],[98.209766,10.952734]]],[[[98.182617,9.933447],[98.118066,9.877881],[98.140234,9.974658],[98.291699,10.051318],[98.182617,9.933447]]],[[[98.22168,11.478223],[98.187305,11.472412],[98.201074,11.567187],[98.299609,11.783008],[98.283789,11.594092],[98.22168,11.478223]]],[[[98.516016,11.905029],[98.466211,12.084277],[98.60957,11.956641],[98.516016,11.905029]]],[[[98.553809,11.744873],[98.434766,11.56709],[98.376465,11.791504],[98.553809,11.744873]]],[[[98.413965,12.597949],[98.313867,12.335986],[98.312109,12.678174],[98.413965,12.597949]]],[[[98.136719,12.150439],[98.037305,12.232471],[98.071387,12.291797],[98.122461,12.278711],[98.136719,12.150439]]],[[[94.476758,15.945947],[94.411914,15.848389],[94.387891,15.994141],[94.60127,16.205518],[94.476758,15.945947]]],[[[97.575,16.253223],[97.480371,16.305713],[97.469141,16.461035],[97.541992,16.505078],[97.599609,16.429541],[97.575,16.253223]]],[[[93.69082,18.684277],[93.4875,18.867529],[93.744727,18.865527],[93.69082,18.684277]]],[[[93.491797,19.892578],[93.513281,19.754785],[93.444629,19.806445],[93.412891,19.950342],[93.491797,19.892578]]],[[[93.714844,19.558252],[93.901953,19.332031],[93.755859,19.325684],[93.714844,19.558252]]],[[[98.541699,10.961523],[98.477441,10.979736],[98.526563,11.086963],[98.541699,10.961523]]],[[[98.075488,11.692383],[98.083594,11.636816],[98.021094,11.695898],[98.010352,11.860254],[98.075488,11.692383]]],[[[98.066113,12.389795],[98.002344,12.279004],[97.938672,12.346094],[98.066113,12.389795]]],[[[98.31543,13.099072],[98.30918,12.934717],[98.259277,13.014014],[98.265332,13.202246],[98.31543,13.099072]]],[[[94.804883,15.819336],[94.733496,15.823047],[94.828027,15.933008],[94.804883,15.819336]]],[[[93.010156,19.923926],[93.023242,19.828857],[92.912695,19.999805],[92.914648,20.086475],[93.010156,19.923926]]]]}},{"type":"Feature","properties":{"sigla":"BRN","nome":"Brunei"},"geometry":{"type":"MultiPolygon","coordinates":[[[[115.140039,4.899756],[115.290625,4.352588],[115.107031,4.39043],[115.051562,4.582666],[115.026758,4.899707],[115.140039,4.899756]]],[[[115.026758,4.899707],[114.74668,4.718066],[114.840234,4.393213],[114.654102,4.037646],[114.063867,4.592676],[114.99541,5.022363],[115.026758,4.899707]]]]}},{"type":"Feature","properties":{"sigla":"BTN","nome":"But\u00e3o"},"geometry":{"type":"Polygon","coordinates":[[[91.631934,27.759961],[91.594727,27.557666],[92.083398,27.290625],[92.049707,26.874854],[90.739648,26.77168],[90.345898,26.890332],[89.763867,26.701563],[89.040918,26.865039],[88.73877,27.175586],[89.480664,28.059961],[89.981055,28.311182],[90.348242,28.243945],[90.352734,28.080225],[91.020801,27.970068],[91.273047,28.078369],[91.641895,27.923242],[91.631934,27.759961]]]}},{"type":"Feature","properties":{"sigla":"BGD","nome":"Bangladesh"},"geometry":{"type":"MultiPolygon","coordinates":[[[[89.051465,22.093164],[88.928125,23.186621],[88.724414,23.25498],[88.567383,23.674414],[88.723535,24.274902],[88.023438,24.627832],[88.45625,25.188428],[88.95166,25.259277],[88.08457,25.888232],[88.44043,26.369482],[88.418164,26.571533],[88.828027,26.252197],[89.018652,26.410254],[89.369727,26.006104],[89.549902,26.005273],[89.670898,26.213818],[89.822949,25.941406],[89.833301,25.292773],[90.439355,25.157715],[92.049707,25.169482],[92.485449,24.90332],[92.22832,24.881348],[92.101953,24.408057],[91.876953,24.195312],[91.36709,24.093506],[91.160449,23.660645],[91.315234,23.104395],[91.43623,23.199902],[91.619531,22.979688],[91.92959,23.685986],[92.246094,23.683594],[92.631641,21.306201],[92.208203,21.357861],[92.324121,20.791846],[92.056055,21.174805],[91.863379,22.350488],[91.480078,22.884814],[90.945605,22.597021],[90.65625,23.025488],[90.604004,23.591357],[90.555664,23.421533],[90.269141,23.455859],[90.590918,23.266406],[90.435059,22.751904],[90.616113,22.362158],[90.230566,21.829785],[90.071191,21.887256],[90.20957,22.156592],[89.918066,22.116162],[89.985156,22.466406],[89.568555,21.767432],[89.483203,22.275537],[89.353711,21.721094],[89.093945,21.872754],[89.051465,22.093164]]],[[[91.150781,22.175195],[91.044727,22.105176],[91.079492,22.519727],[91.150781,22.175195]]],[[[91.556738,22.382227],[91.466895,22.378418],[91.411328,22.475684],[91.456055,22.616504],[91.556738,22.382227]]],[[[90.777637,22.089307],[90.515039,22.065137],[90.680469,22.32749],[90.596484,22.863525],[90.868164,22.484863],[90.777637,22.089307]]],[[[91.873828,21.832129],[91.837598,21.750244],[91.850684,21.927051],[91.873828,21.832129]]],[[[91.949219,21.508057],[91.859473,21.532959],[91.857031,21.708789],[91.933984,21.722168],[91.949219,21.508057]]],[[[90.641797,22.962988],[90.65957,22.92002],[90.536328,23.014893],[90.579883,23.035449],[90.641797,22.962988]]]]}},{"type":"Feature","properties":{"sigla":"BHR","nome":"Bahrein"},"geometry":{"type":"Polygon","coordinates":[[[50.607227,25.883105],[50.465918,25.965527],[50.469922,26.228955],[50.585938,26.240723],[50.607227,25.883105]]]}},{"type":"Feature","properties":{"sigla":"AZE","nome":"Azerbaij\u00e3o"},"geometry":{"type":"MultiPolygon","coordinates":[[[[44.817188,39.650439],[45.031641,39.765137],[45.172559,39.570605],[45.784473,39.545605],[46.114453,38.877783],[45.479688,39.00625],[44.817188,39.650439]]],[[[48.86875,38.435498],[48.592676,38.411084],[47.996484,38.85376],[48.29209,39.018848],[48.104395,39.241113],[48.322168,39.399072],[47.995898,39.683936],[46.490625,38.906689],[46.400293,39.192187],[46.584766,39.223682],[46.365234,39.40249],[46.481445,39.555176],[45.579785,39.977539],[45.885938,40.024854],[45.964648,40.233789],[45.454395,40.532373],[45.378906,40.673584],[45.5875,40.846924],[45.070508,41.075586],[45.188574,41.147412],[45.001367,41.290967],[45.280957,41.449561],[46.534375,41.088574],[46.672559,41.286816],[46.182129,41.65708],[46.429883,41.890967],[46.749316,41.812598],[47.317676,41.282422],[47.791016,41.199268],[48.664648,41.786621],[49.456738,40.799854],[50.18252,40.504785],[50.365918,40.279492],[49.551172,40.194141],[49.362793,39.349561],[48.854492,38.838818],[48.86875,38.435498]],[[45.552344,40.616064],[45.53418,40.664014],[45.478809,40.64834],[45.478809,40.606982],[45.552344,40.616064]]],[[[45.023633,41.027246],[44.969043,41.027246],[44.961426,41.079248],[45.021094,41.077979],[45.023633,41.027246]]]]}},{"type":"Feature","properties":{"sigla":"ARM","nome":"Arm\u00eania"},"geometry":{"type":"MultiPolygon","coordinates":[[[[44.768262,39.703516],[44.289258,40.040381],[43.666211,40.126367],[43.569336,40.482373],[43.722656,40.719531],[43.439453,41.107129],[45.001367,41.290967],[45.188574,41.147412],[45.070508,41.075586],[45.5875,40.846924],[45.378906,40.673584],[45.454395,40.532373],[45.964648,40.233789],[45.885938,40.024854],[45.579785,39.977539],[46.481445,39.555176],[46.365234,39.40249],[46.584766,39.223682],[46.400293,39.192187],[46.490625,38.906689],[46.114453,38.877783],[45.750488,39.562939],[45.456836,39.494482],[45.031641,39.765137],[44.768262,39.703516]],[[45.023633,41.027246],[45.021094,41.077979],[44.961426,41.079248],[44.969043,41.027246],[45.023633,41.027246]]],[[[45.552344,40.616064],[45.478809,40.606982],[45.478809,40.64834],[45.53418,40.664014],[45.552344,40.616064]]]]}},{"type":"Feature","properties":{"sigla":"AFG","nome":"Afeganist\u00e3o"},"geometry":{"type":"Polygon","coordinates":[[[66.522266,37.348486],[67.7,37.227246],[68.067773,36.949805],[68.911816,37.333936],[69.303906,37.116943],[69.49209,37.553076],[70.188672,37.582471],[70.214648,37.924414],[70.878906,38.456396],[71.255859,38.306982],[71.278516,37.918408],[71.582227,37.910107],[71.43291,37.127539],[71.665625,36.696924],[72.657422,37.029053],[73.38291,37.462256],[73.720605,37.41875],[73.653516,37.239355],[74.349023,37.41875],[74.891309,37.231641],[74.372168,37.157715],[74.541406,37.022168],[74.038867,36.825732],[72.249805,36.734717],[71.23291,36.121777],[71.620508,35.183008],[70.965625,34.530371],[71.051563,34.049707],[69.889648,34.007275],[70.261133,33.289014],[69.501563,33.020068],[69.241406,32.433545],[69.279297,31.936816],[68.868945,31.634229],[68.597656,31.802979],[68.161035,31.802979],[67.578223,31.506494],[67.737891,31.343945],[67.452832,31.234619],[66.829297,31.263672],[66.346875,30.802783],[66.313379,29.968555],[66.177051,29.835596],[64.09873,29.391943],[63.567578,29.497998],[62.476562,29.40835],[60.843359,29.858691],[61.81084,30.913281],[61.660156,31.382422],[60.820703,31.495166],[60.829297,32.249414],[60.561914,33.058789],[60.916992,33.505225],[60.51084,33.638916],[60.485742,34.094775],[60.642676,34.307178],[60.889453,34.319434],[60.72627,34.518262],[61.080078,34.855615],[61.262012,35.61958],[61.983887,35.443701],[62.307813,35.170801],[62.688086,35.255322],[63.056641,35.445801],[63.12998,35.846191],[64.009668,36.012109],[64.511035,36.340674],[64.816309,37.13208],[65.55498,37.251172],[65.765039,37.569141],[66.522266,37.348486]]]}}]}