{"type":"FeatureCollection","features":[{"type":"Feature","properties":{"sigla":"YEM","nome":"Iêmen"},"geometry":{"type":"MultiPolygon","coordinates":[[[[53.085645,16.648389],[52.581445,16.470361],[52.327734,16.293555],[52.237305,16.171387],[52.174023,15.956836],[52.21748,15.655518],[51.603711,15.336816],[51.015137,15.140771],[50.527051,15.038184],[50.166895,14.851025],[49.906348,14.828125],[49.349902,14.637793],[49.048047,14.456445],[48.928711,14.26748],[48.668359,14.050146],[48.277832,13.997656],[47.989941,14.048096],[47.633398,13.858447],[47.407715,13.661621],[46.788867,13.465576],[45.657324,13.338721],[45.393555,13.067041],[45.163867,12.998291],[45.038672,12.815869],[44.755273,12.76377],[44.617773,12.817236],[44.358496,12.669141],[44.005859,12.607666],[43.634375,12.744482],[43.487598,12.698828],[43.475293,12.839014],[43.231934,13.26709],[43.282422,13.692529],[43.234082,13.858936],[43.089063,14.010986],[43.093359,14.203662],[42.922168,14.817383],[42.936426,14.938574],[42.855664,15.132959],[42.657813,15.232812],[42.697852,15.326318],[42.788477,15.265723],[42.799023,15.32627],[42.717188,15.654639],[42.839648,16.032031],[42.799316,16.371777],[43.165039,16.689404],[43.184473,16.811816],[43.116504,16.941992],[43.155957,17.205029],[43.236914,17.266455],[43.190918,17.359375],[43.346094,17.486035],[43.539258,17.49873],[43.712988,17.365527],[43.916992,17.324707],[44.155957,17.398535],[45.148047,17.427441],[45.535352,17.302051],[46.310352,17.231299],[46.727637,17.265576],[46.975684,16.953467],[47.143555,16.94668],[47.441797,17.111865],[47.57959,17.44834],[48.172168,18.156934],[49.192383,18.621338],[51.977637,18.996143],[52.729199,17.300391],[52.800586,17.26792],[53.085645,16.648389]]],[[[42.590234,15.303418],[42.558691,15.281201],[42.549023,15.320068],[42.602344,15.43252],[42.590234,15.303418]]],[[[42.755859,13.704297],[42.689746,13.673633],[42.794141,13.766113],[42.755859,13.704297]]],[[[42.787402,13.971484],[42.694043,14.00791],[42.762109,14.06748],[42.787402,13.971484]]],[[[53.763184,12.636816],[54.187402,12.664014],[54.511133,12.552783],[54.129492,12.360645],[53.718848,12.318994],[53.59834,12.342285],[53.31582,12.533154],[53.534961,12.715771],[53.763184,12.636816]]]]}},{"type":"Feature","properties":{"sigla":"VNM","nome":"Vietnã"},"geometry":{"type":"MultiPolygon","coordinates":[[[[104.063965,10.39082],[104.075781,10.224854],[104.018457,10.029199],[103.952148,10.24292],[103.849512,10.371094],[103.98584,10.426953],[104.063965,10.39082]]],[[[107.972656,21.507959],[107.809082,21.497119],[107.636719,21.368066],[107.409961,21.284814],[107.354297,21.055176],[107.164746,20.94873],[107.075195,20.999268],[106.88623,20.95],[106.683398,21.000293],[106.753418,20.735059],[106.550781,20.526562],[106.572852,20.392187],[106.517969,20.288867],[106.165723,19.992041],[105.984082,19.939062],[105.813965,19.587451],[105.791113,19.294189],[105.621777,18.966309],[105.888281,18.50249],[106.499023,17.946436],[106.459375,17.873682],[106.478906,17.71958],[106.370508,17.746875],[106.516797,17.662793],[106.735742,17.367188],[107.119922,17.055518],[107.180371,16.897949],[107.549316,16.642578],[107.54082,16.608643],[107.803125,16.403076],[107.833789,16.322461],[108.029395,16.331104],[108.208984,16.091064],[108.267383,16.089795],[108.286035,15.989063],[108.577832,15.584717],[108.821289,15.37793],[109.084863,14.716162],[109.087012,14.552588],[109.30332,13.856445],[109.288086,13.765039],[109.24707,13.854736],[109.271875,13.279346],[109.423926,12.955957],[109.444922,12.599609],[109.335547,12.751904],[109.218945,12.645801],[109.304688,12.391162],[109.206836,12.415381],[109.25918,11.954541],[109.247266,11.908691],[109.199121,11.999023],[109.15752,11.837109],[109.198633,11.724854],[109.13252,11.601074],[109.039648,11.592676],[108.986719,11.336377],[108.820801,11.31543],[108.27168,10.934277],[108.094922,10.897266],[108.001367,10.720361],[107.845117,10.700098],[107.261523,10.398389],[107.087793,10.49834],[107.006641,10.660547],[106.947461,10.400342],[106.812695,10.433301],[106.727344,10.535645],[106.605859,10.464941],[106.741211,10.444385],[106.757422,10.295801],[106.464063,10.298291],[106.729004,10.193311],[106.785254,10.116455],[106.595605,9.859863],[106.136426,10.22168],[106.507422,9.82124],[106.572461,9.641113],[106.484082,9.559424],[106.378027,9.556104],[105.830957,10.000732],[106.158594,9.594141],[106.206152,9.502344],[106.168359,9.396729],[105.500977,9.093213],[105.322266,8.801123],[105.114355,8.629199],[104.77041,8.597656],[104.896289,8.746631],[104.818555,8.801855],[104.845215,9.606152],[104.903223,9.81626],[105.092578,9.900977],[105.094922,9.945264],[105.027832,10.067432],[104.873242,10.114795],[104.801953,10.202734],[104.663477,10.169922],[104.426367,10.41123],[104.564258,10.515967],[104.850586,10.534473],[105.046387,10.70166],[105.045703,10.911377],[105.314648,10.845166],[105.405762,10.951611],[105.755078,10.98999],[105.85332,10.863574],[105.938184,10.885156],[106.163965,10.794922],[106.131543,10.921973],[106.160937,11.037109],[105.856055,11.294287],[105.851465,11.63501],[105.926562,11.65293],[106.006055,11.758008],[106.399219,11.687012],[106.413867,11.948437],[106.700098,11.979297],[106.764648,12.052344],[106.930664,12.07749],[107.212109,12.304004],[107.330078,12.319043],[107.393359,12.260498],[107.506445,12.364551],[107.555469,12.53999],[107.475391,13.030371],[107.605469,13.437793],[107.331445,14.126611],[107.364453,14.368701],[107.535254,14.649951],[107.480371,14.979883],[107.653125,15.255225],[107.564258,15.391602],[107.279395,15.618701],[107.165918,15.80249],[107.391992,15.95166],[107.396387,16.043018],[106.930664,16.353125],[106.851074,16.515625],[106.739551,16.452539],[106.656445,16.492627],[106.546191,16.650732],[106.502246,16.954102],[105.691406,17.737842],[105.588477,17.983691],[105.458203,18.154297],[105.333496,18.189648],[105.114551,18.405273],[105.087012,18.49624],[105.146484,18.650977],[104.716504,18.803418],[103.891602,19.30498],[104.062891,19.482568],[104.032031,19.675146],[104.259863,19.685498],[104.587891,19.61875],[104.743164,19.754736],[104.92793,20.018115],[104.847852,20.202441],[104.69873,20.205322],[104.618848,20.374512],[104.367773,20.441406],[104.532715,20.554883],[104.583203,20.64668],[104.101367,20.945508],[103.635059,20.69707],[103.104492,20.89165],[102.851172,21.265918],[102.949609,21.681348],[102.845215,21.734766],[102.815918,21.807373],[102.738574,21.67793],[102.662012,21.676025],[102.58252,21.904297],[102.4875,21.957764],[102.127441,22.379199],[102.470898,22.750928],[102.830078,22.587158],[102.981934,22.448242],[103.136328,22.542236],[103.137598,22.592969],[103.32666,22.769775],[103.492969,22.587988],[103.620215,22.782031],[103.941504,22.540088],[104.053906,22.752295],[104.143066,22.800146],[104.2125,22.809424],[104.29834,22.712012],[104.371777,22.704053],[104.526855,22.804102],[104.687305,22.822217],[104.795703,22.911133],[104.864746,23.136377],[105.275391,23.345215],[105.440137,23.235352],[105.548145,23.072656],[105.842969,22.922803],[106.148438,22.970068],[106.279004,22.857471],[106.541797,22.90835],[106.780273,22.778906],[106.550391,22.501367],[106.553613,22.341699],[106.654199,22.241455],[106.663574,21.978906],[106.729492,22.000342],[106.970996,21.923926],[107.061621,21.794189],[107.27207,21.710645],[107.351172,21.608887],[107.759277,21.655029],[107.972656,21.507959]]],[[[106.61748,8.682812],[106.567969,8.700928],[106.658594,8.766357],[106.61748,8.682812]]],[[[107.167676,10.397168],[107.083789,10.336572],[107.07793,10.3875],[107.194922,10.445703],[107.167676,10.397168]]],[[[106.865625,20.815723],[106.769434,20.864209],[106.795313,20.92793],[106.865625,20.815723]]],[[[107.602734,21.216797],[107.458691,21.09165],[107.403516,21.093652],[107.47627,21.268945],[107.602734,21.216797]]],[[[107.521289,20.926611],[107.399219,20.903467],[107.55127,21.034033],[107.521289,20.926611]]],[[[107.031348,20.747021],[106.910645,20.824219],[106.953418,20.867041],[107.04375,20.836816],[107.031348,20.747021]]]]}},{"type":"Feature","properties":{"sigla":"UZB","nome":"Uzbequistão"},"geometry":{"type":"MultiPolygon","coordinates":[[[[70.946777,42.248682],[71.036035,42.284668],[71.228516,42.162891],[70.856641,42.030811],[70.80332,41.922656],[70.630859,41.875488],[70.180957,41.571436],[70.200879,41.514453],[70.471387,41.412646],[70.688867,41.449805],[70.782422,41.2625],[70.860449,41.224902],[71.393066,41.123389],[71.420898,41.341895],[71.5,41.307471],[71.585547,41.333252],[71.602246,41.503271],[71.664941,41.541211],[71.858008,41.311377],[71.878613,41.19502],[72.164258,41.17373],[72.187305,41.025928],[72.364063,41.043457],[72.658301,40.869922],[72.990039,40.860107],[73.136914,40.810645],[72.773828,40.650391],[72.604102,40.525439],[72.402051,40.578076],[72.369727,40.519727],[72.405957,40.463086],[72.357715,40.40166],[72.232813,40.454395],[72.13125,40.438623],[71.955664,40.258594],[71.69248,40.152344],[71.629883,40.217139],[71.52041,40.208984],[71.304688,40.286914],[70.602734,40.21416],[70.533594,40.324512],[70.371582,40.384131],[70.377148,40.439258],[70.712012,40.669092],[70.750977,40.7396],[70.63916,40.778564],[70.657324,40.839648],[70.401953,41.035107],[70.29209,40.891699],[69.712891,40.656982],[69.413867,40.797168],[69.309375,40.723926],[69.313965,40.634766],[69.20625,40.566553],[69.304199,40.327393],[69.219531,40.288135],[69.274902,40.198096],[68.951758,40.222607],[68.630664,40.16709],[68.639746,40.129199],[68.926855,40.136328],[68.97207,40.089941],[68.804688,40.050342],[68.86875,39.907471],[68.777832,39.904199],[68.735254,39.83623],[68.638965,39.838867],[68.586133,39.634961],[68.506934,39.562793],[68.399023,39.528857],[67.719043,39.621387],[67.426172,39.465576],[67.357617,39.216699],[67.64834,39.131055],[67.694434,38.994629],[68.044336,38.983594],[68.13252,38.927637],[68.047852,38.669287],[68.087207,38.473535],[68.350293,38.211035],[68.294043,38.03291],[67.814355,37.487012],[67.758984,37.172217],[67.517285,37.26665],[67.319727,37.20957],[67.195508,37.235205],[67.068848,37.334814],[66.827734,37.371289],[66.522266,37.348486],[66.525586,37.785742],[66.629297,37.932031],[66.574512,38.010791],[65.971191,38.244238],[65.612891,38.238574],[64.621875,38.756445],[64.309961,38.977295],[64.162793,38.953613],[63.763672,39.160547],[63.506055,39.3771],[62.483203,39.975635],[62.375,40.33208],[62.09502,40.683301],[61.902832,41.093701],[61.496973,41.276074],[61.242383,41.189209],[60.867188,41.248682],[60.45498,41.221631],[60.089648,41.399414],[60.06875,41.476221],[60.137988,41.594141],[60.075586,41.759668],[60.200781,41.803125],[60.106934,41.907422],[59.941797,41.973535],[59.985156,42.211719],[59.858301,42.295166],[59.354297,42.323291],[59.276563,42.356152],[59.15957,42.511426],[58.876953,42.561475],[58.589063,42.778467],[58.477148,42.662842],[58.259668,42.688086],[58.151563,42.628076],[58.418164,42.406689],[58.474414,42.299365],[58.39707,42.29248],[58.28291,42.428857],[58.028906,42.487646],[57.814258,42.189844],[57.290625,42.123779],[56.964063,41.856543],[57.018164,41.450586],[57.118848,41.350293],[57.017969,41.263477],[55.977441,41.322217],[55.975684,44.994922],[58.555273,45.555371],[61.00791,44.393799],[61.160742,44.168604],[61.990234,43.492139],[63.207031,43.627979],[64.443164,43.551172],[64.905469,43.714697],[65.270508,43.417529],[65.496191,43.310547],[65.803027,42.876953],[66.100293,42.99082],[66.00957,42.004883],[66.498633,41.994873],[66.709668,41.17915],[66.814258,41.142383],[67.935742,41.196582],[68.113086,41.028613],[68.047656,40.809277],[68.415039,40.619434],[68.572656,40.622656],[68.584082,40.87627],[68.737109,41.041895],[68.986914,41.205029],[69.064941,41.366943],[69.153613,41.425244],[69.368359,41.490576],[69.663867,41.672119],[70.095605,41.820508],[70.416016,42.078564],[70.584277,42.036035],[70.715234,42.168652],[70.946777,42.248682]],[[70.652539,40.936621],[70.618359,41.00166],[70.55,41.014893],[70.652539,40.936621]]],[[[71.206152,39.892578],[71.011719,39.895117],[71.044824,39.992529],[70.974414,40.038867],[70.97627,40.133252],[71.024121,40.14917],[71.080371,40.079883],[71.228711,40.048145],[71.179297,39.979834],[71.206152,39.892578]]],[[[71.779688,39.950244],[71.75293,39.907129],[71.668945,39.946094],[71.789941,39.995312],[71.779688,39.950244]]]]}},{"type":"Feature","properties":{"sigla":"ARE","nome":"Emirados Árabes Unidos"},"geometry":{"type":"MultiPolygon","coordinates":[[[[56.297852,25.650684],[56.363477,25.569385],[56.387988,24.979199],[56.063867,24.73877],[55.970313,24.858936],[56.000586,24.953223],[55.91582,24.971777],[55.795703,24.868115],[55.768164,24.490625],[55.805664,24.349805],[55.76084,24.242676],[55.928613,24.215137],[55.985156,24.063379],[55.547852,23.991357],[55.468457,23.941113],[55.531641,23.819043],[55.508496,23.724609],[55.199902,23.034766],[55.18584,22.704102],[55.119434,22.623926],[52.555078,22.932812],[51.572168,24.12832],[51.605469,24.338428],[51.664551,24.250439],[51.767578,24.254395],[51.791699,24.074756],[51.906055,23.985352],[52.250879,23.995215],[52.648242,24.154639],[53.893359,24.077051],[54.39707,24.278174],[54.746777,24.810449],[55.098145,25.041602],[55.522852,25.498145],[55.941211,25.793994],[56.080469,26.062646],[56.16748,26.047461],[56.144629,25.690527],[56.249512,25.625391],[56.297852,25.650684]],[[56.281836,25.235547],[56.277344,25.300879],[56.234277,25.303809],[56.210547,25.213281],[56.281836,25.235547]]],[[[53.332227,24.258594],[53.190918,24.290918],[53.412402,24.411035],[53.445312,24.371191],[53.332227,24.258594]]],[[[52.616895,24.288574],[52.583594,24.352344],[52.629395,24.376758],[52.657617,24.332617],[52.616895,24.288574]]],[[[53.927832,24.177197],[53.928125,24.143359],[53.799121,24.135547],[53.634473,24.169775],[53.833789,24.258936],[53.927832,24.177197]]],[[[54.46543,24.442773],[54.334766,24.471045],[54.39834,24.506348],[54.46543,24.442773]]]]}},{"type":"Feature","properties":{"sigla":"TKM","nome":"Turquemenistão"},"geometry":{"type":"MultiPolygon","coordinates":[[[[53.10957,38.803076],[53.100195,38.756152],[53.018555,39.052734],[53.05332,39.096582],[53.092188,39.094092],[53.055176,39.037939],[53.10957,38.803076]]],[[[55.977441,41.322217],[57.017969,41.263477],[57.118848,41.350293],[57.018164,41.450586],[56.964063,41.856543],[57.290625,42.123779],[57.814258,42.189844],[58.028906,42.487646],[58.28291,42.428857],[58.39707,42.29248],[58.474414,42.299365],[58.418164,42.406689],[58.151563,42.628076],[58.259668,42.688086],[58.477148,42.662842],[58.589063,42.778467],[58.876953,42.561475],[59.15957,42.511426],[59.276563,42.356152],[59.354297,42.323291],[59.858301,42.295166],[59.985156,42.211719],[59.941797,41.973535],[60.106934,41.907422],[60.200781,41.803125],[60.075586,41.759668],[60.137988,41.594141],[60.06875,41.476221],[60.089648,41.399414],[60.45498,41.221631],[60.867188,41.248682],[61.242383,41.189209],[61.496973,41.276074],[61.902832,41.093701],[62.09502,40.683301],[62.375,40.33208],[62.483203,39.975635],[63.506055,39.3771],[63.763672,39.160547],[64.162793,38.953613],[64.309961,38.977295],[64.621875,38.756445],[65.612891,38.238574],[65.971191,38.244238],[66.574512,38.010791],[66.629297,37.932031],[66.525586,37.785742],[66.522266,37.348486],[66.108398,37.414746],[65.765039,37.569141],[65.641211,37.467822],[65.55498,37.251172],[65.089648,37.237939],[64.816309,37.13208],[64.511035,36.340674],[64.092188,36.112695],[64.009668,36.012109],[63.12998,35.846191],[63.169727,35.678125],[63.056641,35.445801],[62.688086,35.255322],[62.462891,35.251367],[62.307813,35.170801],[62.213086,35.289941],[61.983887,35.443701],[61.620996,35.432324],[61.344727,35.629492],[61.262012,35.61958],[61.252148,35.867627],[61.15293,35.976758],[61.212012,36.190527],[61.169922,36.572266],[61.119629,36.642578],[60.341309,36.637646],[60.062793,36.962891],[59.45498,37.252832],[59.367383,37.33374],[59.301758,37.510645],[58.81543,37.683496],[58.650195,37.651562],[58.550488,37.688184],[58.386719,37.635352],[58.261621,37.66582],[57.980566,37.830469],[57.353711,37.97334],[57.308105,38.130371],[57.193555,38.216406],[56.440625,38.249414],[56.324121,38.191113],[56.27207,38.08042],[55.578418,38.099756],[55.380859,38.051123],[54.900098,37.77793],[54.699414,37.470166],[54.191602,37.332471],[53.91416,37.343555],[53.823535,37.92793],[53.868652,38.949268],[53.724121,39.103076],[53.70459,39.20957],[53.336328,39.34082],[53.156641,39.26499],[53.124805,39.43208],[53.235645,39.608545],[53.389648,39.536426],[53.603125,39.546973],[53.582422,39.607422],[53.472266,39.668799],[53.487305,39.909375],[53.404199,39.960352],[52.9875,39.987598],[52.952148,39.895459],[53.035547,39.774414],[52.804688,40.054004],[52.733691,40.39873],[52.943457,41.038086],[53.145215,40.824951],[53.33291,40.782715],[53.615234,40.818506],[53.76377,40.665674],[53.87002,40.648682],[54.192969,40.72041],[54.377344,40.693262],[54.319434,40.83457],[54.374414,40.871387],[54.54707,40.832275],[54.685059,40.873047],[54.723242,40.95127],[54.703711,41.071143],[54.592188,41.193555],[54.094824,41.519385],[53.804688,42.117627],[53.16416,42.093799],[52.97002,41.976221],[52.814844,41.711816],[52.883496,41.652539],[52.830176,41.341895],[52.850391,41.200293],[52.609375,41.529443],[52.493848,41.780371],[53.055859,42.147754],[53.685352,42.296875],[54.120996,42.335205],[54.853809,41.965186],[55.249609,41.458105],[55.434375,41.296289],[55.545215,41.262744],[55.977441,41.322217]]]]}},{"type":"Feature","properties":{"sigla":"TUR","nome":"Turquia"},"geometry":{"type":"MultiPolygon","coordinates":[[[[25.97002,40.136328],[25.740234,40.105469],[25.668945,40.135889],[25.918359,40.237988],[25.97002,40.136328]]],[[[41.510059,41.51748],[41.823535,41.432373],[41.925781,41.495654],[42.466406,41.439844],[42.606836,41.578809],[42.787891,41.563721],[42.82168,41.492383],[43.171289,41.287939],[43.141016,41.264844],[43.205469,41.19917],[43.433398,41.155518],[43.455273,41.064697],[43.631641,40.929004],[43.722656,40.719531],[43.667871,40.574072],[43.569336,40.482373],[43.709863,40.166504],[43.666211,40.126367],[43.941992,40.023145],[44.289258,40.040381],[44.399609,39.995752],[44.817188,39.650439],[44.587109,39.768555],[44.455957,39.666748],[44.389355,39.422119],[44.023242,39.377441],[44.079102,39.218311],[44.178027,39.144824],[44.170801,38.934375],[44.27168,38.836035],[44.298535,38.386279],[44.449902,38.334229],[44.211328,37.908057],[44.589941,37.710352],[44.545313,37.658154],[44.574023,37.4354],[44.794141,37.290381],[44.765137,37.142432],[44.605957,37.176025],[44.281836,36.978027],[44.20166,37.051807],[44.191797,37.249854],[44.114453,37.301855],[44.013184,37.313525],[43.836426,37.223535],[43.675781,37.227246],[43.09248,37.367383],[42.936621,37.324756],[42.774609,37.371875],[42.455859,37.128711],[42.358984,37.108594],[42.312891,37.22959],[42.202734,37.297266],[42.059863,37.206055],[41.515527,37.08916],[40.705664,37.097705],[40.016406,36.826074],[39.356641,36.681592],[38.766602,36.693115],[38.44375,36.862256],[38.191699,36.901562],[37.436328,36.643311],[37.066211,36.652637],[36.941797,36.758398],[36.658594,36.802539],[36.5375,36.457422],[36.636719,36.233984],[36.375391,36.17124],[36.347559,36.003516],[36.201953,35.937549],[36.127344,35.831445],[35.892676,35.916553],[35.956934,35.998145],[35.810938,36.309863],[36.188477,36.658984],[36.180078,36.807227],[36.048926,36.910596],[35.661133,36.724316],[35.537402,36.597021],[35.393164,36.575195],[34.703613,36.816797],[34.299609,36.604199],[33.954883,36.295215],[33.694727,36.181982],[32.929492,36.095703],[32.794824,36.035889],[32.377734,36.183643],[32.021973,36.535303],[31.352539,36.801074],[30.644043,36.865674],[30.582031,36.797168],[30.558496,36.52583],[30.446094,36.269873],[30.387305,36.243262],[30.231641,36.307324],[29.689063,36.156689],[29.223633,36.324463],[29.143262,36.397217],[29.038281,36.693457],[28.969629,36.715332],[28.816895,36.675293],[28.483594,36.803809],[28.303711,36.811963],[28.195605,36.686328],[28.019434,36.634473],[28.083984,36.751465],[27.803809,36.736475],[27.655859,36.674609],[27.453906,36.712158],[27.630859,36.78667],[28.005371,36.831982],[28.242383,37.029053],[27.348926,37.01958],[27.262988,36.976562],[27.249707,37.07915],[27.300195,37.126855],[27.535059,37.163867],[27.520117,37.249121],[27.219238,37.38916],[27.147949,37.603613],[27.067969,37.65791],[27.224414,37.725439],[27.232422,37.978662],[26.878613,38.054785],[26.682813,38.19834],[26.582422,38.149268],[26.290723,38.277197],[26.343652,38.370068],[26.416406,38.367871],[26.377832,38.62417],[26.441309,38.641211],[26.586523,38.557031],[26.59502,38.418604],[26.674219,38.335742],[26.727344,38.418604],[26.861426,38.372949],[27.144238,38.451953],[26.906836,38.481738],[26.763672,38.709619],[26.90918,38.775781],[27.013672,38.886865],[26.814941,38.960986],[26.853613,39.115625],[26.681836,39.292236],[26.899219,39.549658],[26.113086,39.467383],[26.181348,39.990088],[26.313379,40.025],[26.738086,40.400244],[27.012109,40.396338],[27.12168,40.452344],[27.28457,40.455615],[27.332617,40.375928],[27.475586,40.319922],[27.728027,40.328809],[27.848535,40.381738],[27.731836,40.481494],[27.874902,40.512939],[27.989551,40.489453],[27.928906,40.38042],[27.962598,40.369873],[29.007129,40.389746],[29.055176,40.42417],[28.787891,40.534033],[29.054102,40.649121],[29.844922,40.738086],[29.364746,40.809277],[29.113867,40.937842],[29.045508,41.007568],[29.148145,41.221045],[29.919336,41.15083],[30.344922,41.196924],[30.810059,41.084863],[31.254883,41.107617],[31.34668,41.15791],[31.458008,41.32002],[32.086426,41.589209],[32.306445,41.72959],[33.284766,42.00459],[34.750488,41.956836],[35.006445,42.063281],[35.154883,42.027539],[35.12207,41.891113],[35.297754,41.728516],[35.558008,41.634033],[35.919824,41.713721],[36.051758,41.682568],[36.179199,41.426562],[36.405371,41.274609],[36.509668,41.2625],[36.64707,41.352539],[36.777734,41.363477],[36.991992,41.275391],[37.066211,41.184424],[37.765625,41.078906],[37.910059,41.001904],[38.381055,40.924512],[39.426367,41.106445],[39.80791,40.98252],[40.265234,40.961328],[41.083594,41.261182],[41.414355,41.423633],[41.510059,41.51748]]],[[[28.014453,41.969043],[27.987305,41.854883],[28.197852,41.554492],[29.057227,41.229736],[28.95625,41.008203],[28.780371,40.97417],[28.172168,41.080713],[27.925195,40.990576],[27.499414,40.973145],[27.430176,40.839941],[27.258008,40.687354],[26.77207,40.498047],[26.32998,40.123389],[26.202734,40.075391],[26.253809,40.314697],[26.447461,40.44502],[26.720313,40.544238],[26.79209,40.626611],[26.105469,40.611328],[26.038965,40.726758],[26.331055,40.954492],[26.330664,41.23877],[26.602344,41.35415],[26.624902,41.401758],[26.581348,41.60127],[26.320898,41.716553],[26.327246,41.772803],[26.511426,41.826367],[26.615332,41.964893],[27.244336,42.093262],[27.534863,41.920801],[27.879199,41.986621],[28.014453,41.969043]]]]}},{"type":"Feature","properties":{"sigla":"TLS","nome":"Timor-Leste"},"geometry":{"type":"MultiPolygon","coordinates":[[[[125.646094,-8.139941],[125.579492,-8.311816],[125.507129,-8.275098],[125.646094,-8.139941]]],[[[125.068164,-9.511914],[124.960156,-9.21377],[125.100488,-9.189844],[125.149023,-9.042578],[125.100391,-9.004004],[124.936816,-9.053418],[124.922266,-8.94248],[125.178027,-8.647852],[125.804297,-8.492188],[126.619727,-8.459473],[126.966406,-8.315723],[127.296094,-8.424512],[126.915234,-8.715234],[126.66543,-8.782031],[126.486914,-8.912695],[126.164258,-8.99668],[125.946094,-9.123926],[125.408008,-9.275781],[125.068164,-9.511914]]],[[[124.036328,-9.341602],[124.444434,-9.190332],[124.412988,-9.314355],[124.282324,-9.42793],[124.090137,-9.416406],[124.036328,-9.341602]]]]}},{"type":"Feature","properties":{"sigla":"THA","nome":"Tailândia"},"geometry":{"type":"MultiPolygon","coordinates":[[[[102.606445,11.676514],[102.589941,11.572168],[102.532813,11.614941],[102.568945,11.691699],[102.606445,11.676514]]],[[[102.426758,11.988721],[102.301953,11.980811],[102.277441,12.151855],[102.426758,11.988721]]],[[[98.409082,7.902051],[98.398438,7.828418],[98.296289,7.776074],[98.262305,7.926074],[98.32207,8.166309],[98.434961,8.085645],[98.409082,7.902051]]],[[[100.122461,20.31665],[100.139746,20.24541],[100.317969,20.385889],[100.519531,20.17793],[100.543066,20.088672],[100.397656,19.756104],[100.420117,19.644482],[100.513574,19.553467],[100.625488,19.499854],[100.743945,19.514746],[100.966504,19.610791],[101.211914,19.54834],[101.197559,19.32793],[101.286328,18.977148],[101.165527,18.618311],[101.046973,18.441992],[101.1375,18.286865],[101.143945,18.142627],[100.908496,17.583887],[100.955859,17.541113],[101.105176,17.479541],[101.16748,17.499023],[101.6875,17.889404],[101.774805,18.033398],[101.947461,18.081494],[102.101465,18.210645],[102.552539,17.965088],[102.660645,17.817969],[102.807422,17.945557],[103.051367,18.028516],[103.148535,18.221729],[103.263184,18.278467],[103.288281,18.408398],[103.487988,18.418164],[103.792285,18.316504],[103.949609,18.318994],[104.428125,17.698975],[104.739648,17.46167],[104.816016,17.300293],[104.743555,16.884375],[104.750586,16.647559],[104.819336,16.466064],[105.047168,16.160254],[105.40625,15.987451],[105.398926,15.829883],[105.641016,15.656543],[105.615625,15.488281],[105.49043,15.256592],[105.54668,14.932471],[105.475586,14.530127],[105.074121,14.227441],[105.003418,14.254443],[104.969727,14.366113],[104.779004,14.427832],[103.981836,14.35791],[103.600391,14.421094],[103.199414,14.332617],[102.909277,14.136719],[102.728906,13.841895],[102.544727,13.659961],[102.546875,13.585693],[102.319727,13.53999],[102.330762,13.288232],[102.461719,13.015039],[102.499609,12.669971],[102.755664,12.42627],[102.70625,12.255664],[102.736621,12.089795],[102.933887,11.706689],[102.791602,11.888623],[102.762988,12.012451],[102.594141,12.203027],[102.540234,12.109229],[102.343164,12.252588],[102.259082,12.394336],[102.22959,12.331641],[102.034375,12.531885],[101.835742,12.640381],[101.723633,12.689355],[101.444922,12.618945],[101.090234,12.673633],[100.953711,12.62124],[100.897754,12.653809],[100.863281,12.714502],[100.962695,13.431982],[100.60293,13.568164],[100.536426,13.514453],[100.235645,13.484473],[100.01748,13.353174],[99.990527,13.243457],[100.089941,13.045654],[99.963965,12.690039],[99.989062,12.170801],[99.627344,11.462891],[99.486914,10.889551],[99.165039,10.319824],[99.194629,10.175439],[99.160742,9.734033],[99.288281,9.4146],[99.253906,9.265234],[99.393848,9.213721],[99.723828,9.314209],[99.835547,9.288379],[99.989551,8.589209],[100.129297,8.428076],[100.163477,8.508398],[100.279395,8.268506],[100.453516,7.442285],[100.545215,7.226904],[100.439355,7.280762],[100.380371,7.541504],[100.283789,7.551514],[100.317383,7.715967],[100.256641,7.774902],[100.158203,7.728125],[100.160742,7.599268],[100.423535,7.187842],[100.58623,7.175977],[101.017871,6.860937],[101.301953,6.908301],[101.497949,6.865283],[101.799219,6.474609],[102.101074,6.242236],[101.873633,5.825293],[101.678418,5.778809],[101.556055,5.907764],[101.257031,5.789355],[101.190625,5.66875],[101.113965,5.636768],[100.981641,5.771045],[101.075586,5.956494],[101.053516,6.242578],[100.873926,6.24541],[100.754492,6.460059],[100.629492,6.447998],[100.34541,6.549902],[100.261426,6.682715],[100.176758,6.671826],[100.119141,6.441992],[99.868652,6.749902],[99.695996,6.87666],[99.720313,7.106201],[99.553027,7.218799],[99.596973,7.355615],[99.435156,7.334375],[99.358594,7.372217],[99.263672,7.619043],[99.183398,7.718066],[99.077637,7.718066],[99.051074,7.887842],[98.788672,8.059814],[98.703516,8.256738],[98.579199,8.344287],[98.499805,8.317822],[98.420996,8.178223],[98.360742,8.186963],[98.305469,8.226221],[98.238184,8.423096],[98.241797,8.767871],[98.325977,8.968945],[98.371387,9.290527],[98.746875,10.35083],[98.757227,10.660937],[99.190137,11.105273],[99.614746,11.781201],[99.462891,12.190234],[99.405078,12.5479],[99.219824,12.739746],[99.123926,13.030762],[99.107422,13.103516],[99.176172,13.233057],[99.136816,13.716699],[98.933594,14.049854],[98.57002,14.359912],[98.245996,14.814746],[98.202148,14.975928],[98.191016,15.204102],[98.452148,15.357373],[98.556934,15.367676],[98.592383,16.050684],[98.817969,16.180811],[98.888281,16.351904],[98.835449,16.417578],[98.689258,16.30542],[98.660742,16.33042],[98.478125,16.732227],[98.438867,16.975684],[97.706445,17.797119],[97.739941,17.935303],[97.632227,18.290332],[97.523828,18.295898],[97.450781,18.359668],[97.373926,18.517969],[97.515137,18.497754],[97.745898,18.588184],[97.706055,18.931787],[97.803906,19.130469],[97.816797,19.459961],[97.991211,19.653711],[98.015039,19.749512],[98.371289,19.68916],[98.916699,19.7729],[99.074219,20.099365],[99.337891,20.078906],[99.485938,20.149854],[99.458887,20.363037],[99.720117,20.325439],[99.890332,20.424414],[100.122461,20.31665]]],[[[100.074121,9.69668],[99.983398,9.793555],[100.043457,9.79165],[100.074121,9.69668]]],[[[100.070703,9.586035],[100.053711,9.461426],[99.962402,9.421631],[99.939551,9.559961],[100.070703,9.586035]]],[[[99.663086,6.521924],[99.606641,6.596826],[99.654004,6.714111],[99.701367,6.570557],[99.663086,6.521924]]],[[[98.591992,7.933936],[98.529395,8.108545],[98.604297,8.057324],[98.591992,7.933936]]],[[[98.30752,9.051465],[98.250781,9.04082],[98.301172,9.139111],[98.30752,9.051465]]],[[[99.078418,7.591846],[99.104395,7.471289],[99.037695,7.548486],[99.045117,7.636523],[99.078418,7.591846]]]]}},{"type":"Feature","properties":{"sigla":"TJK","nome":"Tajiquistão"},"geometry":{"type":"MultiPolygon","coordinates":[[[[67.758984,37.172217],[67.814355,37.487012],[68.294043,38.03291],[68.350293,38.211035],[68.087207,38.473535],[68.047852,38.669287],[68.13252,38.927637],[68.044336,38.983594],[67.694434,38.994629],[67.64834,39.131055],[67.357617,39.216699],[67.426172,39.465576],[67.719043,39.621387],[68.463281,39.536719],[68.586133,39.634961],[68.638965,39.838867],[68.735254,39.83623],[68.777832,39.904199],[68.86875,39.907471],[68.804688,40.050342],[68.97207,40.089941],[68.926855,40.136328],[68.639746,40.129199],[68.630664,40.16709],[68.951758,40.222607],[69.274902,40.198096],[69.219531,40.288135],[69.304199,40.327393],[69.20625,40.566553],[69.313965,40.634766],[69.309375,40.723926],[69.357227,40.767383],[69.413867,40.797168],[69.712891,40.656982],[70.29209,40.891699],[70.401953,41.035107],[70.657324,40.839648],[70.63916,40.778564],[70.751074,40.721777],[70.382617,40.453516],[70.371582,40.384131],[70.533594,40.324512],[70.602734,40.21416],[70.958008,40.238867],[70.946387,40.187598],[70.644336,40.083447],[70.624121,39.998975],[70.515137,39.949902],[70.451367,40.049219],[69.966797,40.202246],[69.530273,40.097314],[69.46875,40.020752],[69.47627,39.919727],[69.307227,39.968555],[69.278809,39.917773],[69.229102,39.761084],[69.297656,39.524805],[69.598828,39.573779],[70.171094,39.58418],[70.244824,39.542627],[70.501172,39.587354],[70.607813,39.564404],[70.733105,39.413281],[70.799316,39.394727],[71.004883,39.411865],[71.065039,39.493408],[71.470313,39.603662],[71.517383,39.553857],[71.50332,39.478809],[71.732227,39.422998],[71.725684,39.306592],[71.778613,39.277979],[72.042773,39.352148],[72.22998,39.20752],[72.357715,39.336865],[72.563379,39.377197],[73.109277,39.361914],[73.47041,39.460596],[73.631641,39.448877],[73.607324,39.229199],[73.805273,38.968652],[73.696094,38.854297],[73.80166,38.606885],[74.025586,38.539844],[74.131348,38.661182],[74.277441,38.659766],[74.812305,38.460303],[74.835938,38.404297],[74.775098,38.191895],[74.938281,37.77251],[74.894238,37.601416],[75.097461,37.45127],[75.11875,37.385693],[74.891309,37.231641],[74.659375,37.394482],[74.349023,37.41875],[74.259668,37.41543],[74.16709,37.329443],[73.749609,37.231787],[73.627539,37.261572],[73.717285,37.329443],[73.720605,37.41875],[73.38291,37.462256],[72.895508,37.267529],[72.757031,37.172705],[72.657422,37.029053],[72.358789,36.98291],[71.802051,36.694287],[71.665625,36.696924],[71.530859,36.845117],[71.43291,37.127539],[71.582227,37.910107],[71.278516,37.918408],[71.332715,38.170264],[71.255859,38.306982],[70.878906,38.456396],[70.61582,38.334424],[70.417773,38.075439],[70.214648,37.924414],[70.251465,37.66416],[70.188672,37.582471],[70.044727,37.547217],[69.820898,37.60957],[69.49209,37.553076],[69.399219,37.399316],[69.414453,37.207764],[69.303906,37.116943],[68.911816,37.333936],[68.386914,37.1375],[68.260938,37.013086],[68.067773,36.949805],[67.958008,36.972021],[67.758984,37.172217]]],[[[70.652539,40.936621],[70.55,41.014893],[70.618359,41.00166],[70.652539,40.936621]]],[[[70.70166,39.825293],[70.55957,39.790918],[70.482813,39.882715],[70.70166,39.825293]]]]}},{"type":"Feature","properties":{"sigla":"TWN","nome":"Taiwan"},"geometry":{"type":"MultiPolygon","coordinates":[[[[121.008789,22.620361],[120.897363,22.37915],[120.839844,21.925],[120.742773,21.956006],[120.58125,22.356396],[120.316211,22.547607],[120.083398,23.093701],[120.142969,23.399072],[120.132129,23.65293],[120.629687,24.478516],[121.040625,25.032812],[121.36543,25.15918],[121.449609,25.249023],[121.593652,25.275342],[121.852832,25.104443],[121.929004,24.97373],[121.820117,24.824512],[121.828027,24.534375],[121.613086,24.052734],[121.397461,23.17251],[121.295898,22.966602],[121.008789,22.620361]]],[[[118.407422,24.522119],[118.432715,24.414355],[118.295117,24.436328],[118.287305,24.476611],[118.407422,24.522119]]]]}},{"type":"Feature","properties":{"sigla":"SYR","nome":"Síria"},"geometry":{"type":"Polygon","coordinates":[[[35.892676,35.916553],[36.153613,35.833887],[36.201953,35.937549],[36.347559,36.003516],[36.375391,36.17124],[36.636719,36.233984],[36.5375,36.457422],[36.658594,36.802539],[36.941797,36.758398],[37.066211,36.652637],[37.436328,36.643311],[38.191699,36.901562],[38.44375,36.862256],[38.766602,36.693115],[39.356641,36.681592],[40.016406,36.826074],[40.705664,37.097705],[41.515527,37.08916],[42.059863,37.206055],[42.202734,37.297266],[42.312891,37.22959],[42.358984,37.108594],[41.788574,36.597168],[41.416797,36.514648],[41.295996,36.38335],[41.245605,36.073389],[41.352637,35.809961],[41.354102,35.64043],[41.216406,35.288184],[41.194727,34.768994],[40.987012,34.429053],[40.689453,34.332031],[38.773535,33.372217],[36.818359,32.317285],[36.37207,32.386914],[36.219727,32.495117],[36.059473,32.533789],[35.894727,32.71377],[35.787305,32.734912],[35.887977,32.944379],[35.792531,33.334107],[36.034473,33.585059],[35.942383,33.667578],[35.968457,33.732422],[36.092188,33.831592],[36.365039,33.839355],[36.277832,33.925293],[36.584961,34.22124],[36.504395,34.432373],[36.329883,34.499609],[36.433008,34.613477],[36.383887,34.65791],[35.97627,34.629199],[35.887891,34.948633],[35.943066,35.223828],[35.902441,35.420703],[35.764453,35.571582],[35.892676,35.916553]]]}},{"type":"Feature","properties":{"sigla":"LKA","nome":"Sri Lanka"},"geometry":{"type":"MultiPolygon","coordinates":[[[[79.969531,9.630664],[79.906836,9.619824],[79.858594,9.734375],[79.969531,9.630664]]],[[[79.874805,9.050732],[79.903711,8.975],[79.747656,9.10459],[79.874805,9.050732]]],[[[79.982324,9.812695],[80.252832,9.796338],[80.711133,9.366357],[80.935449,8.971484],[81.016016,8.932617],[81.198242,8.661963],[81.226953,8.505518],[81.372852,8.431445],[81.422168,8.147852],[81.66543,7.782471],[81.874121,7.28833],[81.861426,6.90127],[81.767773,6.614307],[81.637402,6.425146],[81.30625,6.203857],[80.724121,5.979053],[80.495801,5.949365],[80.267383,6.009766],[80.095313,6.153174],[79.859375,6.829297],[79.712988,8.182324],[79.749805,8.294238],[79.783496,8.018457],[79.941797,8.691504],[79.928906,8.899219],[80.099609,9.209961],[80.086328,9.577832],[80.317969,9.46543],[80.42832,9.480957],[80.257617,9.611279],[80.045801,9.649902],[79.954004,9.742334],[79.982324,9.812695]]]]}},{"type":"Feature","properties":{"sigla":"KOR","nome":"Coreia do Sul"},"geometry":{"type":"MultiPolygon","coordinates":[[[[126.633887,37.781836],[126.666797,37.917187],[127.090332,38.283887],[128.038965,38.308545],[128.168652,38.359326],[128.374609,38.623437],[128.618848,38.176074],[129.335156,37.274561],[129.418262,37.059033],[129.473438,36.741895],[129.392578,36.322705],[129.403516,36.052148],[129.458301,36.006445],[129.572852,36.050537],[129.561719,35.947656],[129.419141,35.497852],[129.21416,35.181836],[128.980078,35.101514],[128.510938,35.100977],[128.418848,35.015674],[128.443945,34.870361],[128.094531,34.933594],[128.03623,35.021973],[127.714844,34.954687],[127.639355,34.889697],[127.742188,34.782568],[127.71543,34.721045],[127.632422,34.690234],[127.523633,34.840088],[127.404297,34.823096],[127.389648,34.743018],[127.479102,34.625244],[127.324609,34.463281],[127.173438,34.546143],[127.260547,34.66167],[127.24707,34.755127],[127.030762,34.606885],[126.897461,34.438867],[126.754785,34.511865],[126.61084,34.403516],[126.584375,34.317529],[126.531445,34.314258],[126.481738,34.493945],[126.264453,34.673242],[126.301074,34.719971],[126.524512,34.6979],[126.472852,34.756348],[126.593359,34.824365],[126.420703,34.823389],[126.291113,35.15415],[126.492773,35.50127],[126.614062,35.570996],[126.486523,35.606348],[126.488477,35.64707],[126.717383,35.768848],[126.753027,35.871973],[126.647461,35.922412],[126.693457,36.01416],[126.54043,36.166162],[126.548242,36.477637],[126.487695,36.693799],[126.38877,36.651172],[126.180859,36.691602],[126.160547,36.771924],[126.217188,36.870947],[126.487012,37.007471],[126.784473,36.948437],[126.87207,36.824463],[126.976855,36.939404],[126.868945,36.975732],[126.746387,37.193555],[126.790527,37.294922],[126.650293,37.447119],[126.656836,37.551172],[126.563379,37.716504],[126.633887,37.781836]]],[[[128.741016,34.798535],[128.64668,34.736865],[128.489258,34.865283],[128.721875,35.013574],[128.741016,34.798535]]],[[[128.06582,34.805859],[128.054688,34.708057],[127.983984,34.703223],[127.941797,34.76626],[127.873438,34.734961],[127.832227,34.874512],[127.91543,34.920996],[128.037988,34.878613],[128.06582,34.805859]]],[[[126.233691,34.370508],[126.169727,34.355176],[126.108594,34.39873],[126.122852,34.443945],[126.247461,34.56333],[126.343848,34.544922],[126.379883,34.497949],[126.335449,34.426416],[126.233691,34.370508]]],[[[126.520703,37.736816],[126.516016,37.604687],[126.46084,37.610352],[126.369336,37.772021],[126.411621,37.822656],[126.520703,37.736816]]],[[[126.753027,34.343994],[126.769922,34.296436],[126.689063,34.30542],[126.651855,34.390332],[126.753027,34.343994]]],[[[127.799023,34.615039],[127.787793,34.584082],[127.737305,34.630908],[127.787109,34.682129],[127.799023,34.615039]]],[[[126.417578,36.492578],[126.403809,36.427881],[126.3375,36.470557],[126.318555,36.612549],[126.417578,36.492578]]],[[[126.171973,34.731152],[126.115234,34.714209],[126.00752,34.86748],[126.078418,34.914844],[126.168555,34.829687],[126.171973,34.731152]]],[[[130.916016,37.478467],[130.870605,37.44873],[130.810254,37.509912],[130.903711,37.553711],[130.916016,37.478467]]],[[[126.326953,33.223633],[126.240234,33.214844],[126.165625,33.312012],[126.337695,33.4604],[126.695508,33.549316],[126.901172,33.515137],[126.93125,33.443848],[126.872852,33.341162],[126.581738,33.23833],[126.326953,33.223633]]]]}},{"type":"Feature","properties":{"sigla":"SGP","nome":"Singapura"},"geometry":{"type":"Polygon","coordinates":[[[103.969727,1.331445],[103.819922,1.265381],[103.650195,1.325537],[103.705273,1.423437],[103.817969,1.44707],[103.996387,1.365234],[103.969727,1.331445]]]}},{"type":"Feature","properties":{"sigla":"SAU","nome":"Arábia Saudita"},"geometry":{"type":"MultiPolygon","coordinates":[[[[36.90166,25.383057],[36.72207,25.534033],[36.530273,25.601562],[36.533594,25.688721],[36.954785,25.414648],[36.90166,25.383057]]],[[[41.987695,16.715625],[42.065039,16.710059],[42.026367,16.757666],[42.059961,16.803516],[42.17041,16.708643],[42.157813,16.570703],[42.071777,16.671484],[41.96416,16.653467],[41.801563,16.77876],[41.776074,16.846875],[41.858203,16.89292],[41.860449,17.002539],[41.947949,16.936426],[41.94668,16.748926],[41.987695,16.715625]]],[[[51.977637,18.996143],[49.041992,18.581787],[48.172168,18.156934],[47.57959,17.44834],[47.441797,17.111865],[47.143555,16.94668],[46.975684,16.953467],[46.727637,17.265576],[46.310352,17.231299],[45.535352,17.302051],[45.148047,17.427441],[44.155957,17.398535],[43.916992,17.324707],[43.712988,17.365527],[43.597266,17.471436],[43.417969,17.51626],[43.190918,17.359375],[43.236914,17.266455],[43.155957,17.205029],[43.116504,16.941992],[43.184473,16.811816],[43.165039,16.689404],[42.799316,16.371777],[42.698828,16.736963],[42.383301,17.122461],[42.293945,17.434961],[41.75,17.885742],[41.431738,18.452441],[41.229492,18.678418],[41.116016,19.082178],[40.75918,19.755469],[40.615918,19.822363],[40.482227,19.993457],[40.080664,20.265918],[39.884082,20.292969],[39.72832,20.390332],[39.276074,20.973975],[39.093555,21.310352],[39.14707,21.518994],[38.987891,21.881738],[39.095898,22.392773],[39.062012,22.592187],[39.007422,22.770068],[38.88291,22.882031],[38.941113,22.881836],[38.796875,23.048584],[38.706055,23.305518],[38.46416,23.711865],[38.288867,23.910986],[37.919727,24.1854],[37.543066,24.29165],[37.180859,24.82002],[37.266309,24.960059],[37.148828,25.291113],[36.920703,25.641162],[36.762695,25.751318],[36.675195,26.038867],[36.51875,26.104883],[36.249609,26.594775],[35.85166,27.070459],[35.762988,27.258789],[35.581348,27.432471],[35.423828,27.733789],[35.180469,28.034863],[35.07832,28.087012],[34.72207,28.130664],[34.625,28.064502],[34.616211,28.14834],[34.779883,28.507324],[34.950781,29.353516],[36.068457,29.200537],[36.476074,29.495117],[36.755273,29.866016],[37.469238,29.995068],[37.649902,30.330957],[37.980078,30.5],[36.958594,31.491504],[38.962305,31.994922],[39.14541,32.124512],[40.369336,31.938965],[42.074414,31.080371],[44.69082,29.202344],[46.356445,29.063672],[46.531445,29.09624],[47.433203,28.989551],[47.583105,28.627979],[47.671289,28.533154],[48.44248,28.54292],[48.626367,28.132568],[48.808984,27.895898],[48.832813,27.800684],[48.797168,27.724316],[48.906445,27.629053],[49.2375,27.492725],[49.175098,27.437646],[49.405273,27.180957],[49.537695,27.151758],[49.716504,26.955859],[49.986133,26.828906],[50.149805,26.662646],[50.008105,26.678516],[50.027344,26.526855],[50.184961,26.404932],[50.213867,26.308496],[50.155469,26.100537],[50.031641,26.110986],[50.081055,25.961377],[50.238965,25.622852],[50.455176,25.424805],[50.55791,25.08667],[50.855664,24.679639],[50.966016,24.573926],[51.267969,24.607227],[51.41123,24.570801],[51.309863,24.340381],[51.568359,24.286182],[51.592578,24.078857],[52.555078,22.932812],[55.104297,22.621484],[55.18584,22.704102],[55.641016,22.001855],[54.977344,19.995947],[51.977637,18.996143]]],[[[36.595508,25.712793],[36.543945,25.734277],[36.582715,25.855518],[36.595508,25.712793]]]]}},{"type":"Feature","properties":{"sigla":"QAT","nome":"Catar"},"geometry":{"type":"Polygon","coordinates":[[[51.267969,24.607227],[50.966016,24.573926],[50.855664,24.679639],[50.804395,24.789258],[50.846777,24.888574],[50.75459,25.399268],[51.003125,25.981445],[51.262305,26.153271],[51.543066,25.902393],[51.572266,25.781006],[51.485352,25.524707],[51.608887,25.052881],[51.42793,24.668262],[51.267969,24.607227]]]}},{"type":"Feature","properties":{"sigla":"PHL","nome":"Filipinas"},"geometry":{"type":"MultiPolygon","coordinates":[[[[121.101562,18.615283],[121.845605,18.29541],[122.038477,18.32793],[122.14668,18.486572],[122.221191,18.500635],[122.265527,18.458838],[122.315039,18.320312],[122.179492,18.064258],[122.152344,17.664404],[122.236816,17.434863],[122.3875,17.306787],[122.40752,17.178125],[122.519141,17.124854],[122.135156,16.184814],[121.788672,16.077441],[121.595313,15.933252],[121.560938,15.826758],[121.607031,15.669824],[121.392285,15.324414],[121.69541,14.737305],[121.626563,14.681738],[121.62793,14.581152],[121.766602,14.168066],[121.911719,14.02041],[122.211719,13.930176],[122.2875,13.996191],[122.199707,14.148047],[122.49082,14.322363],[122.627148,14.317529],[122.93418,14.188086],[123.070996,13.959961],[123.059961,13.78877],[123.101953,13.750244],[123.231445,13.747363],[123.296973,13.836426],[123.305371,13.936572],[123.259277,13.975439],[123.320312,14.06167],[123.432324,13.96626],[123.815723,13.837109],[123.857617,13.799609],[123.80625,13.721729],[123.607129,13.704443],[123.549609,13.645752],[123.819238,13.269482],[123.785156,13.110547],[124.142773,13.035791],[124.137305,12.791162],[124.059766,12.56709],[123.961719,12.594971],[123.877832,12.689697],[123.948535,12.916406],[123.626758,12.911768],[123.310938,13.044092],[123.295508,13.215576],[123.163281,13.441748],[122.863477,13.617236],[122.595215,13.907617],[122.486328,13.92998],[122.467969,13.886719],[122.508008,13.656836],[122.667871,13.395361],[122.675098,13.253174],[122.599902,13.194141],[122.515234,13.26001],[122.497949,13.363525],[122.376563,13.520605],[122.072754,13.788379],[121.77793,13.937646],[121.501074,13.842187],[121.446289,13.711865],[121.344141,13.649121],[121.095508,13.679492],[120.932324,13.761865],[120.840723,13.884717],[120.729102,13.900537],[120.637109,13.804492],[120.616797,14.188037],[120.92207,14.493115],[120.941309,14.645068],[120.583691,14.88125],[120.546777,14.766113],[120.588672,14.483105],[120.555664,14.441357],[120.43877,14.453369],[120.250781,14.793311],[120.082129,14.851074],[119.932813,15.430908],[119.891602,15.837695],[119.768945,16.008447],[119.772559,16.255127],[119.830762,16.326562],[120.159766,16.047656],[120.337012,16.066455],[120.36875,16.10957],[120.389258,16.221631],[120.304395,16.645459],[120.408887,16.955615],[120.427148,17.376904],[120.358398,17.638184],[120.599707,18.507861],[120.81377,18.603418],[121.101562,18.615283]]],[[[117.311133,8.4396],[117.218555,8.367285],[117.349902,8.713574],[117.884766,9.240674],[118.023828,9.269775],[118.114844,9.34668],[119.023828,10.353564],[119.223828,10.477295],[119.312695,10.687109],[119.261133,10.845166],[119.305664,10.973633],[119.50127,11.346436],[119.55332,11.313525],[119.52666,10.953174],[119.686914,10.500342],[119.595215,10.407422],[119.369336,10.327295],[119.191504,10.061084],[118.782129,9.916113],[118.773828,9.766797],[118.434961,9.256006],[118.134082,9.101367],[117.989551,8.8771],[117.311133,8.4396]]],[[[122.496191,11.615088],[122.612695,11.56416],[122.838086,11.595654],[122.93125,11.529297],[122.894531,11.441309],[123.158301,11.535547],[123.119531,11.286816],[123.016504,11.116504],[122.80293,10.990039],[122.769922,10.823828],[122.52207,10.691895],[122.197656,10.6229],[121.954004,10.444385],[121.964355,10.87168],[122.050879,11.097363],[122.103516,11.64292],[122.066992,11.72373],[121.891211,11.790869],[121.916016,11.854346],[122.029199,11.89541],[122.496191,11.615088]]],[[[123.130859,9.064111],[122.994727,9.058838],[122.866602,9.319824],[122.5625,9.482812],[122.410937,9.693896],[122.399512,9.823047],[122.471484,9.961523],[122.712988,9.990137],[122.855566,10.086914],[122.816992,10.503809],[122.958398,10.69834],[122.983301,10.886621],[123.256641,10.993945],[123.510645,10.923047],[123.567578,10.780762],[123.162012,9.864258],[123.149805,9.606152],[123.320508,9.272949],[123.228711,9.121387],[123.130859,9.064111]]],[[[124.574609,11.343066],[124.644336,11.308105],[124.821094,11.401416],[124.92998,11.372852],[125.026563,11.211719],[125.013184,10.785693],[125.16416,10.637451],[125.268457,10.307715],[125.25332,10.263818],[125.148438,10.272412],[125.142578,10.189453],[124.9875,10.367578],[125.026563,10.033105],[124.780762,10.168066],[124.789551,10.327539],[124.737695,10.439746],[124.786719,10.781396],[124.662695,10.961963],[124.445508,10.923584],[124.308203,11.486182],[124.330664,11.535205],[124.574609,11.343066]]],[[[125.239551,12.527881],[125.310352,12.446289],[125.320215,12.321826],[125.535645,12.191406],[125.456543,11.952539],[125.491797,11.594336],[125.608984,11.323047],[125.573535,11.238232],[125.704004,11.164795],[125.735645,11.049609],[125.628125,11.132031],[125.233398,11.145068],[125.155859,11.267041],[125.034277,11.34126],[124.916992,11.558398],[124.99502,11.764941],[124.884277,11.775488],[124.676758,12.020898],[124.445703,12.152783],[124.294727,12.569336],[124.56582,12.526221],[125.150195,12.572559],[125.239551,12.527881]]],[[[120.704395,13.479492],[120.980762,13.485986],[121.122461,13.38125],[121.202734,13.432324],[121.522754,13.131201],[121.474805,12.931592],[121.540625,12.638184],[121.412305,12.423047],[121.394336,12.300586],[121.322363,12.303613],[121.236719,12.218799],[121.116992,12.253418],[120.922168,12.511621],[120.899414,12.64585],[120.795996,12.747998],[120.763672,12.969824],[120.651367,13.169141],[120.508301,13.260059],[120.455469,13.393506],[120.338477,13.412354],[120.40127,13.517041],[120.704395,13.479492]]],[[[126.005957,9.320947],[126.087598,9.260742],[126.193359,9.276709],[126.191992,9.124902],[126.30459,8.952051],[126.319531,8.844727],[126.139551,8.595654],[126.365332,8.483887],[126.379785,8.326758],[126.458691,8.202832],[126.435352,7.832812],[126.570117,7.677246],[126.581543,7.247754],[126.439063,7.012354],[126.294043,6.882324],[126.19209,6.852539],[126.240234,6.733887],[126.189355,6.309668],[126.043066,6.843164],[125.824414,7.333301],[125.689258,7.263037],[125.640723,7.105078],[125.400977,6.795752],[125.380664,6.689941],[125.588477,6.465771],[125.670703,6.225],[125.667969,5.978662],[125.455859,5.664258],[125.346484,5.598975],[125.287891,5.632275],[125.241016,5.756934],[125.268457,6.033154],[125.231543,6.069531],[125.035352,5.870654],[124.927344,5.875342],[124.212793,6.233252],[124.078125,6.404443],[123.985254,6.993701],[124.190723,7.267334],[124.206641,7.396436],[123.968457,7.664648],[123.66582,7.817773],[123.493066,7.80791],[123.390918,7.40752],[123.178223,7.529443],[123.09668,7.700439],[122.989551,7.546289],[122.842969,7.529297],[122.791797,7.722461],[122.713965,7.774121],[122.616211,7.763135],[122.474414,7.638965],[122.14248,6.949658],[122.098145,6.913721],[121.964258,6.968213],[121.904199,7.075195],[121.924609,7.199512],[122.047168,7.363574],[122.131836,7.810498],[122.243359,7.945117],[122.386719,8.045898],[122.911133,8.156445],[122.996289,8.220508],[122.998828,8.356055],[123.050586,8.433936],[123.147168,8.516016],[123.341211,8.57041],[123.43457,8.70332],[123.680078,8.620605],[123.849219,8.432715],[123.877441,8.188818],[123.753125,8.058252],[123.799414,8.049121],[124.197656,8.229541],[124.404883,8.599854],[124.621777,8.522656],[124.731152,8.562988],[124.786816,8.874121],[124.868945,8.972266],[125.141016,8.86875],[125.209668,9.027148],[125.49873,9.014746],[125.533398,9.140918],[125.413965,9.669189],[125.471289,9.756787],[125.87666,9.513135],[126.005957,9.320947]]],[[[123.370313,9.449609],[123.331738,9.422949],[123.316016,9.488965],[123.38623,9.96709],[123.711426,10.473682],[123.929883,10.963818],[123.967188,11.186914],[124.038867,11.273535],[124.05127,10.585596],[124.00498,10.400098],[123.700488,10.12832],[123.493555,9.589307],[123.370313,9.449609]]],[[[121.92168,18.894727],[121.858203,18.8229],[121.825195,18.842725],[121.888867,18.991553],[121.943359,19.010449],[121.987891,18.956641],[121.92168,18.894727]]],[[[121.520898,19.361963],[121.53125,19.271338],[121.374609,19.356299],[121.391602,19.399365],[121.520898,19.361963]]],[[[121.960059,20.365869],[121.914062,20.359424],[121.941211,20.453711],[122.031152,20.469385],[121.960059,20.365869]]],[[[121.878125,20.781885],[121.790625,20.701172],[121.847852,20.84126],[121.878125,20.781885]]],[[[121.159375,6.075635],[121.213867,6.003516],[121.391504,6.0021],[121.411035,5.939844],[121.294434,5.869971],[121.218164,5.942725],[120.930664,5.896191],[120.876367,5.952637],[121.037695,6.095996],[121.159375,6.075635]]],[[[117.079883,7.883398],[117.02832,7.80752],[116.969531,7.894922],[116.993555,8.050537],[117.077051,8.069141],[117.079883,7.883398]]],[[[119.916211,10.485986],[119.793164,10.455273],[119.764453,10.551611],[119.852051,10.640137],[120.008398,10.570117],[119.916211,10.485986]]],[[[120.1,12.167676],[120.19375,12.167041],[120.228223,12.219824],[120.341406,12.077441],[120.314551,12.012402],[120.010547,12.008252],[119.865918,12.199023],[119.885742,12.299854],[119.916406,12.319092],[120.1,12.167676]]],[[[120.03877,11.70332],[119.944922,11.690723],[119.860938,11.953955],[119.916016,11.981348],[120.035937,11.917236],[120.073145,11.783496],[120.03877,11.70332]]],[[[122.649512,10.472705],[122.538379,10.424951],[122.5375,10.607568],[122.70127,10.740625],[122.737207,10.65459],[122.649512,10.472705]]],[[[124.593848,9.787207],[124.584277,9.750488],[124.477539,9.7479],[124.359863,9.630225],[124.122461,9.599316],[123.935645,9.623975],[123.817187,9.817383],[124.172852,10.135205],[124.335742,10.159912],[124.577148,10.026709],[124.555078,9.879199],[124.593848,9.787207]]],[[[120.250391,5.256592],[120.191602,5.168311],[120.118359,5.215381],[119.958105,5.079541],[119.821484,5.069531],[119.827344,5.133154],[120.165234,5.332422],[120.208008,5.340088],[120.250391,5.256592]]],[[[122.092871,6.42832],[121.95918,6.41582],[121.808691,6.613721],[121.832031,6.664062],[122.058301,6.740723],[122.323535,6.602246],[122.092871,6.42832]]],[[[126.059375,9.766211],[125.991211,9.838525],[126.073828,10.059229],[126.172559,9.799951],[126.059375,9.766211]]],[[[125.690234,9.914453],[125.672559,9.886475],[125.494824,10.118701],[125.524609,10.309717],[125.666797,10.440137],[125.690234,9.914453]]],[[[120.271289,13.750684],[120.272852,13.682959],[120.104199,13.782373],[120.103418,13.842529],[120.211426,13.820654],[120.271289,13.750684]]],[[[121.914844,13.540332],[121.995703,13.546777],[122.114551,13.463184],[122.122363,13.365137],[122.004883,13.20498],[121.829199,13.328613],[121.866211,13.566162],[121.914844,13.540332]]],[[[122.094043,12.354883],[122.013965,12.105615],[121.923242,12.331299],[121.989453,12.435303],[122.001563,12.598535],[122.14502,12.652637],[122.094043,12.354883]]],[[[122.654492,12.309033],[122.60332,12.285596],[122.422949,12.455078],[122.603613,12.491602],[122.673633,12.424268],[122.654492,12.309033]]],[[[123.281836,12.853418],[123.367188,12.70083],[122.949023,13.058691],[122.95752,13.107178],[123.043555,13.113379],[123.281836,12.853418]]],[[[123.775391,12.453906],[123.779102,12.36626],[123.587207,12.633301],[123.621484,12.674902],[123.708691,12.610791],[123.775391,12.453906]]],[[[123.716602,12.287354],[123.908301,12.169092],[124.040332,11.966797],[124.045508,11.752441],[123.847754,11.913574],[123.725195,11.951562],[123.736035,12.002637],[123.47373,12.21665],[123.157813,11.925635],[123.267188,12.395459],[123.236426,12.583496],[123.558984,12.444824],[123.716602,12.287354]]],[[[124.353613,13.632227],[124.327051,13.567383],[124.248242,13.58667],[124.175391,13.531543],[124.038867,13.663135],[124.12373,13.790479],[124.122852,13.979687],[124.224902,14.077588],[124.417188,13.871045],[124.404004,13.679443],[124.353613,13.632227]]],[[[122.175391,14.048828],[122.172266,14.008008],[121.95625,14.156055],[121.95918,14.22876],[122.175391,14.048828]]],[[[122.033496,15.005029],[122.051562,14.969873],[121.970313,14.892969],[122.02168,14.759424],[121.989648,14.662158],[121.933008,14.656055],[121.923047,14.8],[121.820312,14.963574],[121.839844,15.038135],[121.97168,15.046387],[122.033496,15.005029]]],[[[124.316211,10.606006],[124.334668,10.706689],[124.381348,10.632568],[124.316211,10.606006]]],[[[125.280762,9.982178],[125.287695,9.932715],[125.158984,10.062939],[125.133008,10.155029],[125.230957,10.115674],[125.280762,9.982178]]],[[[122.937109,7.409131],[122.943652,7.361035],[122.804688,7.315967],[122.822168,7.428467],[122.937109,7.409131]]],[[[125.78457,6.962744],[125.768945,6.905762],[125.683008,7.073193],[125.714453,7.185547],[125.783398,7.130664],[125.78457,6.962744]]],[[[124.608398,11.492188],[124.483496,11.48584],[124.360352,11.665918],[124.510938,11.687109],[124.622266,11.549561],[124.608398,11.492188]]],[[[124.806641,9.142627],[124.77793,9.083105],[124.66582,9.132324],[124.65332,9.22583],[124.736816,9.243164],[124.806641,9.142627]]],[[[121.252246,19.082422],[121.24668,19.015186],[121.184863,19.101416],[121.213184,19.183594],[121.252246,19.082422]]],[[[119.861426,11.525342],[119.88291,11.472412],[119.830664,11.375684],[119.72998,11.431934],[119.725586,11.474658],[119.861426,11.525342]]],[[[123.757031,11.283301],[123.815625,11.150732],[123.736719,11.151465],[123.707617,11.247998],[123.757031,11.283301]]],[[[122.31084,12.528809],[122.260938,12.503076],[122.278027,12.59292],[122.31084,12.528809]]],[[[125.970508,9.593555],[125.952441,9.567969],[125.92207,9.621484],[125.967773,9.759082],[125.970508,9.593555]]],[[[124.854395,11.594775],[124.835938,11.543311],[124.781055,11.580762],[124.730859,11.715332],[124.854395,11.594775]]],[[[117.355273,8.214648],[117.287012,8.191016],[117.280859,8.31499],[117.353711,8.289258],[117.355273,8.214648]]],[[[123.697656,9.237305],[123.70625,9.133545],[123.614453,9.10332],[123.493457,9.19209],[123.654883,9.27876],[123.697656,9.237305]]]]}},{"type":"Feature","properties":{"sigla":"PAK","nome":"Paquistão"},"geometry":{"type":"Polygon","coordinates":[[[76.766895,35.661719],[77.048633,35.109912],[77.000879,34.991992],[76.78291,34.900195],[76.594434,34.73584],[76.456738,34.756104],[76.041016,34.669922],[75.70918,34.503076],[75.452539,34.536719],[75.1875,34.639014],[74.300391,34.765381],[73.96123,34.653467],[73.794531,34.378223],[73.809961,34.325342],[73.972363,34.236621],[73.904102,34.075684],[73.949902,34.018799],[74.246484,33.990186],[74.250879,33.946094],[74.215625,33.886572],[74.000977,33.788184],[73.976465,33.721289],[74.004004,33.632422],[74.15,33.506982],[74.117773,33.384131],[73.994238,33.242188],[74.003809,33.189453],[74.303613,32.991797],[74.305469,32.810449],[74.35459,32.768701],[74.663281,32.757666],[74.643359,32.607715],[74.685742,32.493799],[74.987305,32.462207],[75.233691,32.372119],[75.333496,32.279199],[75.254102,32.140332],[74.739453,31.948828],[74.555566,31.818555],[74.509961,31.712939],[74.593945,31.465381],[74.517676,31.185596],[74.632812,31.034668],[74.339355,30.893555],[73.899316,30.435352],[73.933398,30.22207],[73.80918,30.093359],[73.381641,29.934375],[73.231152,29.550635],[72.90332,29.02876],[72.341895,28.751904],[72.128516,28.346338],[71.948047,28.177295],[71.870313,27.9625],[70.797949,27.709619],[70.691602,27.768994],[70.629102,27.937451],[70.403711,28.025049],[70.144531,27.849023],[69.896289,27.473633],[69.537012,27.122949],[69.47002,26.804443],[69.506934,26.742676],[69.735938,26.627051],[70.059375,26.57876],[70.147656,26.506445],[70.132617,26.214795],[70.077734,26.071973],[70.100195,25.910059],[70.264648,25.706543],[70.569531,25.705957],[70.648438,25.666943],[70.652051,25.4229],[71.047852,24.687744],[70.969824,24.571875],[70.973242,24.487402],[71.044043,24.400098],[70.716309,24.237988],[70.579297,24.279053],[70.546777,24.418311],[70.489258,24.412158],[70.098242,24.2875],[70.021094,24.191553],[69.805176,24.165234],[69.55918,24.273096],[68.82832,24.264014],[68.781152,24.313721],[68.728125,24.265625],[68.724121,23.964697],[68.28252,23.927979],[68.165039,23.857324],[68.115527,23.753369],[68.037012,23.848242],[67.950977,23.828613],[67.859961,23.902686],[67.819043,23.828076],[67.668457,23.810986],[67.645801,23.919873],[67.563086,23.881836],[67.503613,23.940039],[67.309375,24.174805],[67.171484,24.756104],[66.703027,24.860937],[66.698633,25.226318],[66.533887,25.484375],[66.324219,25.601807],[66.219043,25.589893],[66.131152,25.493262],[66.356445,25.507373],[66.467676,25.445312],[66.234668,25.464355],[65.679688,25.355273],[65.40625,25.374316],[64.77666,25.307324],[64.658984,25.184082],[64.152051,25.333447],[64.059375,25.40293],[63.935547,25.342529],[63.720898,25.385889],[63.556641,25.353174],[63.495703,25.29751],[63.491406,25.21084],[62.664746,25.264795],[62.315332,25.134912],[62.198633,25.224854],[62.089453,25.155322],[61.90791,25.131299],[61.566895,25.186328],[61.61543,25.286133],[61.661816,25.75127],[61.754395,25.843359],[61.842383,26.225928],[62.125977,26.368994],[62.239355,26.357031],[62.312305,26.490869],[62.439258,26.561035],[62.786621,26.643896],[63.157813,26.649756],[63.186133,26.837598],[63.250391,26.879248],[63.24209,27.077686],[63.301563,27.151465],[63.166797,27.25249],[62.91543,27.218408],[62.762988,27.250195],[62.812012,27.497021],[62.739746,28.002051],[62.758008,28.243555],[62.564551,28.235156],[62.353027,28.414746],[61.889844,28.546533],[61.623047,28.791602],[61.337891,29.26499],[61.318359,29.372607],[60.843359,29.858691],[62.476562,29.40835],[63.567578,29.497998],[64.09873,29.391943],[64.39375,29.544336],[65.095508,29.559473],[66.23125,29.865723],[66.313379,29.968555],[66.238477,30.109619],[66.305469,30.321143],[66.286914,30.60791],[66.346875,30.802783],[66.397168,30.912207],[66.595801,31.019971],[66.829297,31.263672],[66.924316,31.305615],[67.287305,31.217822],[67.452832,31.234619],[67.737891,31.343945],[67.578223,31.506494],[68.017188,31.677979],[68.161035,31.802979],[68.443262,31.754492],[68.597656,31.802979],[68.782324,31.646436],[68.868945,31.634229],[69.083105,31.738477],[69.279297,31.936816],[69.241406,32.433545],[69.405371,32.682715],[69.501563,33.020068],[69.920117,33.1125],[70.261133,33.289014],[70.28418,33.369043],[70.13418,33.620752],[69.868066,33.897656],[69.889648,34.007275],[69.994727,34.051807],[70.325684,33.961133],[70.654004,33.952295],[71.051563,34.049707],[71.095703,34.369434],[70.965625,34.530371],[71.294141,34.867725],[71.455078,34.966943],[71.620508,35.183008],[71.545508,35.288867],[71.600586,35.40791],[71.571973,35.546826],[71.427539,35.83374],[71.185059,36.04209],[71.620508,36.436475],[71.772656,36.431836],[72.156738,36.700879],[72.622852,36.82959],[73.116797,36.868555],[73.769141,36.888477],[74.038867,36.825732],[74.600586,37.03667],[74.889258,36.952441],[75.145215,36.973242],[75.34668,36.913477],[75.424219,36.738232],[75.667188,36.741992],[75.884961,36.600732],[75.974414,36.382422],[75.968652,36.168848],[75.912305,36.048975],[76.070898,35.983008],[76.147852,35.829004],[76.25166,35.810937],[76.55127,35.887061],[76.563477,35.772998],[76.766895,35.661719]]]}},{"type":"Feature","properties":{"sigla":"OMN","nome":"Omã"},"geometry":{"type":"MultiPolygon","coordinates":[[[[58.72207,20.21875],[58.640918,20.210693],[58.641211,20.337354],[58.884375,20.680566],[58.950781,20.516162],[58.835156,20.423926],[58.72207,20.21875]]],[[[53.085645,16.648389],[52.800586,17.26792],[52.729199,17.300391],[51.977637,18.996143],[54.977344,19.995947],[55.641016,22.001855],[55.18584,22.704102],[55.199902,23.034766],[55.508496,23.724609],[55.531641,23.819043],[55.468457,23.941113],[55.547852,23.991357],[55.985156,24.063379],[55.928613,24.215137],[55.76084,24.242676],[55.805664,24.349805],[55.768164,24.490625],[55.795703,24.868115],[55.91582,24.971777],[56.000586,24.953223],[55.970313,24.858936],[56.063867,24.73877],[56.387988,24.979199],[56.640625,24.470312],[56.9125,24.150195],[57.123047,23.980713],[57.611328,23.803662],[58.12041,23.716553],[58.324512,23.623828],[58.578027,23.643457],[58.773047,23.517187],[59.029883,23.130566],[59.429395,22.66084],[59.535156,22.578516],[59.823242,22.508984],[59.8,22.219922],[59.371484,21.498828],[58.895703,21.112793],[58.474219,20.406885],[58.208984,20.423975],[58.24502,20.599219],[58.169434,20.589502],[58.10293,20.570361],[57.861816,20.244141],[57.71416,19.678418],[57.811621,19.01709],[57.675781,18.957861],[57.176563,18.902588],[56.825977,18.753516],[56.655078,18.587354],[56.550781,18.165967],[56.383496,17.987988],[55.479102,17.843262],[55.255371,17.585645],[55.275195,17.320898],[55.06416,17.038916],[54.771875,16.964648],[54.566504,17.03125],[54.068164,17.005518],[53.609863,16.759961],[53.085645,16.648389]]],[[[56.297852,25.650684],[56.249512,25.625391],[56.144629,25.690527],[56.16748,26.047461],[56.080469,26.062646],[56.164453,26.207031],[56.305566,26.235205],[56.378711,26.356348],[56.429785,26.327197],[56.416406,26.10874],[56.373633,25.80459],[56.297852,25.650684]]],[[[56.281836,25.235547],[56.210547,25.213281],[56.234277,25.303809],[56.277344,25.300879],[56.281836,25.235547]]]]}},{"type":"Feature","properties":{"sigla":"PRK","nome":"Coreia do Norte"},"geometry":{"type":"MultiPolygon","coordinates":[[[[128.374609,38.623437],[128.168652,38.359326],[128.038965,38.308545],[127.090332,38.283887],[126.666797,37.917187],[126.633887,37.781836],[126.369922,37.878369],[126.203125,37.828516],[126.116699,37.74292],[126.050293,37.869824],[125.941699,37.873682],[125.769141,37.985352],[125.449316,37.730225],[125.357813,37.724805],[125.310742,37.843506],[124.98877,37.931445],[125.24668,38.056836],[125.206738,38.081543],[124.690918,38.129199],[124.874512,38.233398],[124.880566,38.34165],[125.067383,38.556738],[125.309668,38.665381],[125.554492,38.68623],[125.168848,38.805518],[125.157324,38.871533],[125.409668,39.288379],[125.36084,39.526611],[125.100098,39.590332],[124.775293,39.758057],[124.732227,39.652197],[124.638281,39.615088],[124.557422,39.790576],[124.348633,39.906885],[124.386621,40.104248],[124.889355,40.459814],[124.996875,40.464746],[125.072949,40.547461],[125.416895,40.659912],[125.72832,40.866699],[125.989062,40.904639],[126.49043,41.358057],[126.60127,41.640967],[126.903516,41.781055],[127.006934,41.742041],[127.179688,41.531348],[127.687695,41.43999],[128.013086,41.448682],[128.149414,41.387744],[128.289258,41.607422],[128.03291,41.898486],[128.045215,41.9875],[128.923438,42.038232],[129.195508,42.218457],[129.313672,42.413574],[129.423633,42.435889],[129.52373,42.384668],[129.697852,42.448145],[129.861035,42.965088],[129.898242,42.998145],[130.082617,42.97417],[130.240332,42.891797],[130.24668,42.744824],[130.498242,42.570508],[130.687305,42.302539],[130.45752,42.301709],[130.235742,42.183203],[129.756348,41.712256],[129.686328,41.594971],[129.682422,41.494336],[129.76582,41.303857],[129.712109,41.123682],[129.741992,40.932275],[129.708691,40.857324],[129.341113,40.726318],[129.109766,40.491064],[128.701367,40.317529],[128.51123,40.130225],[128.304492,40.035937],[127.966602,39.995605],[127.86709,39.895947],[127.568164,39.781982],[127.527441,39.695703],[127.548926,39.461084],[127.522852,39.377393],[127.422266,39.373584],[127.394531,39.20791],[127.786133,39.084131],[127.97168,38.897998],[128.249414,38.745215],[128.374609,38.623437]]],[[[124.905273,39.536279],[124.848926,39.507568],[124.846094,39.558887],[124.93457,39.607812],[124.905273,39.536279]]]]}},{"type":"Feature","properties":{"sigla":"NPL","nome":"Nepal"},"geometry":{"type":"Polygon","coordinates":[[[88.109766,27.870605],[88.150293,27.843311],[88.146973,27.749219],[88.024121,27.408887],[87.984375,27.133936],[88.157227,26.807324],[88.054883,26.430029],[87.995117,26.382373],[87.849219,26.436914],[87.633398,26.399121],[87.413574,26.422949],[87.287402,26.360303],[87.089551,26.433203],[87.016406,26.55542],[86.701367,26.435059],[86.366113,26.574414],[86.007324,26.649365],[85.794531,26.60415],[85.648438,26.829004],[85.292969,26.741016],[85.191797,26.766553],[85.125391,26.860986],[84.685352,27.041016],[84.610156,27.298682],[84.091016,27.491357],[83.828809,27.377832],[83.447168,27.465332],[83.289746,27.370996],[82.733398,27.518994],[82.677344,27.673437],[82.451367,27.671826],[81.987695,27.91377],[81.852637,27.86709],[81.31084,28.176367],[81.168945,28.33501],[80.587012,28.649609],[80.517871,28.665186],[80.479102,28.604883],[80.418555,28.612012],[80.05166,28.870312],[80.130469,29.100391],[80.233008,29.194629],[80.316895,29.57207],[80.612891,29.955859],[80.907617,30.171924],[81.010254,30.164502],[81.110352,30.036816],[81.177148,30.039893],[81.417188,30.337598],[81.641895,30.3875],[81.854883,30.362402],[82.043359,30.326758],[82.220703,30.063867],[82.486523,29.941504],[82.854297,29.683398],[83.155469,29.612646],[83.583496,29.183594],[83.935938,29.279492],[84.101367,29.219971],[84.228711,28.911768],[84.796875,28.560205],[85.159082,28.592236],[85.088574,28.372266],[85.122461,28.315967],[85.67832,28.277441],[85.994531,27.9104],[86.06416,27.934717],[86.078711,28.083594],[86.137012,28.114355],[86.217969,28.02207],[86.408691,27.928662],[86.516895,27.963525],[86.554492,28.085205],[86.614453,28.103027],[87.141406,27.83833],[87.622559,27.815186],[87.860742,27.886084],[88.109766,27.870605]]]}},{"type":"Feature","properties":{"sigla":"MNG","nome":"Mongólia"},"geometry":{"type":"Polygon","coordinates":[[[87.814258,49.162305],[87.934766,49.164551],[88.115723,49.256299],[88.192578,49.451709],[88.633203,49.486133],[88.831641,49.448437],[88.900195,49.539697],[89.008398,49.472803],[89.109473,49.501367],[89.243945,49.627051],[89.395605,49.611523],[89.654102,49.71748],[89.643848,49.903027],[89.977344,49.984326],[90.053711,50.09375],[90.655078,50.222363],[91.021582,50.415479],[91.415039,50.468018],[91.446484,50.522168],[91.804297,50.693604],[92.192383,50.700586],[92.295801,50.849805],[92.354785,50.86416],[92.62666,50.688281],[92.738672,50.710938],[92.779297,50.778662],[92.941309,50.778223],[93.009863,50.654541],[93.103125,50.603906],[94.251074,50.556396],[94.354688,50.221826],[94.614746,50.02373],[94.930273,50.04375],[95.111426,49.935449],[95.522656,49.91123],[95.789355,50.0125],[95.935742,49.96001],[96.065527,49.99873],[96.315039,49.901123],[96.985742,49.882812],[97.208594,49.730811],[97.359766,49.741455],[97.589355,49.911475],[98.003906,50.014258],[98.103418,50.077832],[98.250293,50.302441],[98.279492,50.533252],[98.029785,50.644629],[97.953125,50.855176],[97.825293,50.985254],[97.835742,51.05166],[97.91084,51.165186],[97.946875,51.348437],[98.037598,51.449951],[98.219922,51.505615],[98.352734,51.717627],[98.640527,51.801172],[98.893164,52.117285],[99.407031,51.923535],[99.719238,51.871631],[99.92168,51.755518],[100.468945,51.726074],[101.38125,51.452637],[101.570898,51.467187],[102.111523,51.353467],[102.155664,51.31377],[102.215039,50.829443],[102.316602,50.718457],[102.288379,50.585107],[102.683301,50.387158],[103.161719,50.290723],[103.304395,50.200293],[103.63291,50.138574],[103.802637,50.176074],[104.078711,50.154248],[104.466309,50.306152],[105.094727,50.389941],[105.383594,50.47373],[105.875195,50.405371],[106.217871,50.30459],[106.711133,50.312598],[107.233301,49.989404],[107.916602,49.947803],[107.96543,49.653516],[108.613672,49.322803],[109.236719,49.334912],[110.199902,49.17041],[110.427832,49.219971],[110.709766,49.142969],[111.336621,49.355859],[112.079688,49.424219],[112.494922,49.532324],[112.806445,49.523584],[113.055566,49.61626],[113.16416,49.797168],[113.574219,50.007031],[114.29707,50.274414],[114.743164,50.233691],[115.429199,49.896484],[115.717773,49.880615],[116.13457,50.010791],[116.351172,49.978076],[116.551172,49.920312],[116.683301,49.823779],[116.025488,48.782275],[115.820508,48.577246],[115.785547,48.248242],[115.525098,48.130859],[115.557617,47.94502],[115.616406,47.874805],[115.898242,47.686914],[116.231152,47.858203],[116.760547,47.869775],[117.069727,47.806396],[117.350781,47.652197],[117.768359,47.987891],[118.14707,48.028906],[118.498438,47.983984],[118.759961,47.757617],[119.081934,47.65415],[119.162402,47.525195],[119.711133,47.15],[119.897852,46.857812],[119.895898,46.732861],[119.867188,46.672168],[119.706641,46.606006],[119.162109,46.638672],[118.843945,46.760205],[118.722949,46.691895],[118.308691,46.717041],[118.071289,46.666602],[117.741211,46.518164],[117.438086,46.58623],[117.333398,46.362012],[116.859082,46.387939],[116.562598,46.289795],[116.212988,45.886914],[116.240625,45.795996],[116.197656,45.739355],[115.681055,45.458252],[115.162598,45.390234],[114.560156,45.38999],[114.419141,45.202588],[114.080273,44.971143],[113.587012,44.745703],[112.706738,44.883447],[112.411328,45.058203],[111.898047,45.064062],[111.621289,44.827148],[111.402246,44.367285],[111.602637,44.107129],[111.836914,43.934668],[111.931738,43.814941],[111.933203,43.711426],[111.771094,43.6646],[111.547363,43.496289],[111.007227,43.341406],[110.400391,42.773682],[109.339844,42.438379],[108.171191,42.447314],[106.77002,42.288721],[105.19707,41.738037],[104.982031,41.595508],[104.860352,41.64375],[104.498242,41.658691],[104.498242,41.877002],[103.711133,41.751318],[103.072852,42.005957],[102.156641,42.158105],[101.972949,42.215869],[101.659961,42.500049],[101.495313,42.53877],[99.983789,42.677344],[99.467871,42.568213],[97.205664,42.789795],[96.385449,42.720361],[96.299512,42.928711],[95.85957,43.275977],[95.841992,43.383691],[95.525586,43.953955],[95.325586,44.039355],[95.350293,44.278076],[95.049805,44.259424],[94.712012,44.35083],[94.199316,44.645166],[93.95791,44.674951],[93.656445,44.900977],[93.516211,44.944482],[92.787891,45.035742],[92.423828,45.008936],[91.584375,45.076514],[91.05,45.217432],[90.877246,45.196094],[90.661816,45.525244],[90.709668,45.730811],[91.001758,46.035791],[90.911523,46.270654],[91.028906,46.566064],[90.869922,46.954492],[90.715527,47.003857],[90.496191,47.285156],[90.330664,47.655176],[90.103223,47.74541],[90.02793,47.877686],[89.778125,47.827002],[89.479199,48.029053],[89.196289,47.980908],[89.047656,48.002539],[88.575977,48.220166],[88.51709,48.384473],[87.979688,48.555127],[88.060059,48.707178],[87.831836,48.79165],[87.743164,48.881641],[87.872168,49.000146],[87.814258,49.162305]]]}},{"type":"Feature","properties":{"sigla":"MYS","nome":"Malásia"},"geometry":{"type":"MultiPolygon","coordinates":[[[[100.119141,6.441992],[100.176758,6.671826],[100.261426,6.682715],[100.34541,6.549902],[100.629492,6.447998],[100.754492,6.460059],[100.873926,6.24541],[101.053516,6.242578],[101.075586,5.956494],[100.981641,5.771045],[101.113965,5.636768],[101.190625,5.66875],[101.257031,5.789355],[101.556055,5.907764],[101.678418,5.778809],[101.790723,5.779346],[101.873633,5.825293],[102.101074,6.242236],[102.274023,6.203418],[102.340137,6.172021],[102.534375,5.862549],[103.09707,5.408447],[103.41582,4.850293],[103.453906,4.669482],[103.46875,4.393262],[103.362012,3.769141],[103.453516,3.520605],[103.439453,2.933105],[103.537305,2.774756],[103.812207,2.580469],[104.218555,1.722852],[104.288477,1.480664],[104.250098,1.388574],[104.176367,1.364893],[104.114941,1.412256],[103.981445,1.623633],[103.991504,1.454785],[103.694531,1.449658],[103.549805,1.332812],[103.480273,1.329492],[103.356836,1.546143],[102.727148,1.855566],[102.548242,2.042383],[102.145605,2.248486],[101.78125,2.573584],[101.519727,2.683643],[101.295508,2.885205],[101.354297,3.011133],[101.299902,3.253271],[100.71543,3.966211],[100.795508,4.023389],[100.614551,4.373437],[100.614551,4.652246],[100.473437,5.044287],[100.352637,5.587695],[100.343262,5.98418],[100.119141,6.441992]]],[[[117.574414,4.170605],[117.100586,4.337061],[116.514746,4.370801],[116.414551,4.308203],[116.23623,4.362549],[116.021582,4.290674],[115.860742,4.348047],[115.678809,4.193018],[115.568457,3.93877],[115.566113,3.445752],[115.454395,3.034326],[115.310156,2.993945],[115.246973,3.025928],[115.117578,2.894873],[115.080762,2.634229],[115.180859,2.566895],[115.179102,2.523193],[114.786426,2.250488],[114.758691,2.162402],[114.830566,1.980029],[114.8,1.893945],[114.703516,1.850781],[114.632227,1.617041],[114.5125,1.452002],[114.387109,1.500049],[113.902344,1.434277],[113.622266,1.235937],[113.513184,1.308398],[113.006543,1.433887],[112.988281,1.547559],[112.942969,1.566992],[112.476172,1.559082],[112.185742,1.439062],[112.078516,1.143359],[111.923145,1.113281],[111.808984,1.01167],[111.483203,0.995752],[111.101367,1.050537],[110.505762,0.861963],[109.735742,1.522949],[109.654004,1.614893],[109.63584,1.77666],[109.548926,1.84834],[109.628906,2.027539],[109.719629,1.857812],[109.864844,1.764453],[110.114062,1.698584],[110.349219,1.719727],[110.675195,1.548047],[110.894922,1.532471],[111.098437,1.400879],[111.223242,1.39585],[111.058008,1.48667],[111.028711,1.557812],[111.154199,1.73877],[111.17002,1.902295],[111.250879,2.063867],[111.268164,2.139746],[111.195508,2.297168],[111.242188,2.435742],[111.351367,2.364453],[111.443848,2.381543],[111.443262,2.634326],[111.623242,2.817969],[112.737305,3.070459],[113.044727,3.205225],[113.446094,3.740576],[113.923926,4.243213],[114.0125,4.575244],[114.063867,4.592676],[114.168848,4.526953],[114.322949,4.262793],[114.416602,4.255859],[114.571777,4.049072],[114.654102,4.037646],[114.776172,4.168799],[114.840234,4.393213],[114.74668,4.718066],[115.026758,4.899707],[115.026758,4.691357],[115.107031,4.39043],[115.319238,4.365283],[115.22793,4.750586],[115.140039,4.899756],[115.374902,4.932764],[115.554492,5.093555],[115.582031,5.194141],[115.466895,5.254102],[115.419043,5.413184],[115.603906,5.603418],[115.624512,5.548877],[115.74082,5.533008],[115.877148,5.613525],[116.059766,5.882373],[116.138379,6.129541],[116.494727,6.52168],[116.776172,6.990234],[116.833008,6.952051],[116.849805,6.826709],[116.788086,6.606104],[116.913281,6.659668],[117.128516,6.968896],[117.252441,6.919238],[117.294043,6.676904],[117.645703,6.473682],[117.695605,6.272314],[117.615918,6.196533],[117.644531,6.001855],[117.617188,5.940723],[117.501172,5.884668],[117.817676,5.94043],[118.003809,6.05332],[118.11582,5.8625],[117.934766,5.7875],[117.973633,5.70625],[118.249121,5.820557],[118.353125,5.806055],[118.51416,5.728906],[118.594824,5.59209],[118.957324,5.429004],[119.178418,5.430908],[119.255566,5.365918],[119.249707,5.19873],[119.132227,5.100488],[118.67207,4.964062],[118.381836,5.018506],[118.260547,4.988867],[118.185352,4.828516],[118.5625,4.502148],[118.595117,4.460645],[118.54834,4.379248],[118.008203,4.250244],[117.696484,4.342822],[117.574414,4.170605]]],[[[104.221582,2.731738],[104.146875,2.728223],[104.129102,2.767236],[104.184766,2.871729],[104.221582,2.731738]]],[[[100.288965,5.294727],[100.191016,5.282861],[100.203906,5.446875],[100.245508,5.467773],[100.338867,5.410059],[100.288965,5.294727]]],[[[99.848047,6.465723],[99.918652,6.358594],[99.74375,6.263281],[99.646289,6.418359],[99.749219,6.409619],[99.848047,6.465723]]],[[[117.141602,7.168213],[117.080664,7.115283],[117.064258,7.260693],[117.146875,7.337012],[117.264063,7.35166],[117.266797,7.220801],[117.141602,7.168213]]],[[[101.318555,2.988477],[101.268066,2.97041],[101.31123,3.067383],[101.318555,2.988477]]],[[[111.389258,2.415332],[111.311523,2.437598],[111.300391,2.741162],[111.333496,2.768311],[111.37832,2.709326],[111.389258,2.415332]]],[[[117.884766,4.186133],[117.649023,4.168994],[117.662109,4.250195],[117.708008,4.262402],[117.884766,4.186133]]]]}},{"type":"Feature","properties":{"sigla":"LBN","nome":"Líbano"},"geometry":{"type":"Polygon","coordinates":[[[35.97627,34.629199],[36.383887,34.65791],[36.433008,34.613477],[36.329883,34.499609],[36.504395,34.432373],[36.584961,34.22124],[36.277832,33.925293],[36.365039,33.839355],[36.092188,33.831592],[36.018848,33.783936],[35.942383,33.667578],[36.022266,33.5625],[35.60293,33.240625],[35.53252,33.250488],[35.493164,33.119482],[35.41123,33.075684],[35.108594,33.083691],[35.611816,34.032178],[35.647852,34.248242],[35.804297,34.437402],[35.97793,34.547412],[35.97627,34.629199]]]}},{"type":"Feature","properties":{"sigla":"LAO","nome":"Laos"},"geometry":{"type":"Polygon","coordinates":[[[102.127441,22.379199],[102.4875,21.957764],[102.58252,21.904297],[102.662012,21.676025],[102.738574,21.67793],[102.815918,21.807373],[102.845215,21.734766],[102.949609,21.681348],[102.851172,21.265918],[103.104492,20.89165],[103.635059,20.69707],[104.101367,20.945508],[104.583203,20.64668],[104.532715,20.554883],[104.367773,20.441406],[104.618848,20.374512],[104.69873,20.205322],[104.847852,20.202441],[104.92793,20.018115],[104.743164,19.754736],[104.587891,19.61875],[104.259863,19.685498],[104.032031,19.675146],[104.062891,19.482568],[103.891602,19.30498],[104.716504,18.803418],[105.146484,18.650977],[105.087012,18.49624],[105.114551,18.405273],[105.333496,18.189648],[105.458203,18.154297],[105.588477,17.983691],[105.691406,17.737842],[106.502246,16.954102],[106.546191,16.650732],[106.656445,16.492627],[106.739551,16.452539],[106.851074,16.515625],[106.930664,16.353125],[107.396387,16.043018],[107.391992,15.95166],[107.165918,15.80249],[107.279395,15.618701],[107.564258,15.391602],[107.653125,15.255225],[107.480371,14.979883],[107.519434,14.705078],[107.414746,14.562891],[107.292676,14.592383],[107.109375,14.416699],[107.030176,14.425684],[106.938086,14.327344],[106.819922,14.314697],[106.501465,14.578223],[106.35498,14.454785],[106.225391,14.476221],[106.165234,14.372363],[105.978906,14.343018],[106.124707,14.049121],[106.066797,13.921191],[105.904492,13.924512],[105.739746,14.084961],[105.531543,14.156152],[105.350195,14.10957],[105.245703,14.200537],[105.183301,14.34624],[105.422656,14.471631],[105.497363,14.590674],[105.54668,14.932471],[105.49043,15.256592],[105.615625,15.488281],[105.641016,15.656543],[105.398926,15.829883],[105.40625,15.987451],[105.047168,16.160254],[104.819336,16.466064],[104.750586,16.647559],[104.743555,16.884375],[104.816016,17.300293],[104.739648,17.46167],[104.428125,17.698975],[103.949609,18.318994],[103.792285,18.316504],[103.487988,18.418164],[103.288281,18.408398],[103.263184,18.278467],[103.148535,18.221729],[103.051367,18.028516],[102.807422,17.945557],[102.660645,17.817969],[102.552539,17.965088],[102.101465,18.210645],[101.947461,18.081494],[101.774805,18.033398],[101.6875,17.889404],[101.16748,17.499023],[101.105176,17.479541],[100.908496,17.583887],[101.143945,18.142627],[101.1375,18.286865],[101.046973,18.441992],[101.165527,18.618311],[101.286328,18.977148],[101.197559,19.32793],[101.211914,19.54834],[100.966504,19.610791],[100.625488,19.499854],[100.420117,19.644482],[100.397656,19.756104],[100.539941,20.132373],[100.317969,20.385889],[100.114941,20.257666],[100.183887,20.589111],[100.326074,20.795703],[100.622949,20.85957],[100.522266,20.921924],[100.536133,20.992383],[100.703125,21.251367],[101.080371,21.468652],[101.138867,21.56748],[101.19668,21.52207],[101.175391,21.40752],[101.247852,21.197314],[101.542383,21.234277],[101.704785,21.150146],[101.800586,21.212598],[101.722949,21.314941],[101.736523,21.826514],[101.60293,21.989697],[101.524512,22.253662],[101.73877,22.495264],[101.841797,22.388477],[102.024414,22.439209],[102.127441,22.379199]]]}},{"type":"Feature","properties":{"sigla":"KGZ","nome":"Quirguistão"},"geometry":{"type":"Polygon","coordinates":[[[70.958008,40.238867],[71.304688,40.286914],[71.52041,40.208984],[71.629883,40.217139],[71.69248,40.152344],[71.955664,40.258594],[72.13125,40.438623],[72.232813,40.454395],[72.357715,40.40166],[72.405957,40.463086],[72.369727,40.519727],[72.402051,40.578076],[72.604102,40.525439],[72.773828,40.650391],[73.136914,40.810645],[72.990039,40.860107],[72.658301,40.869922],[72.364063,41.043457],[72.187305,41.025928],[72.164258,41.17373],[71.878613,41.19502],[71.858008,41.311377],[71.664941,41.541211],[71.602246,41.503271],[71.585547,41.333252],[71.5,41.307471],[71.420898,41.341895],[71.393066,41.123389],[70.860449,41.224902],[70.782422,41.2625],[70.688867,41.449805],[70.471387,41.412646],[70.176953,41.53999],[70.630859,41.875488],[70.80332,41.922656],[70.856641,42.030811],[71.228516,42.162891],[71.036035,42.284668],[70.946777,42.248682],[70.892871,42.33999],[71.167383,42.667432],[71.42207,42.783154],[71.816797,42.822168],[72.275781,42.757666],[72.75293,42.637891],[72.855078,42.561133],[73.28291,42.504102],[73.492969,42.409033],[73.421875,42.593506],[73.55625,43.002783],[73.949219,43.19502],[74.145898,43.194092],[74.209082,43.240381],[74.817578,42.978174],[75.366211,42.836963],[75.635645,42.8146],[75.840332,42.9375],[76.50918,42.918896],[76.988086,42.973584],[77.235547,42.912646],[78.524219,42.864648],[78.885156,42.774902],[79.12666,42.775732],[79.428223,42.483496],[79.921094,42.413135],[80.209375,42.190039],[80.246191,42.059814],[79.84043,41.995752],[79.766113,41.898877],[79.293555,41.782812],[78.742578,41.560059],[78.362402,41.371631],[78.346289,41.281445],[78.123438,41.075635],[77.581738,40.992773],[76.907715,41.02417],[76.661133,40.779639],[76.480176,40.449512],[76.318555,40.352246],[76.258301,40.430762],[75.871973,40.303223],[75.677148,40.305811],[75.555566,40.625195],[75.111328,40.454102],[74.835156,40.482617],[74.80127,40.428516],[74.830469,40.328516],[74.679883,40.310596],[74.411914,40.137207],[73.991602,40.043115],[73.835352,39.800146],[73.907129,39.578516],[73.822949,39.488965],[73.715723,39.462256],[73.47041,39.460596],[73.109277,39.361914],[72.563379,39.377197],[72.357715,39.336865],[72.22998,39.20752],[72.042773,39.352148],[71.778613,39.277979],[71.725684,39.306592],[71.732227,39.422998],[71.50332,39.478809],[71.517383,39.553857],[71.470313,39.603662],[71.065039,39.493408],[71.004883,39.411865],[70.799316,39.394727],[70.733105,39.413281],[70.607813,39.564404],[70.501172,39.587354],[70.244824,39.542627],[70.171094,39.58418],[69.598828,39.573779],[69.297656,39.524805],[69.229102,39.761084],[69.278809,39.917773],[69.307227,39.968555],[69.47627,39.919727],[69.46875,40.020752],[69.530273,40.097314],[69.966797,40.202246],[70.451367,40.049219],[70.515137,39.949902],[70.624121,39.998975],[70.644336,40.083447],[70.946387,40.187598],[70.958008,40.238867]],[[71.206152,39.892578],[71.179297,39.979834],[71.228711,40.048145],[71.080371,40.079883],[71.024121,40.14917],[70.97627,40.133252],[70.974414,40.038867],[71.044824,39.992529],[71.011719,39.895117],[71.206152,39.892578]],[[71.779688,39.950244],[71.789941,39.995312],[71.668945,39.946094],[71.75293,39.907129],[71.779688,39.950244]],[[70.70166,39.825293],[70.482813,39.882715],[70.55957,39.790918],[70.70166,39.825293]]]}},{"type":"Feature","properties":{"sigla":"KWT","nome":"Kuwait"},"geometry":{"type":"MultiPolygon","coordinates":[[[[48.275391,29.624316],[48.179688,29.611426],[48.081445,29.798926],[48.184766,29.978857],[48.348242,29.782666],[48.275391,29.624316]]],[[[48.44248,28.54292],[47.671289,28.533154],[47.583105,28.627979],[47.433203,28.989551],[46.531445,29.09624],[46.905859,29.5375],[47.148242,30.000977],[47.331348,30.079687],[47.753906,30.076611],[47.978711,29.982812],[48.143457,29.572461],[47.969629,29.616699],[47.722656,29.393018],[48.051465,29.355371],[48.183789,28.979395],[48.44248,28.54292]]]]}},{"type":"Feature","properties":{"sigla":"KAZ","nome":"Cazaquistão"},"geometry":{"type":"MultiPolygon","coordinates":[[[[50.184473,44.854639],[50.095313,44.830615],[49.995117,44.936963],[50.023047,45.044727],[50.109863,45.081934],[50.038867,44.949121],[50.184473,44.854639]]],[[[50.311719,44.97207],[50.277246,44.958594],[50.256152,45.022412],[50.349707,45.083008],[50.311719,44.97207]]],[[[52.682422,45.411816],[52.554297,45.473975],[52.65957,45.518066],[52.682422,45.411816]]],[[[70.946777,42.248682],[70.715234,42.168652],[70.584277,42.036035],[70.416016,42.078564],[70.095605,41.820508],[69.663867,41.672119],[69.368359,41.490576],[69.153613,41.425244],[69.064941,41.366943],[68.986914,41.205029],[68.737109,41.041895],[68.584082,40.87627],[68.572656,40.622656],[68.415039,40.619434],[68.047656,40.809277],[68.113086,41.028613],[67.935742,41.196582],[66.814258,41.142383],[66.709668,41.17915],[66.498633,41.994873],[66.00957,42.004883],[66.100293,42.99082],[65.803027,42.876953],[65.496191,43.310547],[65.270508,43.417529],[64.905469,43.714697],[64.443164,43.551172],[63.207031,43.627979],[61.990234,43.492139],[61.160742,44.168604],[61.00791,44.393799],[58.555273,45.555371],[55.975684,44.994922],[55.977441,41.322217],[55.545215,41.262744],[55.434375,41.296289],[55.249609,41.458105],[54.853809,41.965186],[54.120996,42.335205],[53.685352,42.296875],[53.055859,42.147754],[52.493848,41.780371],[52.462109,42.100635],[52.618359,42.428223],[52.596582,42.760156],[52.493945,42.820264],[52.273047,42.799805],[52.183691,42.86875],[51.898242,42.869629],[51.616016,43.158447],[51.29541,43.174121],[51.301758,43.482373],[51.064844,43.750146],[50.830762,44.192773],[50.684961,44.265088],[50.331152,44.325488],[50.275586,44.355127],[50.25293,44.461523],[50.297461,44.581543],[50.409473,44.624023],[50.860352,44.62876],[51.177148,44.501367],[51.543555,44.531006],[51.310254,44.61875],[51.05791,44.811572],[51.009375,44.921826],[51.249902,45.12168],[51.415723,45.357861],[52.426758,45.404639],[52.910742,45.319727],[53.200391,45.331982],[52.8375,45.496729],[52.773828,45.572754],[53.041602,45.967871],[53.135254,46.19165],[53.063965,46.475293],[53.170215,46.669043],[53.069434,46.856055],[52.916016,46.954395],[52.483203,46.990674],[52.138281,46.828613],[52.011133,46.901904],[51.744531,46.93374],[51.615234,47.029932],[51.178027,47.110156],[50.58291,46.882275],[50.419336,46.879492],[49.886328,46.595654],[49.347461,46.519141],[49.362109,46.410205],[49.28584,46.436816],[49.205664,46.385693],[49.232227,46.337158],[48.610156,46.566455],[48.50918,46.649951],[48.518555,46.734326],[48.605273,46.765918],[48.883594,46.70542],[48.959375,46.774609],[48.552539,47.320996],[48.166992,47.708789],[47.481934,47.803906],[47.292383,47.740918],[47.093262,47.947705],[47.119043,48.127002],[47.064648,48.232471],[46.660938,48.412256],[46.60918,48.573877],[46.702637,48.805566],[47.031348,49.150293],[46.802051,49.36709],[46.823145,49.502246],[46.991992,49.852734],[47.24834,50.000879],[47.326465,50.273535],[47.503613,50.402734],[47.705762,50.377979],[48.334961,49.858252],[48.434277,49.828516],[48.758984,49.92832],[48.843262,50.013135],[48.625098,50.612695],[48.808398,50.601318],[49.323438,50.851709],[49.498047,51.083594],[49.822266,51.131885],[50.309277,51.321582],[50.793945,51.729199],[51.163477,51.647461],[51.269922,51.594482],[51.344531,51.475342],[51.609082,51.483984],[52.007129,51.672705],[52.219141,51.709375],[52.331055,51.681299],[52.571191,51.481641],[53.338086,51.482373],[53.534668,51.399561],[53.688086,51.251807],[53.956836,51.161182],[54.139746,51.040771],[54.421484,50.780322],[54.471484,50.583789],[54.555273,50.535791],[54.636133,50.591602],[54.65,50.660156],[54.60625,50.879883],[54.546094,50.946045],[54.641602,51.011572],[54.867969,50.941357],[55.361133,50.665283],[55.68623,50.582861],[56.049707,50.713525],[56.143945,50.844629],[56.491406,51.019531],[56.620215,50.980859],[57.011719,51.065186],[57.179004,51.036035],[57.442188,50.888867],[57.653809,50.925146],[57.838867,51.09165],[58.35918,51.063818],[58.547461,50.971045],[58.883691,50.694434],[59.452344,50.62041],[59.523926,50.582812],[59.523047,50.492871],[59.812402,50.582031],[59.955176,50.799268],[60.058594,50.850293],[60.288086,50.70415],[60.424805,50.67915],[60.942285,50.695508],[61.389453,50.861035],[61.585059,51.229687],[61.554688,51.324609],[61.363086,51.441895],[60.464746,51.651172],[60.3875,51.772998],[60.030273,51.933252],[60.425488,52.125586],[60.670313,52.15083],[60.994531,52.336865],[60.774414,52.675781],[61.047461,52.972461],[61.400781,52.995996],[61.974219,52.94375],[62.082715,53.00542],[62.014648,53.107861],[61.659863,53.228467],[61.199219,53.287158],[61.162793,53.336768],[61.228906,53.445898],[61.400977,53.455811],[61.534961,53.523291],[61.474121,53.580273],[61.247949,53.550977],[60.979492,53.621729],[61.113184,53.753467],[61.14375,53.963818],[61.231055,54.019482],[61.333691,54.049268],[61.928711,53.946484],[62.040234,54.002637],[62.499023,54.013184],[62.632715,54.069287],[63.073926,54.105225],[63.191309,54.171045],[63.84707,54.236475],[64.46123,54.38418],[64.649902,54.352246],[64.926758,54.396631],[65.088379,54.340186],[65.157813,54.364404],[65.237402,54.516064],[65.476953,54.623291],[65.707813,54.618701],[65.914258,54.693311],[65.954688,54.659521],[66.222656,54.667383],[68.155859,54.976709],[68.244043,55.052441],[68.20625,55.160937],[68.524805,55.204834],[68.977246,55.3896],[69.493262,55.356885],[70.182422,55.162451],[70.486328,55.282373],[70.738086,55.305176],[70.910156,55.127979],[71.185547,54.599316],[71.152148,54.364062],[71.052734,54.260498],[71.093164,54.212207],[71.336426,54.15835],[72.004492,54.205664],[72.105371,54.308447],[72.186035,54.325635],[72.387305,54.123047],[72.404297,53.964453],[72.446777,53.941846],[72.585938,53.995947],[72.564258,54.09043],[72.622266,54.134326],[72.914062,54.107324],[73.229883,53.957812],[73.380664,53.962842],[73.617969,54.067383],[73.712402,54.042383],[73.678906,53.929443],[73.399414,53.811475],[73.305664,53.707227],[73.285742,53.598389],[73.406934,53.447559],[73.642969,53.57627],[73.858984,53.619727],[74.209961,53.576465],[74.351562,53.487646],[74.402734,53.504443],[74.451953,53.647266],[74.83418,53.825684],[75.052148,53.826709],[75.220215,53.893799],[75.377051,53.970117],[75.437207,54.089648],[75.692871,54.114795],[76.266602,54.311963],[76.837305,54.442383],[76.65459,54.145264],[76.42168,54.151514],[76.484766,54.022559],[77.859961,53.269189],[78.475488,52.638428],[79.468848,51.493115],[79.98623,50.774561],[80.065918,50.758203],[80.086328,50.83999],[80.220215,50.911768],[80.423633,50.946289],[80.448047,51.18335],[80.735254,51.293408],[80.877344,51.281445],[80.965625,51.189795],[81.127246,51.191064],[81.071484,50.96875],[81.388281,50.956494],[81.465918,50.739844],[81.933691,50.766357],[82.098047,50.71084],[82.493945,50.727588],[82.76084,50.893359],[83.019238,50.897266],[83.160254,50.989209],[83.357324,50.99458],[83.945117,50.774658],[84.175977,50.520557],[84.257812,50.288232],[84.323242,50.23916],[84.607324,50.202393],[84.989453,50.061426],[85.000781,49.894141],[85.232617,49.61582],[86.180859,49.499316],[86.675488,49.777295],[86.730664,49.695557],[86.614258,49.609717],[86.626465,49.562695],[86.812109,49.487891],[87.000977,49.287305],[87.233691,49.216162],[87.322852,49.085791],[87.048535,49.109912],[86.808301,49.049707],[86.728613,48.939355],[86.757812,48.860742],[86.717969,48.697168],[86.549414,48.528613],[85.749414,48.385059],[85.626367,48.204004],[85.525977,47.915625],[85.656641,47.254639],[85.484766,47.063525],[85.233496,47.036377],[84.786133,46.830713],[84.666602,46.972363],[84.016016,46.970508],[83.090332,47.209375],[83.029492,47.185937],[82.974902,46.966016],[82.315234,45.594922],[82.32666,45.519922],[82.611621,45.424268],[82.621094,45.293115],[82.521484,45.125488],[82.266602,45.219092],[81.944922,45.16084],[81.789648,45.226025],[81.691992,45.349365],[80.85332,45.129297],[80.634766,45.126514],[80.05918,45.006445],[79.871875,44.883789],[79.997168,44.797217],[80.255078,44.808105],[80.481543,44.714648],[80.381445,44.65542],[80.355078,44.552002],[80.355273,44.097266],[80.650781,43.56416],[80.703809,43.427051],[80.667773,43.310059],[80.785742,43.161572],[80.751172,43.10249],[80.616992,43.128271],[80.390234,43.043115],[80.383398,42.973779],[80.54375,42.911719],[80.538965,42.873486],[80.250293,42.797266],[80.202246,42.734473],[80.161914,42.625537],[80.259082,42.2354],[80.209375,42.190039],[79.921094,42.413135],[79.428223,42.483496],[79.12666,42.775732],[78.885156,42.774902],[78.524219,42.864648],[77.235547,42.912646],[76.988086,42.973584],[76.50918,42.918896],[75.840332,42.9375],[75.635645,42.8146],[75.366211,42.836963],[74.817578,42.978174],[74.209082,43.240381],[74.145898,43.194092],[73.949219,43.19502],[73.55625,43.002783],[73.421875,42.593506],[73.492969,42.409033],[73.28291,42.504102],[72.855078,42.561133],[72.75293,42.637891],[72.275781,42.757666],[71.760547,42.821484],[71.256641,42.733545],[71.022754,42.535449],[70.892871,42.33999],[70.946777,42.248682]]]]}},{"type":"Feature","properties":{"sigla":"JOR","nome":"Jordânia"},"geometry":{"type":"Polygon","coordinates":[[[35.787305,32.734912],[35.894727,32.71377],[36.059473,32.533789],[36.219727,32.495117],[36.37207,32.386914],[36.818359,32.317285],[38.773535,33.372217],[39.057813,32.493164],[38.981641,32.472559],[39.041406,32.305664],[39.247461,32.350977],[39.292773,32.243848],[38.962305,31.994922],[36.958594,31.491504],[37.980078,30.5],[37.649902,30.330957],[37.469238,29.995068],[36.755273,29.866016],[36.476074,29.495117],[36.01543,29.190479],[34.950781,29.353516],[35.068164,29.977881],[35.141602,30.141699],[35.140625,30.420898],[35.439258,31.132422],[35.400684,31.230518],[35.46543,31.562354],[35.558984,31.765527],[35.531445,31.984912],[35.572852,32.640869],[35.787305,32.734912]]]}},{"type":"Feature","properties":{"sigla":"JPN","nome":"Japão"},"geometry":{"type":"MultiPolygon","coordinates":[[[[133.370508,36.203857],[133.239258,36.17876],[133.189941,36.232617],[133.206152,36.293408],[133.295703,36.340137],[133.370508,36.203857]]],[[[138.344043,37.822119],[138.225195,37.829395],[138.282813,37.854199],[138.322266,37.969531],[138.246191,37.99458],[138.25,38.078467],[138.503613,38.315918],[138.453613,38.075684],[138.575195,38.065527],[138.496973,37.903906],[138.344043,37.822119]]],[[[134.932813,34.288135],[134.824414,34.20293],[134.730664,34.208887],[134.667871,34.294141],[134.834277,34.472656],[135.004688,34.544043],[134.905469,34.398291],[134.932813,34.288135]]],[[[130.622754,30.262988],[130.445605,30.264697],[130.388086,30.388184],[130.497168,30.465527],[130.643555,30.388965],[130.673242,30.366895],[130.622754,30.262988]]],[[[130.959766,30.396924],[130.872168,30.386328],[130.870313,30.444238],[130.947363,30.671191],[131.060352,30.828467],[131.057422,30.64248],[130.959766,30.396924]]],[[[130.08252,32.229687],[130.003516,32.193994],[129.960156,32.24375],[130.017285,32.291846],[129.979297,32.346191],[130.009766,32.521631],[130.167773,32.541211],[130.199512,32.340576],[130.08252,32.229687]]],[[[129.279492,34.123389],[129.214453,34.082812],[129.186426,34.14502],[129.214844,34.320654],[129.337109,34.284766],[129.279492,34.123389]]],[[[129.385645,34.353662],[129.365332,34.305518],[129.266699,34.370459],[129.325879,34.607275],[129.451074,34.686572],[129.475391,34.54043],[129.381445,34.416455],[129.385645,34.353662]]],[[[128.665332,32.783887],[128.838574,32.762891],[128.894531,32.652148],[128.750488,32.586133],[128.692969,32.604736],[128.649121,32.662012],[128.665332,32.783887]]],[[[130.381055,32.42373],[130.241699,32.462793],[130.36543,32.527197],[130.461426,32.515723],[130.381055,32.42373]]],[[[141.072754,45.332861],[141.033984,45.269336],[140.97168,45.465479],[141.056738,45.449561],[141.072754,45.332861]]],[[[141.29541,45.119336],[141.145313,45.153906],[141.135352,45.206201],[141.251855,45.232471],[141.329199,45.150488],[141.29541,45.119336]]],[[[139.48125,42.081006],[139.43457,42.084082],[139.431348,42.199561],[139.558398,42.235205],[139.48125,42.081006]]],[[[134.351855,34.483643],[134.251855,34.423047],[134.182129,34.519238],[134.325977,34.534375],[134.372266,34.522363],[134.351855,34.483643]]],[[[139.456445,34.726514],[139.445703,34.679541],[139.392383,34.689893],[139.37002,34.775439],[139.456445,34.726514]]],[[[129.076953,32.840283],[128.997266,32.951855],[129.109766,33.132568],[129.181934,32.993115],[129.076953,32.840283]]],[[[129.491797,33.223047],[129.37041,33.176025],[129.461914,33.33125],[129.569922,33.361035],[129.491797,33.223047]]],[[[129.795703,33.748828],[129.726562,33.707324],[129.674805,33.739697],[129.717285,33.858398],[129.776367,33.829199],[129.795703,33.748828]]],[[[132.578418,34.115186],[132.549414,34.075098],[132.460938,34.087256],[132.543457,34.172656],[132.578418,34.115186]]],[[[132.266016,33.945166],[132.444922,33.913184],[132.359961,33.847021],[132.208789,33.872852],[132.208008,33.947803],[132.266016,33.945166]]],[[[129.717969,31.657129],[129.686816,31.639648],[129.706836,31.718262],[129.787305,31.787109],[129.717969,31.657129]]],[[[142.188184,26.616504],[142.107129,26.721533],[142.161719,26.709961],[142.188184,26.616504]]],[[[143.824316,44.116992],[144.101367,44.101562],[144.481836,43.949561],[144.715234,43.927979],[144.871875,43.981934],[145.369531,44.327393],[145.351953,44.229785],[145.126367,43.869385],[145.101074,43.764551],[145.139648,43.6625],[145.34082,43.302539],[145.487891,43.279736],[145.673633,43.388867],[145.833008,43.385937],[145.624219,43.291309],[145.505078,43.174219],[145.347461,43.176709],[144.921387,43.000928],[144.630762,42.946924],[144.197266,42.973633],[143.969336,42.881396],[143.580957,42.59873],[143.429492,42.418896],[143.313672,42.084326],[143.236523,42.000195],[142.508203,42.257959],[141.851367,42.579053],[141.406641,42.546924],[140.986133,42.342139],[140.709766,42.555615],[140.480469,42.559375],[140.350586,42.435107],[140.32666,42.293359],[140.527539,42.131787],[140.733789,42.116357],[141.150977,41.805078],[140.999512,41.737402],[140.659863,41.815576],[140.384961,41.519287],[140.270117,41.456006],[140.148633,41.423242],[140.036621,41.473779],[139.995313,41.576416],[140.108398,41.912939],[140.056836,42.067334],[139.835449,42.278076],[139.860156,42.581738],[139.891113,42.649219],[140.114648,42.732959],[140.432227,42.954102],[140.486426,43.049902],[140.397461,43.167334],[140.392383,43.303125],[140.486914,43.338184],[140.819141,43.205469],[141.138184,43.179932],[141.296289,43.199658],[141.374121,43.279639],[141.412305,43.381494],[141.397656,43.642627],[141.644727,44.019434],[141.66084,44.263623],[141.760938,44.48252],[141.782227,44.716357],[141.719043,44.941064],[141.583008,45.155957],[141.667969,45.40127],[141.937695,45.509521],[142.884766,44.670117],[143.288574,44.396631],[143.824316,44.116992]]],[[[131.174609,33.602588],[131.366016,33.570898],[131.583008,33.652393],[131.696289,33.602832],[131.710645,33.502344],[131.537402,33.274072],[131.896582,33.25459],[131.847852,33.118066],[131.949316,33.04707],[131.910449,32.973682],[132.008594,32.919043],[132.002148,32.882373],[131.660352,32.465625],[131.460254,31.883496],[131.459961,31.670801],[131.337207,31.404687],[131.070801,31.436865],[131.035156,31.377686],[131.098438,31.256152],[130.685742,31.015137],[130.789746,31.269092],[130.704199,31.577441],[130.796289,31.624072],[130.77627,31.706299],[130.655078,31.718408],[130.556055,31.563086],[130.54043,31.403076],[130.644531,31.26748],[130.58877,31.178516],[130.200684,31.291895],[130.147266,31.408496],[130.294141,31.450684],[130.321973,31.601465],[130.187891,31.768848],[130.194434,32.090771],[130.394922,32.218994],[130.640527,32.619238],[130.497852,32.656934],[130.569434,32.734131],[130.547266,32.831592],[130.381738,33.092578],[130.2375,33.177637],[130.126855,33.104834],[130.175,32.851318],[130.326465,32.852637],[130.34043,32.701855],[130.245508,32.677148],[130.054102,32.770801],[129.768555,32.570996],[129.826758,32.725342],[129.690039,32.875244],[129.679102,33.059961],[129.82832,32.892676],[129.991699,32.851562],[129.896777,33.022363],[129.580078,33.236279],[129.610156,33.343652],[129.844141,33.321777],[129.825684,33.437012],[130.167969,33.598291],[130.365039,33.634473],[130.483789,33.834619],[130.715625,33.927783],[130.953125,33.872021],[131.058105,33.672852],[131.174609,33.602588]]],[[[134.357422,34.256348],[134.6375,34.226611],[134.674805,33.847803],[134.738867,33.820508],[134.377051,33.608398],[134.242676,33.439453],[134.181641,33.247217],[133.958691,33.44834],[133.632031,33.510986],[133.285938,33.359961],[133.145605,33.083154],[133.016016,32.983887],[132.977246,32.841992],[132.804297,32.752002],[132.641797,32.762451],[132.708984,32.90249],[132.495117,32.916602],[132.492578,33.007666],[132.427832,33.059375],[132.511426,33.293066],[132.405176,33.33125],[132.412793,33.430469],[132.032617,33.33999],[132.643066,33.689941],[132.784277,33.992432],[132.935156,34.095312],[132.990137,34.088135],[133.133691,33.927295],[133.193066,33.933203],[133.582031,34.017139],[133.643457,34.134668],[133.602637,34.243848],[133.70625,34.237354],[133.94834,34.348047],[134.075879,34.358398],[134.357422,34.256348]]],[[[141.229297,41.372656],[141.455469,41.404736],[141.4,41.096338],[141.430469,40.72334],[141.462793,40.611133],[141.79707,40.291162],[141.99082,39.792236],[141.976953,39.428809],[141.900781,39.111328],[141.658594,38.974854],[141.546289,38.762842],[141.46748,38.40415],[141.108398,38.337939],[140.962109,38.148877],[140.92793,37.949609],[141.036328,37.467236],[141.00166,37.114648],[140.968359,37.002051],[140.729883,36.731885],[140.573535,36.231348],[140.621973,36.059229],[140.874023,35.724951],[140.639258,35.661279],[140.457422,35.510254],[140.416504,35.266992],[140.354688,35.181445],[140.05918,35.038281],[139.92041,34.899609],[139.843945,34.914893],[139.799219,34.956934],[139.843262,35.009863],[139.826465,35.29668],[140.096875,35.585156],[139.9875,35.668213],[139.834766,35.658057],[139.767773,35.494824],[139.65,35.409131],[139.665527,35.319482],[139.744043,35.252393],[139.675,35.149268],[139.474414,35.298535],[139.249414,35.278027],[139.134082,35.154883],[139.086035,34.83916],[138.982617,34.698389],[138.8375,34.619238],[138.761035,34.699219],[138.802734,34.974805],[138.903613,35.025244],[138.719629,35.124072],[138.577148,35.086475],[138.253223,34.732666],[138.189063,34.596338],[137.543359,34.664209],[137.061719,34.582812],[137.287793,34.703516],[137.275195,34.77251],[137.032227,34.765918],[136.963281,34.834912],[136.944141,34.721533],[136.871289,34.733105],[136.85293,34.978711],[136.89707,35.035547],[136.804199,35.050293],[136.690039,34.984131],[136.533008,34.678369],[136.880273,34.433594],[136.853711,34.324072],[136.329883,34.176855],[135.916211,33.561719],[135.695312,33.486963],[135.452832,33.553369],[135.12793,34.006982],[135.100098,34.288379],[135.309277,34.416797],[135.415918,34.61748],[135.355176,34.654297],[135.041699,34.631006],[134.740039,34.765234],[134.246875,34.713867],[133.968262,34.527295],[133.445312,34.433154],[133.142383,34.302441],[133.018945,34.32959],[132.656543,34.246094],[132.421289,34.353369],[132.312598,34.324951],[132.238086,34.227002],[132.146484,33.83877],[131.740527,34.052051],[131.232617,33.947998],[131.071875,34.020654],[130.918848,33.975732],[130.889258,34.261816],[131.004199,34.392578],[131.354395,34.413184],[132.25957,35.022314],[132.697656,35.418311],[132.922949,35.511279],[133.267188,35.556543],[133.376465,35.458838],[133.61543,35.511426],[133.98125,35.507227],[135.174316,35.74707],[135.26543,35.721777],[135.232031,35.591895],[135.326953,35.525537],[135.680273,35.503125],[135.903125,35.606885],[136.095313,35.767627],[136.00625,35.990576],[136.06748,36.116846],[136.358984,36.361768],[136.698145,36.742041],[136.749316,36.951025],[136.719238,37.198389],[136.843457,37.382129],[137.322656,37.52207],[137.3375,37.437451],[136.899902,37.117676],[136.994434,37.026758],[137.016699,36.837207],[137.246289,36.753174],[137.342578,36.770361],[137.514063,36.951562],[138.319922,37.218408],[138.632812,37.472168],[138.885059,37.843945],[139.363867,38.099023],[139.520801,38.502539],[139.801953,38.881592],[139.912305,39.228564],[140.036523,39.411133],[140.064746,39.624414],[139.994727,39.855078],[139.741504,39.92085],[139.908008,40.021729],[140.011133,40.260352],[139.923926,40.533887],[139.966699,40.672754],[140.28125,40.846094],[140.343555,41.005664],[140.315234,41.160889],[140.385938,41.229785],[140.627637,41.19541],[140.679395,40.893262],[140.748633,40.830322],[140.936035,40.940771],[141.118555,40.882275],[141.225391,40.988477],[141.244238,41.205615],[141.200391,41.243604],[140.800586,41.138818],[140.801855,41.253662],[140.85957,41.425439],[140.936914,41.505566],[141.229297,41.372656]]],[[[124.293164,24.515918],[124.234277,24.358057],[124.135742,24.347607],[124.084766,24.43584],[124.210547,24.458643],[124.301953,24.587109],[124.293164,24.515918]]],[[[123.888672,24.280127],[123.679785,24.317773],[123.752344,24.348486],[123.771484,24.414453],[123.934863,24.362012],[123.888672,24.280127]]],[[[125.444141,24.743164],[125.268945,24.73252],[125.283594,24.871924],[125.444141,24.743164]]],[[[128.258789,26.652783],[127.86709,26.44248],[127.904785,26.328125],[127.790137,26.255078],[127.803613,26.152539],[127.653125,26.094727],[127.728906,26.433936],[127.945508,26.593945],[127.89082,26.631055],[127.907227,26.693604],[128.046777,26.643311],[128.097656,26.667773],[128.254883,26.881885],[128.331641,26.812109],[128.258789,26.652783]]],[[[128.998145,27.720801],[128.9,27.727783],[128.907617,27.897998],[128.95166,27.910254],[128.998145,27.720801]]],[[[129.452539,28.208984],[129.366406,28.127734],[129.164648,28.249756],[129.689551,28.51748],[129.710449,28.432129],[129.456738,28.272314],[129.452539,28.208984]]],[[[129.324023,28.104932],[129.232422,28.101123],[129.19248,28.19248],[129.324023,28.104932]]],[[[139.841113,33.056055],[139.775684,33.078223],[139.777441,33.125146],[139.873633,33.093506],[139.841113,33.056055]]]]}},{"type":"Feature","properties":{"sigla":"ISR","nome":"Israel"},"geometry":{"type":"Polygon","coordinates":[[[35.840723,33.415674],[35.785024,33.291089],[35.887977,32.944379],[35.787305,32.734912],[35.572852,32.640869],[35.551465,32.395508],[35.362109,32.507471],[35.193262,32.534424],[35.065039,32.460449],[34.955957,32.160937],[34.961133,31.82334],[35.127148,31.816748],[35.203711,31.75],[34.950977,31.602295],[34.880469,31.368164],[35.101172,31.366211],[35.450586,31.479297],[35.400684,31.230518],[35.439258,31.132422],[35.140625,30.420898],[35.141602,30.141699],[34.973438,29.555029],[34.904297,29.477344],[34.245313,31.208301],[34.525586,31.525635],[34.477344,31.584863],[34.678418,31.895703],[35.108594,33.083691],[35.41123,33.075684],[35.493164,33.119482],[35.53252,33.250488],[35.60293,33.240625],[35.840723,33.415674]]]}},{"type":"Feature","properties":{"sigla":"PSX","nome":"Palestina"},"geometry":{"type":"MultiPolygon","coordinates":[[[[34.477344,31.584863],[34.525586,31.525635],[34.245313,31.208301],[34.198145,31.322607],[34.477344,31.584863]]],[[[35.551465,32.395508],[35.558984,31.765527],[35.450586,31.479297],[35.101172,31.366211],[34.880469,31.368164],[34.950977,31.602295],[35.203711,31.75],[35.127148,31.816748],[34.953809,31.84126],[34.989746,31.913281],[34.955957,32.160937],[35.065039,32.460449],[35.193262,32.534424],[35.362109,32.507471],[35.551465,32.395508]]]]}},{"type":"Feature","properties":{"sigla":"IRQ","nome":"Iraque"},"geometry":{"type":"Polygon","coordinates":[[[42.358984,37.108594],[42.455859,37.128711],[42.774609,37.371875],[42.936621,37.324756],[43.09248,37.367383],[43.675781,37.227246],[43.836426,37.223535],[44.013184,37.313525],[44.114453,37.301855],[44.191797,37.249854],[44.20166,37.051807],[44.281836,36.978027],[44.605957,37.176025],[44.730957,37.165283],[44.880859,36.799316],[45.019238,36.698389],[45.053125,36.471631],[45.241113,36.355957],[45.361621,36.015332],[45.561621,35.977197],[45.776367,35.821826],[46.16748,35.820557],[46.273438,35.773242],[46.037402,35.673145],[45.99502,35.608105],[45.975391,35.476807],[46.112109,35.32168],[46.133789,35.127637],[45.920898,35.028516],[45.678125,34.798437],[45.6375,34.573828],[45.500781,34.581592],[45.437598,34.415137],[45.542773,34.215527],[45.39707,33.97085],[45.738281,33.602832],[45.879395,33.609766],[45.873242,33.491992],[45.981055,33.470117],[46.019922,33.415723],[46.145898,33.229639],[46.080762,33.086523],[46.112793,32.957666],[46.377051,32.929248],[47.121387,32.466602],[47.285156,32.474023],[47.371289,32.42373],[47.511914,32.15083],[47.82998,31.794434],[47.679492,31.400586],[47.679492,31.002393],[48.010645,30.989795],[48.014941,30.465625],[48.331055,30.285449],[48.43457,30.037598],[48.546484,29.962354],[48.35459,29.956738],[48.141699,30.040918],[47.978711,29.982812],[47.672754,30.095605],[47.223242,30.041504],[47.114355,29.961328],[46.769336,29.347461],[46.531445,29.09624],[46.356445,29.063672],[44.716504,29.193604],[42.074414,31.080371],[40.369336,31.938965],[39.14541,32.124512],[39.292773,32.243848],[39.247461,32.350977],[39.041406,32.305664],[38.981641,32.472559],[39.057813,32.493164],[38.773535,33.372217],[40.689453,34.332031],[40.987012,34.429053],[41.194727,34.768994],[41.216406,35.288184],[41.354102,35.64043],[41.352637,35.809961],[41.245605,36.073389],[41.295996,36.38335],[41.416797,36.514648],[41.788574,36.597168],[42.358984,37.108594]]]}},{"type":"Feature","properties":{"sigla":"IRN","nome":"Irã"},"geometry":{"type":"MultiPolygon","coordinates":[[[[56.187988,26.921143],[55.954297,26.701123],[55.847656,26.730811],[55.42373,26.583105],[55.311523,26.592627],[55.29502,26.639209],[55.762598,26.811963],[55.757617,26.947656],[55.907129,26.909814],[56.213965,27.003271],[56.279395,26.9521],[56.187988,26.921143]]],[[[53.91416,37.343555],[54.191602,37.332471],[54.699414,37.470166],[54.900098,37.77793],[55.380859,38.051123],[55.578418,38.099756],[56.27207,38.08042],[56.324121,38.191113],[56.440625,38.249414],[57.193555,38.216406],[57.308105,38.130371],[57.353711,37.97334],[57.980566,37.830469],[58.261621,37.66582],[58.386719,37.635352],[58.550488,37.688184],[58.650195,37.651562],[58.81543,37.683496],[59.301758,37.510645],[59.367383,37.33374],[59.45498,37.252832],[60.062793,36.962891],[60.341309,36.637646],[61.119629,36.642578],[61.169922,36.572266],[61.212402,36.099121],[61.15293,35.976758],[61.252148,35.867627],[61.278516,35.51377],[61.189258,35.312012],[61.1,35.272314],[61.149609,35.09375],[61.080078,34.855615],[60.951172,34.653857],[60.72627,34.518262],[60.889453,34.319434],[60.642676,34.307178],[60.485742,34.094775],[60.527051,33.841992],[60.485938,33.711914],[60.573828,33.58833],[60.906934,33.538965],[60.916992,33.505225],[60.560547,33.137842],[60.829297,32.249414],[60.7875,31.877197],[60.820703,31.495166],[61.660156,31.382422],[61.755078,31.285303],[61.81084,30.913281],[61.78418,30.831934],[60.843359,29.858691],[61.318359,29.372607],[61.337891,29.26499],[61.623047,28.791602],[61.889844,28.546533],[62.353027,28.414746],[62.564551,28.235156],[62.758008,28.243555],[62.739746,28.002051],[62.812012,27.497021],[62.752734,27.265625],[62.91543,27.218408],[63.166797,27.25249],[63.305176,27.124561],[63.24209,27.077686],[63.250391,26.879248],[63.186133,26.837598],[63.157813,26.649756],[62.786621,26.643896],[62.439258,26.561035],[62.312305,26.490869],[62.239355,26.357031],[62.125977,26.368994],[61.842383,26.225928],[61.754395,25.843359],[61.661816,25.75127],[61.587891,25.202344],[61.412207,25.1021],[60.663867,25.282227],[60.5875,25.413525],[60.510547,25.437061],[60.400195,25.311572],[59.616016,25.403271],[59.456055,25.481494],[59.046094,25.417285],[58.797852,25.55459],[58.20293,25.591602],[57.936621,25.69165],[57.796094,25.653027],[57.73252,25.724902],[57.33457,25.791553],[57.205566,26.037207],[57.201367,26.158838],[57.104297,26.371436],[57.071973,26.680078],[56.982227,26.905469],[56.812891,27.08999],[56.356152,27.200244],[56.118066,27.143115],[55.941113,27.037598],[55.650293,26.977539],[55.424023,26.770557],[55.294141,26.785937],[54.759277,26.505078],[54.644922,26.508936],[54.24707,26.696631],[53.705762,26.725586],[53.507129,26.851758],[53.45498,26.943262],[52.98252,27.141943],[52.691602,27.323389],[52.475879,27.616504],[52.030762,27.824414],[51.589063,27.864209],[51.278906,28.131348],[51.276074,28.218848],[51.093848,28.512109],[51.062012,28.726123],[50.866992,28.870166],[50.875781,29.062695],[50.675195,29.146582],[50.649609,29.420068],[50.168945,29.92124],[50.071582,30.198535],[49.983105,30.209375],[49.554883,30.028955],[49.001953,30.373926],[49.096191,30.406787],[49.190332,30.375391],[49.247266,30.4125],[49.224512,30.472314],[49.001953,30.506543],[49.037109,30.450488],[48.916797,30.397266],[48.891211,30.327637],[48.919141,30.120898],[48.870117,30.062402],[48.546484,29.962354],[48.43457,30.037598],[48.331055,30.285449],[48.014941,30.465625],[48.010645,30.989795],[47.679492,31.002393],[47.679492,31.400586],[47.82998,31.794434],[47.511914,32.15083],[47.371289,32.42373],[47.285156,32.474023],[47.121387,32.466602],[46.377051,32.929248],[46.112793,32.957666],[46.080762,33.086523],[46.145898,33.229639],[46.019922,33.415723],[45.981055,33.470117],[45.873242,33.491992],[45.879395,33.609766],[45.738281,33.602832],[45.39707,33.97085],[45.542773,34.215527],[45.437598,34.415137],[45.500781,34.581592],[45.6375,34.573828],[45.678125,34.798437],[45.920898,35.028516],[46.133789,35.127637],[46.112109,35.32168],[45.975391,35.476807],[45.99502,35.608105],[46.037402,35.673145],[46.273438,35.773242],[46.16748,35.820557],[45.776367,35.821826],[45.561621,35.977197],[45.361621,36.015332],[45.241113,36.355957],[45.053125,36.471631],[45.019238,36.698389],[44.880859,36.799316],[44.76543,37.13501],[44.794141,37.290381],[44.574023,37.4354],[44.545313,37.658154],[44.589941,37.710352],[44.211328,37.908057],[44.449902,38.334229],[44.298535,38.386279],[44.27168,38.836035],[44.170801,38.934375],[44.178027,39.144824],[44.079102,39.218311],[44.023242,39.377441],[44.389355,39.422119],[44.455957,39.666748],[44.587109,39.768555],[44.817188,39.650439],[45.141211,39.254297],[45.479688,39.00625],[46.170117,38.869043],[46.554785,38.904395],[46.852539,39.148438],[46.988867,39.180176],[47.338477,39.423877],[47.772852,39.648584],[47.995898,39.683936],[48.322168,39.399072],[48.136035,39.312354],[48.104395,39.241113],[48.125488,39.171631],[48.274121,39.099121],[48.29209,39.018848],[48.050098,38.93501],[47.996484,38.85376],[48.305566,38.613477],[48.417383,38.58623],[48.592676,38.411084],[48.86875,38.435498],[48.925098,38.015137],[49.080957,37.667578],[49.372461,37.519971],[50.130469,37.407129],[50.337891,37.14917],[50.533203,37.013672],[51.118555,36.742578],[51.762012,36.614502],[52.190137,36.621729],[53.767676,36.930322],[53.91543,36.930322],[53.679492,36.853125],[53.970117,36.818311],[54.023828,36.901318],[53.91416,37.343555]]]]}},{"type":"Feature","properties":{"sigla":"IDN","nome":"Indonésia"},"geometry":{"type":"MultiPolygon","coordinates":[[[[97.481543,1.465088],[97.69834,1.18374],[97.786426,1.145898],[97.931934,0.973926],[97.876465,0.62832],[97.82041,0.564453],[97.683984,0.596094],[97.603906,0.833887],[97.405371,0.946973],[97.296875,1.187354],[97.079199,1.425488],[97.244238,1.423633],[97.355957,1.539746],[97.481543,1.465088]]],[[[99.163867,-1.77793],[99.071777,-1.783496],[98.827734,-1.609961],[98.601758,-1.197852],[98.676074,-0.970508],[98.869043,-0.915625],[98.932617,-0.954004],[99.130664,-1.442383],[99.267285,-1.627734],[99.271484,-1.738477],[99.163867,-1.77793]]],[[[116.64082,-8.613867],[116.514258,-8.820996],[116.586523,-8.886133],[116.239355,-8.912109],[115.874609,-8.825586],[115.857324,-8.787891],[115.869336,-8.742773],[116.076465,-8.744922],[116.061133,-8.437402],[116.401563,-8.204199],[116.718945,-8.336035],[116.64082,-8.613867]]],[[[115.447852,-8.155176],[115.549414,-8.208301],[115.704297,-8.407129],[115.333789,-8.615723],[115.220215,-8.819531],[115.144922,-8.849023],[115.091504,-8.829395],[115.141602,-8.696875],[115.055078,-8.573047],[114.84209,-8.428516],[114.613184,-8.37832],[114.467578,-8.166309],[114.504297,-8.116602],[114.938477,-8.187109],[115.154004,-8.065723],[115.447852,-8.155176]]],[[[106.045703,-1.669434],[106.161719,-1.866992],[106.208789,-2.188672],[106.365918,-2.464844],[106.818457,-2.57334],[106.706641,-2.658008],[106.612012,-2.895508],[106.667188,-3.071777],[105.99873,-2.824902],[105.908008,-2.643262],[105.939063,-2.493457],[105.806836,-2.307422],[105.78584,-2.181348],[105.552734,-2.079004],[105.342871,-2.125098],[105.133398,-2.042578],[105.191016,-1.916895],[105.374805,-1.813184],[105.373145,-1.657324],[105.45957,-1.574707],[105.585449,-1.526758],[105.700879,-1.731055],[105.754492,-1.658691],[105.72041,-1.533887],[105.910059,-1.50498],[106.027344,-1.593164],[106.045703,-1.669434]]],[[[123.179785,-4.551172],[123.195703,-4.822656],[123.119238,-4.723438],[123.055176,-4.748242],[122.97168,-5.138477],[122.981055,-5.185742],[123.051465,-5.156445],[123.149902,-5.224023],[123.201953,-5.27334],[123.187305,-5.333008],[123.043359,-5.419336],[122.96875,-5.405762],[122.812109,-5.671289],[122.733105,-5.634961],[122.64502,-5.663379],[122.586426,-5.488867],[122.766504,-5.210156],[122.85332,-4.618359],[122.946875,-4.442676],[123.074609,-4.386914],[123.179785,-4.551172]]],[[[122.645117,-5.269434],[122.563867,-5.3875],[122.391992,-5.335449],[122.371289,-5.383105],[122.307031,-5.380957],[122.283105,-5.319531],[122.329004,-5.137695],[122.396289,-5.069824],[122.334473,-4.846582],[122.368945,-4.767188],[122.701953,-4.618652],[122.759863,-4.933887],[122.614062,-5.138672],[122.645117,-5.269434]]],[[[108.316016,3.689648],[108.17959,3.653076],[108.100391,3.704541],[108.243262,3.810352],[108.088477,3.8521],[108.002344,3.982861],[108.003516,4.042578],[108.24834,4.217139],[108.392871,3.986182],[108.393555,3.836182],[108.316016,3.689648]]],[[[108.207227,-2.997656],[108.167285,-3.142773],[108.055273,-3.226855],[107.977148,-3.221777],[107.941113,-3.129297],[107.858203,-3.086328],[107.821777,-3.160742],[107.614453,-3.209375],[107.636719,-3.124805],[107.563477,-2.920117],[107.666309,-2.566309],[107.837793,-2.530273],[108.074414,-2.596973],[108.215137,-2.696973],[108.290625,-2.82998],[108.207227,-2.997656]]],[[[135.383008,-0.651367],[135.893555,-0.725781],[136.154688,-0.97832],[136.375293,-1.094043],[136.305371,-1.173145],[136.164746,-1.214746],[135.915039,-1.178418],[135.83877,-1.119434],[135.74707,-0.823047],[135.645703,-0.881934],[135.431641,-0.768848],[135.383008,-0.651367]]],[[[135.474219,-1.591797],[136.201563,-1.65498],[136.892578,-1.799707],[136.621875,-1.873047],[136.228125,-1.893652],[135.487598,-1.668359],[135.474219,-1.591797]]],[[[130.813281,-0.004102],[131.276855,-0.149805],[131.339746,-0.290332],[131.217871,-0.374121],[131.097754,-0.330078],[131.005371,-0.360742],[130.683496,-0.080664],[130.622168,-0.085938],[130.761328,-0.291406],[130.899219,-0.344434],[130.896289,-0.416016],[130.750195,-0.443848],[130.688672,-0.296582],[130.550781,-0.366406],[130.496289,-0.267383],[130.236621,-0.209668],[130.294922,-0.101465],[130.3625,-0.072852],[130.430957,-0.098486],[130.813281,-0.004102]]],[[[128.453906,2.051758],[128.295898,2.034717],[128.217969,2.297461],[128.330371,2.469336],[128.47207,2.570508],[128.602148,2.597607],[128.688477,2.473682],[128.623242,2.224414],[128.547559,2.09707],[128.453906,2.051758]]],[[[128.153027,-1.660547],[128.06123,-1.712402],[127.91377,-1.685156],[127.561621,-1.728516],[127.392188,-1.644824],[127.39502,-1.589844],[127.456738,-1.453711],[127.64668,-1.332422],[127.905078,-1.439063],[128.14873,-1.603711],[128.153027,-1.660547]]],[[[126.055078,-2.45127],[125.97793,-2.41543],[125.862891,-2.077148],[125.922754,-1.974805],[125.992676,-2.011816],[125.975977,-2.168066],[126.065723,-2.36582],[126.055078,-2.45127]]],[[[126.024219,-1.789746],[126.331738,-1.822852],[125.956445,-1.916602],[125.479199,-1.940039],[125.432617,-1.938086],[125.387207,-1.843066],[125.520898,-1.800879],[126.024219,-1.789746]]],[[[124.969531,-1.705469],[125.062988,-1.741016],[125.187891,-1.712891],[125.197656,-1.780273],[125.320215,-1.810059],[125.314063,-1.877148],[125.006738,-1.943066],[124.834473,-1.894434],[124.63916,-1.978223],[124.417773,-2.005176],[124.329688,-1.858887],[124.417578,-1.659277],[124.663965,-1.635938],[124.969531,-1.705469]]],[[[131.325586,-7.999512],[131.11377,-7.997363],[131.086816,-7.865039],[131.137793,-7.684863],[131.190039,-7.671875],[131.260059,-7.470508],[131.535254,-7.220605],[131.560742,-7.135742],[131.643457,-7.112793],[131.736133,-7.19707],[131.643848,-7.266895],[131.691113,-7.438867],[131.624414,-7.626172],[131.377051,-7.869141],[131.325586,-7.999512]]],[[[126.800977,-7.667871],[126.812695,-7.737891],[126.577344,-7.807617],[126.47207,-7.950391],[126.040039,-7.88584],[125.798242,-7.98457],[125.843164,-7.816699],[125.975293,-7.663379],[126.213672,-7.706738],[126.60957,-7.571777],[126.800977,-7.667871]]],[[[124.575586,-8.14082],[124.599609,-8.201758],[124.752246,-8.15957],[125.050293,-8.17959],[125.124609,-8.204785],[125.131738,-8.326465],[124.444238,-8.444629],[124.380664,-8.415137],[124.355566,-8.385938],[124.425977,-8.295801],[124.393555,-8.253027],[124.430664,-8.183203],[124.575586,-8.14082]]],[[[131.001855,-1.315527],[130.845117,-1.317285],[130.782324,-1.255469],[130.672949,-0.959766],[130.897168,-0.890039],[131.033008,-0.917578],[131.073926,-0.968262],[131.001855,-1.315527]]],[[[96.492578,5.229346],[96.842676,5.274463],[97.19043,5.207324],[97.547168,5.205859],[97.908398,4.87998],[97.999805,4.662256],[98.248438,4.414551],[98.241211,4.194531],[98.307324,4.092871],[98.658691,3.928125],[98.77793,3.759424],[99.151172,3.58125],[99.732324,3.183057],[100.523828,2.18916],[100.685254,2.120068],[100.887891,1.948242],[100.816895,2.140186],[100.828223,2.242578],[100.935938,2.294727],[101.046191,2.257471],[101.300781,2.011816],[101.405078,1.757422],[101.47666,1.693066],[101.784766,1.621387],[102.019922,1.442139],[102.157227,1.258887],[102.239062,0.990332],[102.389941,0.841992],[102.566406,0.748828],[102.849414,0.715479],[103.031836,0.578906],[103.066504,0.491992],[103.00752,0.415332],[102.55,0.216455],[102.895898,0.278613],[103.338965,0.513721],[103.478906,0.480176],[103.672656,0.288916],[103.786719,0.046973],[103.428516,-0.191797],[103.405176,-0.362207],[103.50918,-0.465527],[103.438574,-0.575586],[103.532715,-0.754688],[103.721094,-0.886719],[104.198535,-1.054297],[104.360547,-1.038379],[104.515918,-1.819434],[104.56875,-1.921777],[104.845215,-2.092969],[104.826074,-2.23418],[104.647266,-2.429883],[104.650781,-2.595215],[104.970801,-2.370898],[105.396973,-2.380176],[105.582031,-2.491992],[106.044336,-3.10625],[106.058398,-3.217188],[105.901465,-3.410059],[105.84375,-3.613672],[105.851562,-3.730566],[105.930469,-3.833008],[105.831445,-4.162891],[105.887207,-5.00957],[105.816113,-5.676563],[105.74834,-5.818262],[105.618555,-5.799609],[105.349414,-5.549512],[105.081348,-5.745508],[104.639551,-5.52041],[104.618164,-5.641504],[104.683984,-5.892676],[104.601562,-5.90459],[104.066797,-5.385938],[103.831445,-5.07959],[102.918945,-4.470703],[102.537695,-4.152148],[102.127539,-3.599219],[101.578613,-3.166992],[101.366211,-2.808496],[101.118555,-2.587793],[100.889551,-2.248535],[100.855273,-1.93418],[100.486523,-1.299121],[100.308203,-0.82666],[99.860059,-0.31377],[99.669824,0.045068],[99.33457,0.208594],[99.15918,0.351758],[98.796387,1.494629],[98.595313,1.8646],[98.086523,2.195068],[97.79502,2.282861],[97.700781,2.358545],[97.59082,2.846582],[97.391309,2.975293],[96.968945,3.575146],[96.800977,3.708545],[96.444727,3.816309],[96.230078,4.072754],[95.578613,4.661963],[95.206641,5.284033],[95.24707,5.410791],[95.227832,5.564795],[95.396094,5.628809],[95.628906,5.609082],[95.841309,5.514502],[96.133301,5.294287],[96.492578,5.229346]]],[[[122.78291,-8.611719],[122.470215,-8.725488],[122.094141,-8.744727],[121.651367,-8.89873],[121.58457,-8.820605],[121.414648,-8.814844],[121.32832,-8.916895],[121.19082,-8.895508],[121.035254,-8.935449],[120.550488,-8.801855],[120.319531,-8.820312],[120.120898,-8.776953],[119.909375,-8.857617],[119.80791,-8.697656],[119.874805,-8.419824],[119.96377,-8.435547],[120.354102,-8.257812],[120.610254,-8.24043],[120.751367,-8.321484],[121.008691,-8.365527],[121.444531,-8.577832],[121.966504,-8.455176],[122.323242,-8.62832],[122.433496,-8.600781],[122.555859,-8.431543],[122.850488,-8.304395],[122.919141,-8.221875],[122.758594,-8.185938],[122.845703,-8.093262],[122.916992,-8.105566],[122.97832,-8.151953],[123.005957,-8.329102],[122.811133,-8.481152],[122.846777,-8.562207],[122.78291,-8.611719]]],[[[120.0125,-9.374707],[120.221094,-9.506348],[120.291113,-9.647852],[120.443652,-9.645605],[120.555566,-9.719043],[120.784473,-9.957031],[120.832617,-10.0375],[120.804199,-10.108496],[120.698047,-10.206641],[120.43916,-10.294043],[120.255469,-10.242285],[120.051953,-10.122852],[119.930664,-9.966504],[119.601074,-9.773535],[119.085449,-9.706934],[118.958789,-9.519336],[119.031445,-9.440234],[119.295898,-9.367188],[119.795117,-9.380469],[119.94209,-9.301465],[120.0125,-9.374707]]],[[[118.242383,-8.317773],[118.337891,-8.353516],[118.490625,-8.271484],[118.611914,-8.280664],[118.713867,-8.414941],[118.74834,-8.331152],[118.926172,-8.297656],[118.987793,-8.337695],[119.04209,-8.560938],[119.129687,-8.668164],[119.00625,-8.749609],[118.90332,-8.702734],[118.745898,-8.735449],[118.832617,-8.833398],[118.72793,-8.805273],[118.478613,-8.856445],[118.397852,-8.813379],[118.378906,-8.674609],[118.189941,-8.840527],[117.387891,-9.031934],[117.210254,-9.034082],[117.061328,-9.099023],[116.788477,-9.006348],[116.783105,-8.664648],[116.835059,-8.532422],[117.164844,-8.367188],[117.356641,-8.428516],[117.56709,-8.426367],[117.806055,-8.711133],[117.969531,-8.728027],[118.104102,-8.650293],[118.205957,-8.652148],[118.234863,-8.591895],[118.100488,-8.475195],[117.979102,-8.458887],[117.814844,-8.34209],[117.738379,-8.20459],[117.755273,-8.149512],[117.920996,-8.089063],[118.11748,-8.122266],[118.242383,-8.317773]]],[[[124.888867,0.995312],[124.698145,0.825586],[124.427539,0.470605],[124.216797,0.380371],[123.753809,0.305518],[123.26543,0.326611],[123.08252,0.48584],[122.996875,0.493506],[121.841992,0.436572],[121.515723,0.498437],[121.012988,0.441699],[120.579004,0.52832],[120.349023,0.449219],[120.192285,0.268506],[120.013281,-0.196191],[120.062891,-0.555566],[120.240625,-0.868262],[120.517578,-1.039453],[120.667383,-1.370117],[121.033691,-1.406543],[121.148535,-1.339453],[121.276855,-1.118164],[121.575586,-0.828516],[121.737695,-0.925684],[121.969629,-0.933301],[122.27998,-0.757031],[122.88877,-0.755176],[122.829492,-0.658887],[123.171484,-0.570703],[123.379687,-0.648535],[123.43418,-0.778223],[123.37793,-1.004102],[123.225781,-1.001758],[123.152734,-0.907031],[123.049414,-0.872363],[122.902832,-0.900977],[122.506641,-1.347852],[122.250684,-1.555273],[121.858594,-1.693262],[121.650977,-1.89541],[121.394727,-1.833789],[121.355469,-1.878223],[121.348828,-1.945996],[121.575,-2.150879],[121.769727,-2.240918],[122.082617,-2.749512],[122.291699,-2.907617],[122.306543,-3.051563],[122.399023,-3.200879],[122.317285,-3.275098],[122.25293,-3.62041],[122.578613,-3.882324],[122.689648,-4.084473],[122.847949,-4.064551],[122.899805,-4.229395],[122.872266,-4.391992],[122.719727,-4.340723],[122.72168,-4.410742],[122.471387,-4.42207],[122.114258,-4.540234],[122.054199,-4.620117],[122.073242,-4.791699],[122.038086,-4.832422],[121.916992,-4.847949],[121.588672,-4.75957],[121.486523,-4.581055],[121.618066,-4.092676],[121.312695,-3.919434],[120.891797,-3.520605],[120.906934,-3.404004],[121.054297,-3.16709],[121.052148,-2.75166],[120.990137,-2.670313],[120.879395,-2.645605],[120.653613,-2.667578],[120.261035,-2.949316],[120.254102,-3.052832],[120.392383,-3.348145],[120.436621,-3.707324],[120.3625,-4.085742],[120.420117,-4.617383],[120.279297,-5.146094],[120.430371,-5.591016],[120.311621,-5.541602],[119.951563,-5.577637],[119.717285,-5.693359],[119.557422,-5.611035],[119.376172,-5.424805],[119.360352,-5.31416],[119.594043,-4.523145],[119.623633,-4.034375],[119.480078,-3.729785],[119.46748,-3.512988],[119.362109,-3.458984],[118.994629,-3.537598],[118.867676,-3.398047],[118.8125,-3.156641],[118.858105,-2.928516],[118.783301,-2.720801],[119.092188,-2.48291],[119.172266,-2.140039],[119.321875,-1.929688],[119.308984,-1.408203],[119.508203,-0.906738],[119.711328,-0.680762],[119.844336,-0.861914],[119.721875,-0.088477],[119.865625,0.040088],[119.809277,0.238672],[119.913281,0.445068],[120.035156,0.566602],[120.056445,0.692529],[120.229785,0.86123],[120.269531,0.970801],[120.322461,0.983154],[120.416016,0.848682],[120.516602,0.817529],[120.602539,0.854395],[120.867969,1.252832],[121.081738,1.327637],[121.208398,1.2625],[121.404102,1.243604],[121.591797,1.067969],[121.867383,1.088525],[122.436621,1.018066],[122.838281,0.845703],[123.066504,0.941797],[123.930762,0.850439],[124.273633,1.022266],[124.41084,1.185107],[124.533691,1.230469],[124.600195,1.392432],[124.787695,1.467578],[124.94707,1.672168],[125.110938,1.685693],[125.233789,1.502295],[124.888867,0.995312]]],[[[107.373926,-6.007617],[107.474707,-6.121777],[107.666797,-6.21582],[108.137598,-6.29668],[108.330176,-6.286035],[108.515918,-6.471191],[108.603613,-6.729199],[108.677832,-6.790527],[109.294238,-6.866992],[109.500586,-6.810156],[109.820996,-6.902441],[110.198438,-6.895117],[110.42627,-6.947266],[110.583594,-6.805664],[110.700781,-6.518066],[110.834766,-6.424219],[110.972266,-6.435645],[111.181543,-6.686719],[111.540332,-6.648242],[111.737598,-6.773438],[111.989844,-6.805957],[112.087305,-6.893359],[112.539258,-6.926465],[112.64873,-7.221289],[112.794336,-7.304492],[112.794531,-7.552441],[113.013574,-7.657715],[113.497656,-7.723828],[114.070703,-7.633008],[114.409277,-7.79248],[114.443262,-8.00459],[114.386914,-8.405176],[114.481738,-8.603809],[114.59502,-8.684766],[114.583789,-8.769629],[114.383203,-8.705371],[114.276953,-8.614648],[113.940332,-8.568359],[113.25332,-8.286719],[112.678809,-8.40918],[112.115137,-8.323926],[111.509961,-8.305078],[110.607227,-8.149414],[110.038672,-7.890527],[109.281641,-7.704883],[108.741211,-7.66709],[108.570508,-7.707227],[108.451758,-7.796973],[107.91748,-7.724121],[107.546875,-7.541895],[107.284961,-7.47168],[106.455273,-7.368652],[106.416895,-7.239355],[106.519727,-7.053711],[106.198242,-6.927832],[105.834766,-6.845801],[105.255469,-6.835254],[105.273438,-6.729395],[105.370898,-6.664355],[105.387012,-6.750781],[105.483691,-6.781543],[105.580859,-6.670996],[105.655078,-6.469531],[105.706055,-6.497949],[105.786914,-6.456934],[105.868262,-6.116406],[106.075,-5.91416],[106.825195,-6.098242],[107.011621,-6.008496],[107.046289,-5.904199],[107.373926,-6.007617]]],[[[109.628906,2.027539],[109.538965,1.896191],[109.570801,1.806299],[109.63584,1.77666],[109.654004,1.614893],[110.505762,0.861963],[111.101367,1.050537],[111.483203,0.995752],[111.808984,1.01167],[111.923145,1.113281],[112.078516,1.143359],[112.185742,1.439062],[112.476172,1.559082],[112.942969,1.566992],[112.988281,1.547559],[113.006543,1.433887],[113.513184,1.308398],[113.622266,1.235937],[113.902344,1.434277],[114.387109,1.500049],[114.5125,1.452002],[114.632227,1.617041],[114.703516,1.850781],[114.8,1.893945],[114.830566,1.980029],[114.758691,2.162402],[114.786426,2.250488],[115.179102,2.523193],[115.180859,2.566895],[115.080762,2.634229],[115.117578,2.894873],[115.246973,3.025928],[115.310156,2.993945],[115.454395,3.034326],[115.566113,3.445752],[115.568457,3.93877],[115.678809,4.193018],[115.860742,4.348047],[116.021582,4.290674],[116.23623,4.362549],[116.414551,4.308203],[116.514746,4.370801],[117.100586,4.337061],[117.574414,4.170605],[117.465332,4.076074],[117.777246,3.689258],[117.629883,3.636328],[117.509668,3.730371],[117.450391,3.628516],[117.055957,3.622656],[117.166406,3.591992],[117.346289,3.426611],[117.384668,3.365381],[117.321875,3.243555],[117.352441,3.19375],[117.610645,3.064355],[117.637891,2.95083],[117.569141,2.929297],[117.697656,2.887305],[117.638867,2.825293],[117.785937,2.746777],[118.066602,2.317822],[118.041602,2.21543],[117.789258,2.026855],[118.080371,1.701855],[118.638965,1.318994],[118.984961,0.982129],[118.892383,0.886865],[118.534766,0.813525],[118.196094,0.874365],[117.911621,1.098682],[117.977344,0.963818],[117.964258,0.889551],[117.745117,0.729639],[117.522168,0.235889],[117.462891,-0.32373],[117.548926,-0.554395],[117.5625,-0.770898],[117.240723,-0.925684],[117.003223,-1.187695],[116.913965,-1.223633],[116.79707,-1.183789],[116.739844,-1.044238],[116.753418,-1.327344],[116.554492,-1.473926],[116.517578,-1.598047],[116.275488,-1.784863],[116.424316,-1.784863],[116.451953,-1.923145],[116.423535,-2.052539],[116.313965,-2.139844],[116.528125,-2.20791],[116.56543,-2.299707],[116.529297,-2.510547],[116.316797,-2.551855],[116.307227,-2.60332],[116.375488,-2.578027],[116.330664,-2.902148],[116.225781,-2.976953],[116.166309,-2.93457],[116.172266,-3.025293],[116.257227,-3.126367],[116.05752,-3.348242],[115.956152,-3.59502],[114.693555,-4.169727],[114.625293,-4.111719],[114.605957,-3.70332],[114.525586,-3.37666],[114.445996,-3.481836],[114.344336,-3.444434],[114.30166,-3.364746],[114.344336,-3.235156],[114.236328,-3.361133],[114.082227,-3.278906],[113.958789,-3.394336],[113.705078,-3.455273],[113.633594,-3.419922],[113.610059,-3.195703],[113.343164,-3.246484],[113.033984,-2.933496],[112.971484,-3.187109],[112.758008,-3.322168],[112.600293,-3.400488],[112.284961,-3.320996],[111.858105,-3.551855],[111.82207,-3.53252],[111.823047,-3.057227],[111.694727,-2.889453],[111.625488,-2.975488],[111.367578,-2.933691],[110.930078,-3.071094],[110.829688,-2.995117],[110.899316,-2.908594],[110.703125,-3.020898],[110.574023,-2.891406],[110.256055,-2.966113],[110.096582,-2.001367],[109.959863,-1.862793],[110.036133,-1.525684],[109.983301,-1.274805],[109.787402,-1.011328],[109.453809,-0.86875],[109.333496,-0.875391],[109.258789,-0.807422],[109.270996,-0.732031],[109.372754,-0.638184],[109.160547,-0.494922],[109.121094,-0.390918],[109.194629,-0.009424],[109.25752,0.031152],[108.944531,0.355664],[108.916797,0.912646],[108.958594,1.134619],[109.131543,1.253857],[109.010254,1.239648],[109.075879,1.495898],[109.273145,1.705469],[109.378516,1.922705],[109.628906,2.027539]]],[[[127.732715,0.848145],[127.881055,0.832129],[127.967285,1.042578],[128.160742,1.157812],[128.157422,1.316602],[128.222461,1.400635],[128.424121,1.517529],[128.688379,1.572559],[128.702637,1.106396],[128.298828,0.876807],[128.260645,0.733789],[128.61123,0.549951],[128.691602,0.360352],[128.899609,0.21626],[128.446484,0.391553],[127.983105,0.471875],[127.924414,0.438086],[127.887402,0.29834],[127.888965,0.049512],[127.977832,-0.24834],[128.253516,-0.731641],[128.425488,-0.892676],[128.278125,-0.87002],[128.233398,-0.787695],[128.046387,-0.706055],[127.888965,-0.423535],[127.691602,-0.241895],[127.708691,0.288086],[127.555371,0.489648],[127.537109,0.610889],[127.608008,0.848242],[127.52041,0.924023],[127.428516,1.13999],[127.420313,1.251953],[127.537109,1.46748],[127.631738,1.843701],[127.899902,2.137354],[128.036426,2.199023],[127.886816,1.832959],[128.010938,1.701221],[128.011719,1.331738],[127.885352,1.162793],[127.652832,1.013867],[127.634375,0.936133],[127.732715,0.848145]]],[[[129.754688,-2.86582],[129.984375,-2.97666],[130.379102,-2.989355],[130.569922,-3.130859],[130.671094,-3.391504],[130.773438,-3.41875],[130.859961,-3.570312],[130.805078,-3.857715],[130.019531,-3.474707],[129.844141,-3.327148],[129.511719,-3.328516],[129.52168,-3.433691],[129.467676,-3.453223],[128.96748,-3.326074],[128.957813,-3.241113],[128.8625,-3.234961],[128.638965,-3.433398],[128.516602,-3.449121],[128.419238,-3.416016],[128.27998,-3.240527],[128.132031,-3.157422],[127.902344,-3.496289],[127.92793,-3.341406],[127.87793,-3.22207],[128.198535,-2.865918],[128.991113,-2.828516],[129.057715,-2.838477],[129.116309,-2.937012],[129.174414,-2.933496],[129.48418,-2.785742],[129.754688,-2.86582]]],[[[126.861133,-3.087891],[127.025488,-3.166016],[127.227344,-3.391016],[127.22959,-3.633008],[126.686328,-3.823633],[126.214551,-3.605176],[126.056543,-3.420996],[126.026465,-3.170508],[126.088281,-3.105469],[126.219629,-3.148145],[126.555078,-3.065234],[126.861133,-3.087891]]],[[[124.922266,-8.94248],[124.936816,-9.053418],[125.100391,-9.004004],[125.149023,-9.042578],[125.100488,-9.189844],[124.960156,-9.21377],[125.068164,-9.511914],[124.963086,-9.665625],[124.427539,-10.148633],[124.175977,-10.183301],[123.857617,-10.343555],[123.644141,-10.310938],[123.614062,-10.215039],[123.716406,-10.078613],[123.589258,-9.966797],[123.709375,-9.614844],[124.036328,-9.341602],[124.115527,-9.423145],[124.319336,-9.41377],[124.412988,-9.314355],[124.444434,-9.190332],[124.922266,-8.94248]]],[[[134.746973,-5.707031],[134.75498,-5.882715],[134.712207,-5.949707],[134.755859,-6.170605],[134.71416,-6.295117],[134.637598,-6.365332],[134.441113,-6.334863],[134.154883,-6.062891],[134.153125,-6.019531],[134.301953,-6.009766],[134.343066,-5.833008],[134.205371,-5.707227],[134.341309,-5.712891],[134.490332,-5.525098],[134.506445,-5.438477],[134.570801,-5.427344],[134.616504,-5.438574],[134.645508,-5.581348],[134.746973,-5.707031]]],[[[134.536816,-6.442285],[134.504297,-6.591406],[134.322754,-6.84873],[134.2,-6.908789],[134.09082,-6.833789],[134.05918,-6.769336],[134.107031,-6.471582],[134.194629,-6.459766],[134.124609,-6.426465],[134.114648,-6.19082],[134.168066,-6.17627],[134.536816,-6.442285]]],[[[138.535352,-8.273633],[138.296289,-8.405176],[137.650391,-8.386133],[137.83252,-7.932227],[138.081836,-7.566211],[138.295508,-7.438477],[138.543848,-7.37959],[138.769824,-7.39043],[138.962598,-7.587988],[138.989063,-7.696094],[138.785938,-8.059082],[138.535352,-8.273633]]],[[[140.973438,-2.609766],[140.975,-6.346094],[140.862305,-6.740039],[140.975195,-6.905371],[140.976172,-9.11875],[140.00293,-8.195508],[139.992578,-8.139355],[140.116992,-7.92373],[139.934766,-8.101172],[139.385645,-8.189063],[139.279102,-8.106934],[139.248828,-7.982422],[139.192969,-8.086133],[138.933496,-8.262402],[138.890625,-8.237793],[138.856152,-8.145117],[139.087988,-7.587207],[138.747949,-7.251465],[138.864844,-7.201367],[139.0625,-7.227148],[139.176855,-7.19043],[139.049023,-7.200586],[138.845703,-7.136328],[138.601367,-6.936523],[138.864551,-6.858398],[138.438672,-6.343359],[138.296289,-5.949023],[138.374609,-5.843652],[138.199609,-5.807031],[138.243555,-5.724414],[138.339648,-5.675684],[138.087109,-5.70918],[138.06084,-5.465234],[137.306641,-5.014355],[137.279785,-4.94541],[137.195898,-4.99043],[137.089258,-4.924414],[136.618848,-4.81875],[135.979688,-4.530859],[135.450195,-4.443066],[135.195605,-4.450684],[134.754199,-4.19541],[134.679688,-4.079102],[134.706543,-3.954785],[134.886523,-3.938477],[134.759766,-3.922168],[134.546875,-3.979297],[134.391016,-3.909961],[134.266211,-3.945801],[134.14707,-3.796777],[133.973828,-3.817969],[133.723047,-3.57793],[133.67832,-3.479492],[133.697168,-3.248145],[133.841504,-3.054785],[133.700391,-3.0875],[133.653125,-3.364355],[133.599414,-3.416113],[133.518164,-3.411914],[133.542285,-3.516406],[133.415137,-3.732129],[133.400879,-3.899023],[133.24873,-4.062305],[132.968555,-4.094922],[132.914453,-4.056934],[132.753906,-3.703613],[132.869727,-3.550977],[132.751367,-3.294629],[132.348242,-2.975098],[132.053906,-2.914551],[131.971191,-2.788574],[132.230664,-2.680371],[132.725,-2.789062],[133.033789,-2.487402],[133.191016,-2.437793],[133.608691,-2.547168],[133.700098,-2.624609],[133.75332,-2.450684],[133.904883,-2.390918],[133.898926,-2.304492],[133.791016,-2.293652],[133.902441,-2.183594],[133.921582,-2.102051],[133.710352,-2.18916],[132.962793,-2.272559],[132.502637,-2.218457],[132.307617,-2.242285],[132.023438,-1.990332],[131.930371,-1.559668],[131.731445,-1.541211],[131.29375,-1.393457],[131.117773,-1.455273],[130.995898,-1.424707],[131.046191,-1.284082],[131.19082,-1.16582],[131.257227,-0.855469],[131.804297,-0.703809],[132.128418,-0.454102],[132.39375,-0.355469],[132.856445,-0.417383],[133.472656,-0.726172],[133.974512,-0.744336],[134.111523,-0.846777],[134.071973,-1.001855],[134.25957,-1.362988],[134.105859,-1.720996],[134.194824,-2.309082],[134.459961,-2.832324],[134.483301,-2.583008],[134.566895,-2.510449],[134.627441,-2.536719],[134.702148,-2.933594],[134.843359,-2.90918],[134.886816,-3.209863],[135.037402,-3.333105],[135.251563,-3.368555],[135.486621,-3.345117],[135.85918,-2.995313],[136.012988,-2.734277],[136.243262,-2.583105],[136.389941,-2.27334],[136.843262,-2.197656],[137.07207,-2.105078],[137.171094,-2.025488],[137.123438,-1.840918],[137.80625,-1.483203],[137.911133,-1.483789],[138.110938,-1.615918],[138.649805,-1.791113],[138.811426,-1.917773],[139.789551,-2.348242],[140.15459,-2.35],[140.250977,-2.412012],[140.622559,-2.445801],[140.720508,-2.508105],[140.747461,-2.607129],[140.973438,-2.609766]]],[[[138.895117,-8.388672],[138.594238,-8.371484],[138.563379,-8.309082],[138.67666,-8.199219],[138.796191,-8.173633],[138.895117,-8.388672]]],[[[101.708105,2.078418],[101.773535,1.943457],[101.719434,1.78916],[101.602734,1.715723],[101.500781,1.733203],[101.403418,1.901318],[101.409668,2.02168],[101.640723,2.126709],[101.708105,2.078418]]],[[[102.427148,0.990137],[102.380859,0.959766],[102.27959,1.075684],[102.23418,1.263965],[102.256348,1.39707],[102.442871,1.234229],[102.427148,0.990137]]],[[[102.491895,1.45918],[102.499414,1.330908],[102.274219,1.453125],[102.078711,1.498584],[102.024023,1.607959],[102.469531,1.510059],[102.491895,1.45918]]],[[[103.027539,0.746631],[103.008789,0.708105],[102.49043,0.856641],[102.453906,0.889502],[102.506641,1.08877],[102.549219,1.130225],[102.726172,0.989209],[103.002441,0.859277],[103.027539,0.746631]]],[[[103.166406,0.870166],[103.086719,0.848145],[102.886328,0.996777],[102.701855,1.053711],[102.725586,1.158838],[102.999414,1.067773],[103.166406,0.870166]]],[[[103.284473,0.541943],[103.139551,0.549072],[103.187402,0.699756],[103.238184,0.698633],[103.295117,0.613965],[103.284473,0.541943]]],[[[103.450195,0.664453],[103.344434,0.777881],[103.386133,0.86958],[103.497461,0.722705],[103.450195,0.664453]]],[[[104.024805,1.180566],[104.088086,1.137012],[104.139844,1.165576],[104.066113,0.989551],[103.963574,1.013232],[103.932227,1.071387],[104.024805,1.180566]]],[[[104.585352,1.216113],[104.662891,1.049512],[104.575195,0.831934],[104.504297,0.852637],[104.428613,0.956494],[104.439258,1.050439],[104.251953,1.014893],[104.250195,1.102637],[104.361816,1.181494],[104.585352,1.216113]]],[[[104.778613,-0.175977],[104.843164,-0.140625],[105.005371,-0.282813],[104.914258,-0.32334],[104.702246,-0.208691],[104.566602,-0.245605],[104.44707,-0.18916],[104.542676,0.017725],[104.635645,-0.018457],[104.778613,-0.175977]]],[[[104.474219,-0.334668],[104.590137,-0.466602],[104.506543,-0.59668],[104.413867,-0.583691],[104.363184,-0.658594],[104.257129,-0.463281],[104.302344,-0.385742],[104.363574,-0.402832],[104.474219,-0.334668]]],[[[103.736523,-0.347949],[103.606348,-0.38291],[103.461328,-0.357617],[103.548926,-0.227539],[103.723926,-0.27666],[103.764258,-0.317773],[103.736523,-0.347949]]],[[[109.710254,-1.180664],[109.463672,-1.277539],[109.428125,-1.241211],[109.475977,-0.985352],[109.614648,-0.979102],[109.743359,-1.039355],[109.760547,-1.105176],[109.710254,-1.180664]]],[[[113.844531,-7.105371],[113.655859,-7.111719],[113.470703,-7.218457],[113.126953,-7.224121],[112.76377,-7.139648],[112.725879,-7.072754],[112.868066,-6.899902],[113.067383,-6.87998],[113.974707,-6.873047],[114.073633,-6.960156],[113.844531,-7.105371]]],[[[134.965332,-1.116016],[134.861719,-1.11416],[134.808887,-1.037598],[134.82793,-0.978809],[134.889258,-0.938477],[134.996289,-1.034082],[134.965332,-1.116016]]],[[[127.249902,-0.495313],[127.119141,-0.520508],[127.126465,-0.278613],[127.290039,-0.284375],[127.249902,-0.495313]]],[[[127.566992,-0.318945],[127.682422,-0.468359],[127.60498,-0.610156],[127.658594,-0.689453],[127.804297,-0.694434],[127.880176,-0.808691],[127.761133,-0.883691],[127.623828,-0.766016],[127.462695,-0.805957],[127.468652,-0.642969],[127.3,-0.500293],[127.325098,-0.33584],[127.455176,-0.406348],[127.527344,-0.306641],[127.566992,-0.318945]]],[[[132.92627,-5.902051],[132.84502,-5.987988],[132.937695,-5.682617],[133.008789,-5.621387],[133.138477,-5.317871],[133.172852,-5.348145],[133.119629,-5.575977],[132.971094,-5.73584],[132.92627,-5.902051]]],[[[132.807129,-5.850781],[132.746289,-5.94707],[132.681445,-5.912598],[132.630176,-5.607031],[132.737793,-5.661719],[132.807129,-5.850781]]],[[[128.275586,-3.674609],[128.191797,-3.735254],[128.11084,-3.686426],[127.978027,-3.770996],[127.925,-3.699316],[128.016211,-3.600879],[128.329102,-3.515918],[128.275586,-3.674609]]],[[[126.816602,4.033496],[126.71123,4.020264],[126.704492,4.070996],[126.813574,4.258496],[126.72207,4.344189],[126.757324,4.5479],[126.865137,4.479834],[126.921094,4.291016],[126.816602,4.033496]]],[[[125.658105,3.436035],[125.633203,3.40542],[125.511523,3.461133],[125.468848,3.733252],[125.658105,3.436035]]],[[[130.862207,-8.31875],[130.775195,-8.349902],[131.020117,-8.091309],[131.176367,-8.130762],[130.908105,-8.245703],[130.862207,-8.31875]]],[[[129.838867,-7.95459],[129.779785,-8.046484],[129.713477,-8.040723],[129.591895,-7.917383],[129.608984,-7.803418],[129.812988,-7.819727],[129.838867,-7.95459]]],[[[127.823438,-8.098828],[128.098828,-8.134863],[128.119238,-8.170703],[128.023535,-8.255371],[127.820898,-8.190234],[127.78623,-8.120313],[127.823438,-8.098828]]],[[[130.35332,-1.690527],[130.425,-1.80459],[130.380566,-1.902637],[130.418848,-1.971289],[130.248047,-2.047754],[130.133496,-2.063867],[129.886523,-1.986426],[129.737695,-1.866895],[129.993652,-1.758887],[130.35332,-1.690527]]],[[[102.367188,-5.478711],[102.285937,-5.483496],[102.110742,-5.322559],[102.198438,-5.288867],[102.371777,-5.366406],[102.405469,-5.404785],[102.367188,-5.478711]]],[[[100.425098,-3.18291],[100.465137,-3.328516],[100.346094,-3.229199],[100.332031,-3.113086],[100.204297,-2.986816],[100.198535,-2.785547],[100.245605,-2.783203],[100.45459,-3.001953],[100.425098,-3.18291]]],[[[100.204102,-2.741016],[100.132715,-2.821387],[100.014941,-2.819727],[99.987891,-2.525391],[100.201953,-2.679688],[100.204102,-2.741016]]],[[[99.843066,-2.343066],[99.607031,-2.25752],[99.537402,-2.161523],[99.572168,-2.025781],[99.686426,-2.063379],[99.843066,-2.343066]]],[[[98.459277,-0.530469],[98.399707,-0.576855],[98.309668,-0.531836],[98.427148,-0.226465],[98.322949,-0.000781],[98.41543,-0.017529],[98.544141,-0.257617],[98.459277,-0.530469]]],[[[96.463672,2.36001],[96.340625,2.37207],[96.021973,2.595752],[95.808594,2.655615],[95.717188,2.825977],[95.80625,2.916016],[95.895801,2.889062],[96.417285,2.515186],[96.463672,2.36001]]],[[[122.042969,-5.437988],[121.97959,-5.464746],[121.808496,-5.256152],[121.913672,-5.072266],[122.041016,-5.158789],[122.042969,-5.437988]]],[[[123.212305,-1.171289],[123.237793,-1.389355],[123.338574,-1.254004],[123.434766,-1.236816],[123.547266,-1.337402],[123.511914,-1.447363],[123.366992,-1.507129],[123.274902,-1.437207],[123.237402,-1.576953],[123.172949,-1.616016],[123.122949,-1.556055],[123.18291,-1.492773],[123.150391,-1.304492],[122.89043,-1.587207],[122.81084,-1.432129],[122.832227,-1.283008],[122.908008,-1.182227],[123.212305,-1.171289]]],[[[121.864355,-0.406836],[121.906836,-0.45127],[121.88125,-0.502637],[121.655273,-0.526172],[121.749316,-0.407031],[121.864355,-0.406836]]],[[[120.52832,-6.298438],[120.487305,-6.464844],[120.435547,-6.180176],[120.477344,-5.775293],[120.549219,-5.969238],[120.52832,-6.298438]]],[[[115.377051,-6.970801],[115.220313,-6.952539],[115.240527,-6.86123],[115.414453,-6.839746],[115.546094,-6.938672],[115.377051,-6.970801]]],[[[116.30332,-3.868164],[116.093359,-4.054102],[116.058789,-4.006934],[116.076953,-3.81748],[116.018359,-3.699902],[116.063574,-3.45791],[116.117383,-3.339551],[116.269727,-3.251074],[116.30332,-3.868164]]],[[[122.948926,-10.909277],[122.826172,-10.899121],[122.845703,-10.761816],[123.061426,-10.698438],[123.371094,-10.474902],[123.418164,-10.65127],[123.214844,-10.806152],[122.948926,-10.909277]]],[[[124.286621,-8.329492],[124.14668,-8.531445],[124.065723,-8.55166],[124.017285,-8.443848],[123.927734,-8.448926],[124.01377,-8.318652],[124.110547,-8.364258],[124.239551,-8.203418],[124.304492,-8.228809],[124.286621,-8.329492]]],[[[123.924805,-8.272461],[123.783887,-8.299609],[123.697852,-8.424414],[123.629199,-8.422461],[123.553027,-8.566797],[123.488672,-8.532324],[123.410742,-8.586621],[123.230078,-8.530664],[123.475879,-8.322266],[123.391211,-8.280469],[123.600586,-8.291309],[123.775977,-8.19043],[123.924805,-8.272461]]],[[[123.31748,-8.354785],[123.297266,-8.398633],[123.025,-8.395508],[123.032617,-8.337793],[123.21709,-8.235449],[123.336035,-8.269043],[123.31748,-8.354785]]],[[[134.716113,-6.549414],[134.66084,-6.558887],[134.633691,-6.477246],[134.679102,-6.456055],[134.716113,-6.549414]]],[[[103.423926,1.04834],[103.429688,0.993359],[103.31543,1.071289],[103.37998,1.133643],[103.423926,1.04834]]],[[[103.828613,0.801025],[103.742383,0.82998],[103.751953,0.891357],[103.828613,0.801025]]],[[[104.239355,0.833984],[104.176758,0.804883],[104.108301,0.933545],[104.239355,0.833984]]],[[[104.689258,0.059521],[104.603516,0.095215],[104.499219,0.23208],[104.689258,0.059521]]],[[[106.285254,3.157129],[106.283691,3.088232],[106.214551,3.128564],[106.200977,3.204883],[106.271191,3.216309],[106.285254,3.157129]]],[[[105.760352,2.863037],[105.706152,2.888867],[105.692187,3.0625],[105.836719,2.976514],[105.760352,2.863037]]],[[[108.8875,2.90542],[108.838867,2.853027],[108.786523,2.885645],[108.885742,2.998975],[108.8875,2.90542]]],[[[108.953125,-1.619629],[108.837891,-1.661621],[108.803711,-1.567773],[108.956836,-1.564063],[108.953125,-1.619629]]],[[[107.47334,-2.899512],[107.409277,-2.900586],[107.419336,-2.838086],[107.499707,-2.84502],[107.47334,-2.899512]]],[[[106.886426,-3.005273],[106.814258,-3.014453],[106.742871,-2.932813],[106.796875,-2.898926],[106.910645,-2.933984],[106.886426,-3.005273]]],[[[114.412598,-7.133496],[114.346875,-7.163281],[114.298828,-7.097559],[114.383594,-7.080664],[114.412598,-7.133496]]],[[[112.719434,-5.811035],[112.602148,-5.843652],[112.586035,-5.803613],[112.690039,-5.726172],[112.719434,-5.811035]]],[[[105.252832,-6.64043],[105.19043,-6.6625],[105.121387,-6.614941],[105.260547,-6.523926],[105.252832,-6.64043]]],[[[97.33418,2.075635],[97.108301,2.216895],[97.291406,2.20083],[97.33418,2.075635]]],[[[95.362109,5.812402],[95.283203,5.798535],[95.217676,5.889502],[95.35918,5.876758],[95.362109,5.812402]]],[[[123.597559,-1.704297],[123.48252,-1.681445],[123.486621,-1.534863],[123.528516,-1.502832],[123.616406,-1.627441],[123.597559,-1.704297]]],[[[123.242383,-4.112988],[123.144531,-4.233301],[123.076172,-4.227148],[122.994727,-4.148047],[122.969043,-4.02998],[123.024902,-3.980957],[123.211914,-3.997559],[123.242383,-4.112988]]],[[[123.848242,-1.955469],[123.866016,-1.995703],[123.803516,-1.994336],[123.783496,-1.87832],[123.848242,-1.955469]]],[[[123.152539,-1.816504],[123.078809,-1.898926],[123.106445,-1.786719],[123.152539,-1.816504]]],[[[119.464063,-8.741016],[119.385547,-8.736035],[119.378906,-8.586523],[119.446484,-8.429199],[119.557227,-8.518848],[119.444043,-8.671777],[119.464063,-8.741016]]],[[[119.073828,-8.238867],[119.020898,-8.199902],[119.097754,-8.13916],[119.134863,-8.19707],[119.073828,-8.238867]]],[[[115.609961,-8.769824],[115.581934,-8.804199],[115.480469,-8.71543],[115.561426,-8.669922],[115.609961,-8.769824]]],[[[117.649023,4.168994],[117.884766,4.186133],[117.922852,4.054297],[117.736816,4.004004],[117.625098,4.121484],[117.649023,4.168994]]],[[[117.658398,3.280518],[117.645801,3.247754],[117.560352,3.328223],[117.547852,3.431982],[117.680859,3.40752],[117.658398,3.280518]]],[[[124.05127,-5.97373],[124.04209,-6.021582],[123.975781,-5.880176],[124.05127,-5.97373]]],[[[123.626758,-5.271582],[123.622754,-5.373047],[123.582617,-5.367383],[123.542773,-5.271094],[123.626758,-5.271582]]],[[[120.774414,-7.118945],[120.64082,-7.11582],[120.633398,-7.018262],[120.781738,-7.063086],[120.774414,-7.118945]]],[[[117.556348,-8.367285],[117.49043,-8.34873],[117.490527,-8.183398],[117.665039,-8.148242],[117.556348,-8.367285]]],[[[116.424121,-3.464453],[116.387793,-3.636719],[116.326563,-3.539062],[116.426953,-3.399902],[116.424121,-3.464453]]],[[[127.372656,0.791309],[127.306055,0.769434],[127.292773,0.84248],[127.353809,0.847461],[127.372656,0.791309]]],[[[134.374219,-2.123535],[134.335059,-2.095215],[134.369531,-2.027637],[134.419043,-2.051758],[134.374219,-2.123535]]],[[[133.570801,-4.245898],[133.621875,-4.299316],[133.333008,-4.169629],[133.320898,-4.111035],[133.570801,-4.245898]]],[[[130.905273,-0.777441],[130.832422,-0.862891],[130.402441,-0.923926],[130.484277,-0.83252],[130.905273,-0.777441]]],[[[130.62666,-0.528711],[130.46543,-0.486523],[130.615918,-0.417285],[130.684277,-0.469141],[130.62666,-0.528711]]],[[[129.548926,-0.187012],[129.370117,-0.066406],[129.308789,0.04541],[129.548926,-0.187012]]],[[[127.453418,-0.005859],[127.448633,-0.036621],[127.396777,0.016602],[127.431348,0.142578],[127.453418,-0.005859]]],[[[127.419727,0.64209],[127.373633,0.634863],[127.382617,0.743555],[127.442578,0.733447],[127.419727,0.64209]]],[[[127.300391,-0.780957],[127.156445,-0.760938],[127.209082,-0.619336],[127.258203,-0.623438],[127.300391,-0.780957]]],[[[128.722461,-3.546875],[128.713281,-3.602539],[128.619531,-3.588574],[128.585156,-3.512207],[128.722461,-3.546875]]],[[[128.562598,-3.585449],[128.391602,-3.637891],[128.451563,-3.514746],[128.562598,-3.585449]]],[[[126.719336,3.874658],[126.721777,3.83252],[126.6375,4.041943],[126.739648,3.917725],[126.719336,3.874658]]],[[[126.851855,3.768457],[126.778906,3.843164],[126.857031,3.812402],[126.851855,3.768457]]],[[[125.407422,2.651611],[125.360059,2.746826],[125.39082,2.805371],[125.446484,2.762988],[125.407422,2.651611]]],[[[131.982031,-7.202051],[131.969531,-7.251367],[131.750781,-7.116797],[131.922266,-7.104492],[131.982031,-7.202051]]],[[[128.670117,-7.183301],[128.625,-7.208594],[128.529785,-7.13457],[128.627734,-7.06875],[128.670117,-7.183301]]],[[[127.419434,-7.623047],[127.355273,-7.646484],[127.370703,-7.512793],[127.475195,-7.531055],[127.419434,-7.623047]]],[[[123.416211,-10.302637],[123.325977,-10.3375],[123.325586,-10.26416],[123.458789,-10.139941],[123.496777,-10.193945],[123.405078,-10.227148],[123.416211,-10.302637]]],[[[121.883008,-10.590332],[121.704688,-10.555664],[121.866992,-10.438867],[121.99834,-10.446973],[121.981348,-10.528418],[121.883008,-10.590332]]],[[[134.819531,-6.43418],[134.795313,-6.393066],[134.88584,-6.323535],[134.819531,-6.43418]]],[[[134.674414,-6.749805],[134.629102,-6.712793],[134.735742,-6.62334],[134.674414,-6.749805]]],[[[127.987891,-2.936523],[127.937695,-3.02002],[127.834277,-3.004395],[127.987891,-2.936523]]],[[[127.60625,-3.315137],[127.629297,-3.35918],[127.487695,-3.288184],[127.554492,-3.254297],[127.60625,-3.315137]]],[[[122.977344,-8.545215],[122.945508,-8.604004],[122.887793,-8.587305],[123.010547,-8.44834],[123.153125,-8.475781],[122.977344,-8.545215]]]]}},{"type":"Feature","properties":{"sigla":"IND","nome":"Índia"},"geometry":{"type":"MultiPolygon","coordinates":[[[[68.165039,23.857324],[68.38125,23.950879],[68.724121,23.964697],[68.728125,24.265625],[68.781152,24.313721],[68.82832,24.264014],[69.55918,24.273096],[69.805176,24.165234],[70.021094,24.191553],[70.098242,24.2875],[70.489258,24.412158],[70.546777,24.418311],[70.579297,24.279053],[70.716309,24.237988],[71.044043,24.400098],[70.973242,24.487402],[70.969824,24.571875],[71.047852,24.687744],[70.652051,25.4229],[70.648438,25.666943],[70.569531,25.705957],[70.264648,25.706543],[70.100195,25.910059],[70.077734,26.071973],[70.132617,26.214795],[70.147656,26.506445],[70.059375,26.57876],[69.735938,26.627051],[69.506934,26.742676],[69.47002,26.804443],[69.537012,27.122949],[69.896289,27.473633],[70.144531,27.849023],[70.403711,28.025049],[70.629102,27.937451],[70.691602,27.768994],[70.797949,27.709619],[71.870313,27.9625],[71.948047,28.177295],[72.128516,28.346338],[72.341895,28.751904],[72.90332,29.02876],[73.231152,29.550635],[73.381641,29.934375],[73.80918,30.093359],[73.933398,30.22207],[73.899316,30.435352],[74.339355,30.893555],[74.632812,31.034668],[74.517676,31.185596],[74.593945,31.465381],[74.509961,31.712939],[74.555566,31.818555],[74.739453,31.948828],[75.254102,32.140332],[75.324707,32.215283],[75.333496,32.279199],[75.233691,32.372119],[74.987305,32.462207],[74.685742,32.493799],[74.643359,32.607715],[74.663281,32.757666],[74.35459,32.768701],[74.305469,32.810449],[74.303613,32.991797],[74.003809,33.189453],[73.994238,33.242188],[74.117773,33.384131],[74.15,33.506982],[74.004004,33.632422],[73.976465,33.721289],[74.000977,33.788184],[74.215625,33.886572],[74.250879,33.946094],[74.246484,33.990186],[73.949902,34.018799],[73.904102,34.075684],[73.972363,34.236621],[73.809961,34.325342],[73.794531,34.378223],[73.96123,34.653467],[74.300391,34.765381],[75.1875,34.639014],[75.452539,34.536719],[75.70918,34.503076],[76.041016,34.669922],[76.456738,34.756104],[76.594434,34.73584],[76.78291,34.900195],[77.000879,34.991992],[77.048633,35.109912],[77.799414,35.495898],[77.894922,35.449023],[78.042676,35.479785],[78.012207,35.251025],[78.326953,34.606396],[78.670801,34.518164],[78.970117,34.302637],[78.970605,34.228223],[78.753027,34.087695],[78.72666,34.013379],[78.801855,33.499707],[79.135156,33.171924],[79.102832,33.052539],[79.202246,32.946045],[79.219336,32.501074],[79.127344,32.475781],[79.066992,32.388184],[78.918945,32.358203],[78.771289,32.468066],[78.700879,32.597021],[78.4125,32.557715],[78.389648,32.519873],[78.495898,32.215771],[78.735449,31.957959],[78.693457,31.740381],[78.80293,31.618066],[78.726758,31.471826],[78.743555,31.323779],[78.791602,31.293652],[78.973926,31.328613],[79.011133,31.414111],[79.107129,31.402637],[79.33877,31.105713],[79.493164,30.993701],[79.56543,30.949072],[79.794629,30.968262],[80.081445,30.781934],[80.149414,30.789844],[80.194336,30.759229],[80.191211,30.568408],[80.682129,30.414844],[80.985449,30.237109],[81.010254,30.164502],[80.848145,30.139746],[80.401855,29.730273],[80.254883,29.42334],[80.233008,29.194629],[80.08457,28.994189],[80.070703,28.830176],[80.418555,28.612012],[80.479102,28.604883],[80.517871,28.665186],[80.587012,28.649609],[81.168945,28.33501],[81.31084,28.176367],[81.852637,27.86709],[81.987695,27.91377],[82.451367,27.671826],[82.677344,27.673437],[82.733398,27.518994],[83.289746,27.370996],[83.447168,27.465332],[83.828809,27.377832],[84.091016,27.491357],[84.610156,27.298682],[84.685352,27.041016],[85.125391,26.860986],[85.240234,26.750342],[85.568457,26.839844],[85.699902,26.781641],[85.737305,26.639746],[85.794531,26.60415],[86.007324,26.649365],[86.366113,26.574414],[86.701367,26.435059],[87.016406,26.55542],[87.089551,26.433203],[87.287402,26.360303],[87.413574,26.422949],[87.633398,26.399121],[87.849219,26.436914],[87.995117,26.382373],[88.054883,26.430029],[88.161523,26.724805],[88.111035,26.928467],[87.984375,27.133936],[88.024121,27.408887],[88.146973,27.749219],[88.150293,27.843311],[88.098926,27.904541],[88.141113,27.948926],[88.57793,28.093359],[88.803711,28.006934],[88.848828,27.868652],[88.749023,27.521875],[88.764844,27.429883],[88.891406,27.316064],[88.73877,27.175586],[88.835156,27.065576],[88.857617,26.961475],[89.148242,26.816162],[89.332129,26.848633],[89.586133,26.778955],[89.609961,26.719434],[89.763867,26.701563],[90.122949,26.75459],[90.206055,26.84751],[90.345898,26.890332],[90.739648,26.77168],[91.286523,26.789941],[91.426758,26.86709],[91.517578,26.807324],[91.671582,26.802002],[91.99834,26.85498],[92.073438,26.914844],[91.992285,27.099902],[92.083398,27.290625],[91.99082,27.450195],[91.743066,27.442529],[91.594727,27.557666],[91.631934,27.759961],[91.977637,27.730371],[92.10127,27.807617],[92.414844,27.824609],[92.54668,27.879199],[92.687793,27.988965],[92.643457,28.061523],[92.701855,28.147119],[93.034961,28.327637],[93.251953,28.629492],[93.760742,28.729785],[93.973633,28.860791],[94.017676,28.959521],[94.111523,28.975879],[94.293262,29.144629],[94.623047,29.312402],[94.733398,29.251611],[94.769434,29.175879],[95.389258,29.037402],[95.516992,29.151172],[95.51582,29.206348],[96.035352,29.447168],[96.234961,29.245801],[96.355859,29.249072],[96.122363,29.08208],[96.137109,28.922607],[96.435742,29.050684],[96.580859,28.763672],[96.395605,28.606543],[96.281445,28.412061],[96.389063,28.36792],[96.602637,28.459912],[96.775781,28.367041],[96.980859,28.337695],[97.075391,28.368945],[97.322461,28.217969],[97.335156,27.937744],[96.962793,27.698291],[96.876855,27.586719],[96.901953,27.4396],[97.102051,27.11543],[96.953418,27.133301],[96.731641,27.331494],[96.19082,27.261279],[96.061426,27.21709],[95.905273,27.046631],[95.463867,26.756055],[95.128711,26.597266],[95.050879,26.347266],[95.132422,26.04126],[95.015234,25.912939],[94.945703,25.700244],[94.78584,25.519336],[94.667773,25.458887],[94.579883,25.319824],[94.553027,25.215723],[94.675293,25.138574],[94.707617,25.04873],[94.584082,24.767236],[94.293066,24.321875],[94.127637,23.876465],[93.683398,24.006543],[93.49375,23.972852],[93.32627,24.064209],[93.414941,23.68208],[93.366016,23.13252],[93.308008,23.030371],[93.16416,23.032031],[93.1625,22.907959],[93.078711,22.718213],[93.151172,22.230615],[93.042969,22.183984],[92.964551,22.00376],[92.909473,21.988916],[92.720996,22.132422],[92.574902,21.978076],[92.491406,22.6854],[92.361621,22.929004],[92.33418,23.323828],[92.246094,23.683594],[92.152344,23.721875],[91.92959,23.685986],[91.937891,23.504688],[91.754199,23.287305],[91.750977,23.053516],[91.619531,22.979688],[91.51123,23.033691],[91.43623,23.199902],[91.370605,23.197998],[91.368652,23.074561],[91.315234,23.104395],[91.165527,23.581055],[91.232031,23.920459],[91.36709,24.093506],[91.526367,24.090771],[91.726562,24.205078],[91.876953,24.195312],[91.95166,24.356738],[92.101953,24.408057],[92.22832,24.881348],[92.443164,24.849414],[92.468359,24.944141],[92.049707,25.169482],[90.439355,25.157715],[89.833301,25.292773],[89.796289,25.37583],[89.822949,25.941406],[89.670898,26.213818],[89.585742,26.186035],[89.549902,26.005273],[89.369727,26.006104],[89.186426,26.105957],[89.018652,26.410254],[88.924121,26.375098],[88.97041,26.250879],[88.828027,26.252197],[88.682813,26.291699],[88.620117,26.430664],[88.369922,26.564111],[88.351465,26.482568],[88.436719,26.437109],[88.44043,26.369482],[88.150781,26.087158],[88.08457,25.888232],[88.363086,25.698193],[88.502441,25.537012],[88.769141,25.490479],[88.820312,25.365527],[88.95166,25.259277],[88.817285,25.176221],[88.45625,25.188428],[88.313379,24.881836],[88.149805,24.914648],[88.023438,24.627832],[88.145508,24.485791],[88.287109,24.479736],[88.396973,24.389258],[88.723535,24.274902],[88.699805,24.002539],[88.567383,23.674414],[88.74082,23.436621],[88.724414,23.25498],[88.928125,23.186621],[88.850586,23.040527],[88.920703,22.632031],[89.05,22.274609],[89.02793,21.937207],[88.949316,21.937939],[89.019629,21.833643],[89.05166,21.654102],[88.907422,21.653076],[88.85752,21.744678],[88.74502,21.584375],[88.691211,21.733496],[88.740234,22.00542],[88.641602,22.121973],[88.566797,21.832129],[88.584668,21.659717],[88.445996,21.614258],[88.2875,21.758203],[88.253711,21.622314],[88.12207,21.635791],[88.056836,21.694141],[88.196289,22.139551],[87.994434,22.265674],[87.941406,22.374316],[87.961621,22.255029],[88.159277,22.121729],[87.948437,21.825439],[87.678223,21.653516],[87.100684,21.500781],[86.85957,21.236719],[86.842285,21.106348],[86.975488,20.700146],[86.7625,20.419141],[86.750391,20.313232],[86.49873,20.171631],[86.376563,20.006738],[86.245215,20.053027],[86.311914,19.987793],[86.216211,19.895801],[85.575,19.69292],[85.496875,19.696924],[85.559766,19.753467],[85.555078,19.866895],[85.504102,19.887695],[85.248633,19.757666],[85.180762,19.594873],[85.370898,19.678906],[85.441602,19.626562],[85.225586,19.50835],[84.770996,19.125391],[84.69082,18.964697],[84.104102,18.292676],[83.654297,18.069873],[83.19834,17.608984],[82.35957,17.096191],[82.281934,16.936084],[82.359766,16.782813],[82.258789,16.559863],[81.761914,16.329492],[81.401855,16.365234],[81.286133,16.337061],[81.132129,15.961768],[81.030078,15.881445],[80.978711,15.75835],[80.825977,15.765918],[80.781836,15.867334],[80.646582,15.89502],[80.384863,15.792773],[80.293457,15.710742],[80.101074,15.323633],[80.053418,15.074023],[80.178711,14.47832],[80.111719,14.212207],[80.306543,13.485059],[80.15625,13.71377],[80.062109,13.60625],[80.342383,13.361328],[80.229102,12.690332],[80.143066,12.452002],[79.858496,11.98877],[79.754102,11.575293],[79.793359,11.44668],[79.693164,11.312549],[79.799023,11.338672],[79.848633,11.196875],[79.838184,10.322559],[79.531641,10.329639],[79.314551,10.256689],[79.253613,10.174805],[79.257812,10.035205],[78.939941,9.565771],[78.919141,9.452881],[79.019922,9.33335],[79.275488,9.284619],[79.411426,9.192383],[78.97959,9.268555],[78.421484,9.105029],[78.19248,8.890869],[78.126367,8.511328],[78.060156,8.38457],[77.517578,8.07832],[77.301465,8.145313],[77.065918,8.315918],[76.553418,8.902783],[76.324609,9.4521],[76.242383,9.9271],[76.343066,9.827344],[76.375586,9.539893],[76.458789,9.53623],[76.346484,9.922119],[76.195605,10.086133],[76.201465,10.200635],[75.922559,10.784082],[75.723828,11.361768],[75.524512,11.703125],[75.19668,12.05752],[74.945508,12.564551],[74.770508,13.077344],[74.670898,13.667627],[74.498535,14.046338],[74.382227,14.494727],[73.949219,15.074756],[73.884277,15.306445],[73.800781,15.396973],[73.931934,15.396973],[73.771777,15.573047],[73.832813,15.659375],[73.732813,15.656934],[73.679883,15.708887],[73.476074,16.054248],[73.337598,16.459863],[73.156055,17.621924],[72.993945,18.097705],[72.875488,18.642822],[73.005566,19.021094],[72.97207,19.15332],[72.834668,18.975586],[72.803027,19.079297],[72.811621,19.298926],[72.987207,19.277441],[72.787891,19.362988],[72.756445,19.450537],[72.799414,19.519824],[72.726563,19.578271],[72.667773,19.830957],[72.89375,20.672754],[72.813867,21.117188],[72.692383,21.177637],[72.623828,21.371973],[72.734766,21.470801],[72.613281,21.461816],[72.810547,21.619922],[73.1125,21.750439],[72.839746,21.687256],[72.543066,21.696582],[72.59248,21.877588],[72.700195,21.971924],[72.522266,21.976221],[72.553027,22.159961],[72.80918,22.233301],[72.590137,22.278125],[72.182813,22.269727],[72.306445,22.189209],[72.274414,22.089746],[72.037207,21.823047],[72.210352,21.728223],[72.256641,21.66123],[72.254004,21.531006],[72.015234,21.155713],[71.024609,20.738867],[70.719336,20.74043],[70.485059,20.840186],[70.034375,21.178809],[69.748438,21.505713],[69.191699,21.991504],[68.969922,22.290283],[68.983496,22.3854],[69.05166,22.437305],[69.276563,22.285498],[69.549219,22.408398],[69.655176,22.403516],[69.727539,22.465186],[69.819043,22.451758],[70.005859,22.547705],[70.177246,22.572754],[70.44043,22.970312],[70.513477,23.00249],[70.489258,23.089502],[70.339453,22.939746],[70.118262,22.947021],[69.664648,22.759082],[69.235937,22.848535],[68.81709,23.053711],[68.640723,23.189941],[68.41748,23.571484],[68.776758,23.8521],[68.234961,23.596973],[68.165039,23.857324]]],[[[93.890039,6.831055],[93.828809,6.748682],[93.709277,7.000684],[93.658008,7.016064],[93.68418,7.183594],[93.822461,7.236621],[93.92959,6.973486],[93.890039,6.831055]]],[[[93.733594,7.356494],[93.638477,7.261865],[93.597266,7.31875],[93.69248,7.410596],[93.733594,7.356494]]],[[[93.140723,8.249512],[93.170605,8.212061],[93.064258,8.274951],[93.096973,8.349365],[93.140723,8.249512]]],[[[93.442578,7.877832],[93.365039,7.876562],[93.309375,7.964014],[93.334473,8.006934],[93.375488,8.01792],[93.442578,7.877832]]],[[[93.536914,8.056641],[93.478223,8.024463],[93.456445,8.171875],[93.494043,8.224658],[93.531641,8.21377],[93.536914,8.056641]]],[[[92.7875,9.13667],[92.716602,9.165088],[92.762109,9.243896],[92.7875,9.13667]]],[[[92.502832,10.554883],[92.472656,10.520752],[92.369531,10.547412],[92.352832,10.751123],[92.510352,10.897461],[92.574316,10.704248],[92.502832,10.554883]]],[[[92.693164,11.381152],[92.595703,11.386426],[92.640234,11.509131],[92.693164,11.381152]]],[[[92.722754,11.536084],[92.668359,11.538721],[92.533887,11.873389],[92.60752,11.949512],[92.676465,12.192383],[92.788281,12.225781],[92.718945,12.357324],[92.720703,12.54126],[92.740039,12.779639],[92.830859,13.002637],[92.857324,13.358105],[92.924609,13.48584],[93.062305,13.545459],[93.07666,13.400684],[93.016016,13.336182],[93.066113,13.221582],[92.88623,12.942285],[92.965039,12.850488],[92.990234,12.538525],[92.932617,12.453076],[92.863672,12.436035],[92.879492,12.22793],[92.747656,11.992773],[92.797559,11.874658],[92.722754,11.536084]]],[[[93.017383,12.036816],[93.062109,11.899414],[92.955371,12.002441],[93.017383,12.036816]]],[[[92.717578,12.864893],[92.685742,12.799951],[92.710645,12.961572],[92.717578,12.864893]]],[[[72.780371,11.20249],[72.772461,11.214258],[72.792676,11.262744],[72.780371,11.20249]]],[[[73.067383,8.269092],[73.023438,8.265918],[73.079492,8.316504],[73.067383,8.269092]]]]}},{"type":"Feature","properties":{"sigla":"GEO","nome":"Geórgia"},"geometry":{"type":"Polygon","coordinates":[[[43.439453,41.107129],[43.402344,41.176562],[43.205469,41.19917],[43.149023,41.307129],[42.82168,41.492383],[42.754102,41.578906],[42.606836,41.578809],[42.466406,41.439844],[41.925781,41.495654],[41.823535,41.432373],[41.510059,41.51748],[41.701758,41.70542],[41.758789,41.817139],[41.762988,41.97002],[41.48877,42.659326],[41.419434,42.737646],[41.128711,42.828125],[41.061621,42.930859],[40.836621,43.063477],[40.462109,43.145703],[39.97832,43.419824],[40.08457,43.553125],[40.150195,43.569775],[40.518945,43.512012],[40.648047,43.533887],[41.083105,43.374463],[41.358203,43.333398],[41.580566,43.219238],[42.05,43.190137],[42.419043,43.224219],[42.566016,43.155127],[42.760645,43.16958],[42.991602,43.091504],[43.08916,42.989062],[43.782617,42.747021],[43.738379,42.616992],[43.825977,42.571533],[43.957422,42.566553],[44.505859,42.748633],[44.644336,42.734717],[44.771094,42.616797],[44.870996,42.756396],[45.160254,42.675],[45.34375,42.529785],[45.655566,42.517676],[45.727539,42.475049],[45.638574,42.205078],[45.954004,42.0354],[46.212695,41.989893],[46.429883,41.890967],[46.302539,41.75708],[46.201855,41.736865],[46.190527,41.624854],[46.672559,41.286816],[46.626367,41.159668],[46.45791,41.070215],[46.170703,41.197852],[46.03125,41.167285],[45.792773,41.224414],[45.695703,41.289014],[45.715625,41.337646],[45.280957,41.449561],[44.975879,41.27749],[44.811328,41.259375],[44.841406,41.211377],[44.227344,41.21333],[43.439453,41.107129]]]}},{"type":"Feature","properties":{"sigla":"CYP","nome":"Chipre"},"geometry":{"type":"Polygon","coordinates":[[[32.712695,35.171045],[32.919531,35.087842],[33.191016,35.173145],[33.383789,35.162695],[33.455957,35.101416],[33.475781,35.000342],[33.866406,35.093604],[34.004492,35.065234],[34.050195,34.988379],[33.699414,34.969873],[33.414941,34.750879],[33.115527,34.695557],[33.024902,34.636914],[33.00791,34.56958],[32.941797,34.575879],[32.867188,34.661133],[32.692969,34.649365],[32.449023,34.729443],[32.317188,34.95332],[32.300977,35.082959],[32.390918,35.049805],[32.555957,35.155762],[32.712695,35.171045]]]}},{"type":"Feature","properties":{"sigla":"CHN","nome":"China"},"geometry":{"type":"MultiPolygon","coordinates":[[[[118.183008,24.496289],[118.149512,24.436133],[118.090527,24.446143],[118.076758,24.501416],[118.103809,24.552344],[118.183008,24.496289]]],[[[121.862695,31.492285],[121.780469,31.46377],[121.519922,31.549609],[121.336426,31.64375],[121.211133,31.805371],[121.46416,31.756445],[121.576563,31.637305],[121.862695,31.492285]]],[[[122.295898,29.963428],[122.024023,30.01333],[121.969434,30.143115],[122.284473,30.068018],[122.322266,30.031396],[122.295898,29.963428]]],[[[122.172559,29.679004],[122.042676,29.735937],[122.062305,29.772754],[122.119629,29.782227],[122.172559,29.679004]]],[[[122.403906,29.892383],[122.367578,29.852686],[122.331836,29.934961],[122.401563,29.950244],[122.403906,29.892383]]],[[[119.820898,25.456982],[119.74668,25.410693],[119.700293,25.432715],[119.722559,25.638818],[119.77793,25.653174],[119.838379,25.591064],[119.820898,25.456982]]],[[[110.385156,21.093164],[110.422363,21.058594],[110.521582,21.083105],[110.503906,20.967725],[110.280957,21.001172],[110.309863,21.074756],[110.385156,21.093164]]],[[[121.251367,28.086426],[121.131543,28.062598],[121.133984,28.135254],[121.205469,28.204395],[121.251367,28.086426]]],[[[113.555273,22.804199],[113.563672,22.75791],[113.404395,22.902832],[113.464941,22.904541],[113.555273,22.804199]]],[[[112.790234,21.601855],[112.712695,21.697949],[112.782031,21.772266],[112.862598,21.752637],[112.800684,21.694873],[112.790234,21.601855]]],[[[112.64375,21.639648],[112.525,21.623047],[112.647656,21.710254],[112.64375,21.639648]]],[[[107.972656,21.507959],[107.759277,21.655029],[107.351172,21.608887],[107.27207,21.710645],[107.061621,21.794189],[106.970996,21.923926],[106.729492,22.000342],[106.663574,21.978906],[106.654199,22.241455],[106.553613,22.341699],[106.550391,22.501367],[106.780273,22.778906],[106.541797,22.90835],[106.279004,22.857471],[106.148438,22.970068],[105.842969,22.922803],[105.548145,23.072656],[105.440137,23.235352],[105.275391,23.345215],[104.864746,23.136377],[104.795703,22.911133],[104.687305,22.822217],[104.526855,22.804102],[104.371777,22.704053],[104.29834,22.712012],[104.2125,22.809424],[104.143066,22.800146],[104.053906,22.752295],[103.941504,22.540088],[103.620215,22.782031],[103.492969,22.587988],[103.356055,22.754688],[103.300586,22.764404],[103.136328,22.542236],[102.981934,22.448242],[102.830078,22.587158],[102.470898,22.750928],[102.127441,22.379199],[102.024414,22.439209],[101.841797,22.388477],[101.759961,22.490332],[101.70752,22.486572],[101.524512,22.253662],[101.60293,21.989697],[101.736523,21.826514],[101.722949,21.314941],[101.802051,21.235986],[101.728125,21.156396],[101.542383,21.234277],[101.247852,21.197314],[101.175391,21.40752],[101.19668,21.52207],[101.138867,21.56748],[101.130859,21.735547],[101.079785,21.755859],[100.835156,21.655176],[100.60459,21.471777],[100.147656,21.480518],[100.089258,21.55791],[100.095508,21.660645],[99.940723,21.75874],[99.917676,22.028027],[99.233398,22.110156],[99.173438,22.15332],[99.243066,22.370361],[99.337695,22.498047],[99.385156,22.825098],[99.507129,22.959131],[99.418066,23.069238],[98.86377,23.19126],[98.882617,23.380322],[98.797852,23.52041],[98.832227,23.624365],[98.676758,23.905078],[98.835059,24.121191],[98.583398,24.069824],[98.499414,24.115674],[98.2125,24.110645],[98.016895,24.06543],[97.686035,23.898096],[97.564551,23.911035],[97.708203,24.22876],[97.666602,24.37998],[97.531445,24.491699],[97.529395,24.631201],[97.583301,24.774805],[97.737891,24.869873],[97.714941,25.034326],[97.819531,25.251855],[97.917969,25.236133],[98.010742,25.292529],[98.142871,25.571094],[98.333789,25.586768],[98.465527,25.788867],[98.65625,25.863574],[98.564063,26.072412],[98.685547,26.189355],[98.739355,26.698145],[98.651172,27.572461],[98.452539,27.657227],[98.350488,27.538086],[98.298828,27.550098],[98.098926,28.142285],[97.887598,28.356494],[97.769043,28.356152],[97.658887,28.5],[97.537891,28.510205],[97.322461,28.217969],[97.075391,28.368945],[96.980859,28.337695],[96.775781,28.367041],[96.602637,28.459912],[96.389063,28.36792],[96.281445,28.412061],[96.395605,28.606543],[96.580859,28.763672],[96.435742,29.050684],[96.137109,28.922607],[96.122363,29.08208],[96.355859,29.249072],[96.234961,29.245801],[96.035352,29.447168],[95.51582,29.206348],[95.516992,29.151172],[95.389258,29.037402],[94.769434,29.175879],[94.733398,29.251611],[94.623047,29.312402],[94.293262,29.144629],[94.111523,28.975879],[94.017676,28.959521],[93.973633,28.860791],[93.760742,28.729785],[93.251953,28.629492],[93.119238,28.402295],[92.652539,28.093359],[92.664355,27.948926],[92.414844,27.824609],[92.250488,27.841504],[91.977637,27.730371],[91.631934,27.759961],[91.641895,27.923242],[91.273047,28.078369],[91.020801,27.970068],[90.715723,28.071729],[90.352734,28.080225],[90.348242,28.243945],[90.104492,28.302051],[89.897852,28.294141],[89.480664,28.059961],[88.947559,27.464014],[88.891406,27.316064],[88.764844,27.429883],[88.749023,27.521875],[88.848828,27.868652],[88.803711,28.006934],[88.621094,28.091846],[88.141113,27.948926],[88.109766,27.870605],[87.860742,27.886084],[87.622559,27.815186],[87.141406,27.83833],[86.614453,28.103027],[86.554492,28.085205],[86.516895,27.963525],[86.408691,27.928662],[86.217969,28.02207],[86.137012,28.114355],[86.078711,28.083594],[86.06416,27.934717],[85.994531,27.9104],[85.67832,28.277441],[85.122461,28.315967],[85.088574,28.372266],[85.159082,28.592236],[84.796875,28.560205],[84.228711,28.911768],[84.101367,29.219971],[83.935938,29.279492],[83.583496,29.183594],[83.155469,29.612646],[82.854297,29.683398],[82.486523,29.941504],[82.220703,30.063867],[82.043359,30.326758],[81.641895,30.3875],[81.417188,30.337598],[81.255078,30.093311],[81.110352,30.036816],[80.985449,30.237109],[80.682129,30.414844],[80.191211,30.568408],[80.194336,30.759229],[80.149414,30.789844],[80.081445,30.781934],[79.794629,30.968262],[79.56543,30.949072],[79.388477,31.064209],[79.107129,31.402637],[79.04375,31.426221],[78.973926,31.328613],[78.757812,31.30249],[78.726758,31.471826],[78.80293,31.618066],[78.693457,31.740381],[78.735449,31.957959],[78.495898,32.215771],[78.389648,32.519873],[78.4125,32.557715],[78.700879,32.597021],[78.771289,32.468066],[78.918945,32.358203],[79.066992,32.388184],[79.127344,32.475781],[79.219336,32.501074],[79.202246,32.946045],[79.102832,33.052539],[79.135156,33.171924],[78.801855,33.499707],[78.72666,34.013379],[78.753027,34.087695],[78.970605,34.228223],[78.970117,34.302637],[78.670801,34.518164],[78.326953,34.606396],[78.282031,34.653906],[78.012207,35.251025],[78.042676,35.479785],[77.446484,35.475586],[77.090039,35.552051],[76.631836,35.729395],[76.563477,35.772998],[76.55127,35.887061],[76.177832,35.810547],[76.070898,35.983008],[75.912305,36.048975],[75.968652,36.168848],[75.974414,36.382422],[75.840234,36.649707],[75.667188,36.741992],[75.424219,36.738232],[75.34668,36.913477],[75.053906,36.987158],[74.889258,36.952441],[74.692188,37.035742],[74.541406,37.022168],[74.376172,37.137354],[74.72666,37.290723],[74.891309,37.231641],[75.11875,37.385693],[75.097461,37.45127],[74.894238,37.601416],[74.938281,37.77251],[74.775098,38.191895],[74.835938,38.404297],[74.74502,38.51001],[74.277441,38.659766],[74.131348,38.661182],[74.025586,38.539844],[73.80166,38.606885],[73.696094,38.854297],[73.805273,38.968652],[73.607324,39.229199],[73.631641,39.448877],[73.822949,39.488965],[73.907129,39.578516],[73.835352,39.800146],[73.991602,40.043115],[74.411914,40.137207],[74.679883,40.310596],[74.830469,40.328516],[74.80127,40.428516],[74.835156,40.482617],[75.111328,40.454102],[75.555566,40.625195],[75.677148,40.305811],[75.871973,40.303223],[76.258301,40.430762],[76.318555,40.352246],[76.480176,40.449512],[76.661133,40.779639],[76.907715,41.02417],[77.581738,40.992773],[78.123438,41.075635],[78.346289,41.281445],[78.362402,41.371631],[78.742578,41.560059],[79.293555,41.782812],[79.766113,41.898877],[79.84043,41.995752],[80.235156,42.043457],[80.209375,42.190039],[80.255078,42.27417],[80.165039,42.665527],[80.250293,42.797266],[80.538965,42.873486],[80.54375,42.911719],[80.383398,42.973779],[80.390234,43.043115],[80.616992,43.128271],[80.751172,43.10249],[80.785742,43.161572],[80.667773,43.310059],[80.703809,43.427051],[80.650781,43.56416],[80.355273,44.097266],[80.355078,44.552002],[80.381445,44.65542],[80.481543,44.714648],[80.255078,44.808105],[79.997168,44.797217],[79.871875,44.883789],[80.05918,45.006445],[80.634766,45.126514],[80.85332,45.129297],[81.691992,45.349365],[81.789648,45.226025],[81.944922,45.16084],[82.266602,45.219092],[82.521484,45.125488],[82.621094,45.293115],[82.611621,45.424268],[82.32666,45.519922],[82.315234,45.594922],[82.974902,46.966016],[83.029492,47.185937],[83.090332,47.209375],[84.016016,46.970508],[84.666602,46.972363],[84.786133,46.830713],[85.233496,47.036377],[85.484766,47.063525],[85.656641,47.254639],[85.525977,47.915625],[85.692187,48.311816],[85.829883,48.408057],[86.549414,48.528613],[86.717969,48.697168],[86.753125,49.008838],[86.885938,49.090576],[87.416699,49.076611],[87.814258,49.162305],[87.872168,49.000146],[87.743164,48.881641],[87.831836,48.79165],[88.060059,48.707178],[87.979688,48.555127],[88.51709,48.384473],[88.575977,48.220166],[89.047656,48.002539],[89.196289,47.980908],[89.479199,48.029053],[89.778125,47.827002],[90.02793,47.877686],[90.103223,47.74541],[90.313281,47.676172],[90.496191,47.285156],[90.715527,47.003857],[90.869922,46.954492],[91.028906,46.566064],[90.911523,46.270654],[91.001758,46.035791],[90.709668,45.730811],[90.661816,45.525244],[90.877246,45.196094],[91.05,45.217432],[91.584375,45.076514],[92.423828,45.008936],[92.787891,45.035742],[93.516211,44.944482],[93.656445,44.900977],[93.95791,44.674951],[94.199316,44.645166],[94.712012,44.35083],[95.049805,44.259424],[95.350293,44.278076],[95.325586,44.039355],[95.525586,43.953955],[95.841992,43.383691],[95.85957,43.275977],[96.299512,42.928711],[96.385449,42.720361],[97.205664,42.789795],[99.467871,42.568213],[99.983789,42.677344],[101.495313,42.53877],[101.659961,42.500049],[101.972949,42.215869],[102.156641,42.158105],[103.072852,42.005957],[103.711133,41.751318],[104.498242,41.877002],[104.498242,41.658691],[104.860352,41.64375],[104.982031,41.595508],[105.19707,41.738037],[106.77002,42.288721],[108.171191,42.447314],[109.339844,42.438379],[110.400391,42.773682],[111.007227,43.341406],[111.547363,43.496289],[111.771094,43.6646],[111.933203,43.711426],[111.931738,43.814941],[111.836914,43.934668],[111.602637,44.107129],[111.402246,44.367285],[111.621289,44.827148],[111.898047,45.064062],[112.411328,45.058203],[112.706738,44.883447],[113.587012,44.745703],[114.080273,44.971143],[114.419141,45.202588],[114.560156,45.38999],[115.162598,45.390234],[115.681055,45.458252],[116.197656,45.739355],[116.240625,45.795996],[116.212988,45.886914],[116.562598,46.289795],[116.859082,46.387939],[117.333398,46.362012],[117.438086,46.58623],[117.741211,46.518164],[118.071289,46.666602],[118.308691,46.717041],[118.722949,46.691895],[118.843945,46.760205],[119.331836,46.613818],[119.706641,46.606006],[119.867188,46.672168],[119.897852,46.857812],[119.711133,47.15],[119.162402,47.525195],[119.081934,47.65415],[118.759961,47.757617],[118.498438,47.983984],[118.14707,48.028906],[117.768359,47.987891],[117.350781,47.652197],[117.069727,47.806396],[116.760547,47.869775],[116.231152,47.858203],[115.898242,47.686914],[115.616406,47.874805],[115.557617,47.94502],[115.525098,48.130859],[115.785547,48.248242],[115.820508,48.577246],[116.025488,48.782275],[116.683301,49.823779],[117.245605,49.624854],[117.873438,49.513477],[118.451563,49.844482],[118.755957,49.962842],[119.259863,50.066406],[119.346289,50.278955],[119.301562,50.353906],[119.163672,50.406006],[119.445703,50.702832],[119.512305,50.863135],[119.745996,51.107715],[119.813184,51.267041],[120.066895,51.600684],[120.510547,51.848535],[120.681445,51.973047],[120.749805,52.096533],[120.744531,52.205469],[120.66543,52.299902],[120.650391,52.395898],[120.699219,52.493604],[120.656152,52.56665],[120.360059,52.627002],[120.172754,52.60249],[120.067578,52.63291],[120.044336,52.718213],[120.704102,53.171826],[120.985449,53.28457],[122.337793,53.48501],[122.51582,53.456982],[123.154102,53.54458],[123.607813,53.546533],[124.219922,53.370117],[124.465918,53.229639],[124.812305,53.133838],[125.075,53.203662],[125.649023,53.042285],[125.728125,52.890723],[125.871875,52.871533],[126.048145,52.739453],[126.016016,52.610205],[126.194434,52.519141],[126.341699,52.362012],[126.510547,51.92583],[126.700781,51.703027],[126.70918,51.566309],[126.805469,51.505664],[126.924805,51.100146],[127.307031,50.707959],[127.346875,50.621338],[127.306055,50.453516],[127.337207,50.350146],[127.590234,50.208984],[127.491797,49.975049],[127.550781,49.801807],[127.711133,49.671533],[127.999609,49.568604],[128.704004,49.600146],[128.769043,49.576953],[128.770313,49.494727],[128.819336,49.46377],[129.065137,49.374658],[129.498145,49.388818],[129.533691,49.323437],[129.671094,49.278516],[130.195996,48.89165],[130.553125,48.861182],[130.617188,48.773193],[130.552148,48.60249],[130.804297,48.341504],[130.712109,48.127637],[130.732617,48.019238],[130.848633,47.929443],[131.002734,47.691455],[131.319336,47.727832],[131.556738,47.682031],[132.47627,47.71499],[132.707227,47.947266],[133.144043,48.105664],[133.468359,48.097168],[133.842188,48.27373],[134.293359,48.373437],[134.563574,48.321729],[134.665234,48.253906],[134.669336,48.15332],[134.566016,48.02251],[134.752344,47.71543],[134.541895,47.485156],[134.29082,47.413574],[134.167676,47.302197],[134.202148,47.128076],[134.071387,46.950781],[134.022656,46.713184],[133.866602,46.499121],[133.902734,46.366943],[133.861328,46.247754],[133.700684,46.139746],[133.647852,45.955225],[133.513086,45.878809],[133.436426,45.604687],[133.186035,45.494824],[133.113379,45.321436],[133.113477,45.130713],[132.936035,45.029932],[131.977539,45.243994],[131.851855,45.326855],[131.654004,45.205371],[131.446875,44.984033],[131.082324,44.91001],[130.981641,44.844336],[131.255273,44.071582],[131.174219,43.704736],[131.182422,43.505566],[131.243945,43.469043],[131.257324,43.378076],[131.175586,43.142187],[131.086133,43.038086],[131.068555,42.902246],[130.577246,42.811621],[130.424805,42.727051],[130.576563,42.623242],[130.584473,42.567334],[130.526953,42.5354],[130.24668,42.744824],[130.240332,42.891797],[130.082617,42.97417],[129.898242,42.998145],[129.779199,42.776562],[129.697852,42.448145],[129.52373,42.384668],[129.423633,42.435889],[129.313672,42.413574],[129.195508,42.218457],[128.923438,42.038232],[128.045215,41.9875],[128.03291,41.898486],[128.289258,41.607422],[128.149414,41.387744],[128.013086,41.448682],[127.687695,41.43999],[127.179688,41.531348],[126.954785,41.769482],[126.721582,41.716553],[126.60127,41.640967],[126.49043,41.358057],[125.989062,40.904639],[125.72832,40.866699],[125.416895,40.659912],[125.072949,40.547461],[124.996875,40.464746],[124.889355,40.459814],[124.386621,40.104248],[124.362109,40.004053],[124.26748,39.92417],[124.105762,39.841016],[123.760156,39.822412],[123.650879,39.881592],[123.580664,39.786133],[123.348145,39.762939],[123.226562,39.686621],[122.840039,39.60083],[122.334863,39.366113],[121.982324,39.053174],[121.864355,38.996484],[121.677246,39.003418],[121.632812,38.954834],[121.649902,38.865088],[121.320117,38.808203],[121.163574,38.731641],[121.106738,38.920801],[121.679883,39.108691],[121.627637,39.220166],[121.818457,39.386523],[121.275488,39.384766],[121.26748,39.544678],[121.517578,39.638965],[121.474219,39.754883],[121.517383,39.844824],[121.800977,39.950537],[122.190918,40.358252],[122.263867,40.500195],[122.275,40.541846],[122.14043,40.688184],[121.858789,40.84209],[121.834863,40.974268],[121.729297,40.846143],[121.174512,40.90127],[120.770703,40.589062],[120.479102,40.230957],[119.591113,39.902637],[119.391113,39.75249],[119.261328,39.560889],[119.224609,39.408057],[118.976953,39.182568],[118.626367,39.176855],[118.297852,39.06709],[118.040918,39.226758],[117.784668,39.134473],[117.553809,38.691455],[117.656055,38.424219],[117.766699,38.31167],[118.014941,38.183398],[118.543262,38.094922],[118.8,38.12666],[118.940039,38.042773],[119.08916,37.700732],[118.99082,37.641357],[118.952637,37.331152],[119.111816,37.201172],[119.287402,37.138281],[119.760547,37.155078],[119.8875,37.253369],[119.88291,37.35083],[120.311523,37.622705],[120.257227,37.679004],[120.75,37.833936],[121.049023,37.725195],[121.219531,37.600146],[121.388086,37.578955],[121.640234,37.460352],[121.964844,37.445312],[122.056641,37.528906],[122.337695,37.405273],[122.666992,37.402832],[122.57334,37.31792],[122.587305,37.181104],[122.44668,37.068115],[122.523438,37.002637],[122.519727,36.946826],[122.340918,36.832227],[122.242285,36.849854],[122.162402,36.958643],[121.932715,36.959473],[121.053809,36.611377],[120.81084,36.632812],[120.895801,36.444141],[120.776172,36.456299],[120.711523,36.413281],[120.680957,36.168359],[120.637891,36.129932],[120.393066,36.053857],[120.330273,36.110107],[120.327734,36.228174],[120.183301,36.202441],[120.094141,36.118896],[120.181445,36.01748],[120.284766,35.984424],[120.054688,35.861133],[119.978711,35.740234],[119.719727,35.588721],[119.429688,35.301416],[119.352832,35.113818],[119.21582,35.011768],[119.165332,34.848828],[119.200977,34.748437],[119.351367,34.749414],[119.58291,34.582227],[119.963672,34.447803],[120.266699,34.274023],[120.504785,33.638184],[120.871094,33.016504],[120.897363,32.843213],[120.853223,32.661377],[121.341699,32.425049],[121.400977,32.371924],[121.403906,32.20625],[121.450781,32.15332],[121.674219,32.051025],[121.832422,31.899756],[121.866309,31.703564],[121.763574,31.699512],[121.351953,31.858789],[120.973535,31.869385],[120.791699,32.031738],[120.520117,32.105859],[120.035937,31.936279],[120.191602,31.906348],[120.497168,32.019824],[120.715527,31.98374],[120.787793,31.819775],[121.055371,31.719434],[121.350977,31.485352],[121.660645,31.319727],[121.834473,31.061621],[121.87793,30.916992],[121.418945,30.789795],[120.997656,30.558252],[120.897461,30.392627],[120.821484,30.354639],[120.449805,30.387842],[120.194629,30.241309],[120.494531,30.303076],[120.633398,30.133154],[120.904492,30.160645],[121.159375,30.301758],[121.258008,30.304102],[121.432715,30.22666],[121.67793,29.979102],[122.08291,29.870361],[121.50625,29.48457],[121.69043,29.510986],[121.887988,29.627783],[121.941211,29.605908],[121.968359,29.490625],[121.917773,29.13501],[121.853516,29.128906],[121.71748,29.256348],[121.533691,29.236719],[121.447656,29.131348],[121.664941,29.010596],[121.679688,28.953125],[121.641016,28.915918],[121.540039,28.931885],[121.6625,28.851416],[121.630078,28.76792],[121.475195,28.641406],[121.609961,28.292139],[121.509961,28.324268],[121.272266,28.222119],[121.216797,28.346191],[121.145703,28.32666],[120.958594,28.037012],[120.747656,28.009961],[120.833008,27.891455],[120.5875,27.580762],[120.60752,27.412402],[120.38457,27.155518],[120.278711,27.09707],[120.042969,26.633838],[119.967773,26.586377],[119.882227,26.610449],[119.824219,26.846387],[119.710449,26.728662],[119.588184,26.784961],[119.638184,26.621191],[119.784766,26.546631],[119.881055,26.33418],[119.463086,26.054688],[119.139453,26.121777],[119.332031,25.94873],[119.61875,26.003564],[119.648242,25.918701],[119.539453,25.59126],[119.622461,25.391162],[119.592773,25.368018],[119.421777,25.459619],[119.180078,25.449805],[119.169336,25.355713],[119.285547,25.232227],[118.977539,25.209277],[118.914453,25.126807],[118.955664,25.004785],[118.909082,24.928906],[118.636914,24.835547],[118.719141,24.746143],[118.657031,24.621436],[118.295313,24.572754],[118.087109,24.627002],[118.013867,24.559912],[118.005957,24.481982],[117.842676,24.474316],[117.879004,24.395898],[118.024219,24.379639],[118.056055,24.246094],[117.839453,24.012305],[117.741699,24.014795],[117.628223,23.836719],[117.466406,23.840576],[117.433105,23.791699],[117.462207,23.73623],[117.367676,23.588623],[117.330762,23.708789],[117.29082,23.714355],[117.08252,23.57876],[116.910645,23.64668],[116.860938,23.453076],[116.629395,23.353857],[116.698828,23.277783],[116.538281,23.179688],[116.519824,23.006592],[116.470703,22.945898],[116.251855,22.981348],[116.157422,22.887451],[115.852148,22.801563],[115.64043,22.853418],[115.561133,22.824707],[115.49834,22.718848],[115.38252,22.718848],[115.195801,22.817285],[114.853809,22.616797],[114.750391,22.626318],[114.711133,22.738721],[114.65166,22.755273],[114.544434,22.620605],[114.554199,22.528906],[114.340625,22.593213],[114.266016,22.540967],[114.122852,22.56499],[114.01543,22.511914],[113.82832,22.607227],[113.619629,22.861426],[113.586328,23.02002],[113.620508,23.12749],[113.519727,23.1021],[113.445312,23.055078],[113.441895,22.940576],[113.331055,22.912012],[113.553027,22.594043],[113.588867,22.350488],[113.549121,22.225195],[113.494141,22.241553],[113.266406,22.08877],[113.149023,22.075],[113.08877,22.207959],[113.008203,22.119336],[112.953906,21.907324],[112.903809,21.881445],[112.808594,21.944629],[112.586328,21.776855],[112.421289,21.880615],[112.429297,21.958105],[112.359668,21.978027],[112.389746,21.801221],[112.30498,21.741699],[111.943945,21.849658],[111.873438,21.717139],[111.775977,21.719238],[111.602734,21.559082],[111.319141,21.486133],[111.016895,21.511719],[110.996777,21.430273],[110.771094,21.386523],[110.567187,21.214062],[110.458008,21.230566],[110.410937,21.338135],[110.374609,21.172363],[110.193555,21.037646],[110.154004,20.944629],[110.180371,20.858594],[110.36543,20.837598],[110.388477,20.790527],[110.313086,20.67168],[110.511523,20.518262],[110.449512,20.35542],[110.344727,20.294824],[110.123145,20.263721],[109.938477,20.295117],[109.88252,20.364063],[109.88584,20.413135],[109.983887,20.403271],[109.968359,20.448145],[109.861035,20.514307],[109.791992,20.621875],[109.805273,20.711475],[109.662598,20.916895],[109.68125,21.131641],[109.77959,21.337451],[109.921094,21.376465],[109.930762,21.480566],[109.82959,21.483594],[109.759375,21.560059],[109.686914,21.524609],[109.566406,21.690576],[109.521484,21.693408],[109.544043,21.537939],[109.148633,21.425537],[109.081543,21.440283],[109.133496,21.543604],[109.101758,21.590479],[108.77168,21.630469],[108.61582,21.770459],[108.59375,21.901025],[108.479883,21.904639],[108.502148,21.633447],[108.444336,21.607324],[108.324805,21.693506],[108.246289,21.558398],[107.972656,21.507959]]],[[[110.88877,19.991943],[110.970703,19.883301],[111.013672,19.655469],[110.822266,19.55791],[110.640918,19.291211],[110.45127,18.747949],[110.048535,18.505225],[110.067383,18.447559],[109.815625,18.39668],[109.702734,18.259131],[109.519336,18.218262],[109.029883,18.367773],[108.701563,18.535254],[108.635645,18.907715],[108.665527,19.304102],[109.27666,19.761133],[109.177441,19.768457],[109.263477,19.882666],[109.513672,19.904248],[109.651367,19.984375],[110.083008,19.99292],[110.171582,20.053711],[110.343945,20.038818],[110.392285,19.975586],[110.393555,20.059229],[110.588184,19.976367],[110.59834,20.097607],[110.651758,20.137744],[110.88877,19.991943]]]]}},{"type":"Feature","properties":{"sigla":"KHM","nome":"Camboja"},"geometry":{"type":"MultiPolygon","coordinates":[[[[103.045117,11.285059],[102.993359,11.29043],[103.036816,11.389941],[103.045117,11.285059]]],[[[103.317773,10.718506],[103.28125,10.679688],[103.223437,10.781982],[103.317773,10.718506]]],[[[107.519434,14.705078],[107.493164,14.545752],[107.364453,14.368701],[107.331445,14.126611],[107.605469,13.437793],[107.475391,13.030371],[107.543555,12.705908],[107.538086,12.431787],[107.393359,12.260498],[107.330078,12.319043],[107.212109,12.304004],[106.930664,12.07749],[106.764648,12.052344],[106.700098,11.979297],[106.413867,11.948437],[106.399219,11.687012],[106.006055,11.758008],[105.926562,11.65293],[105.851465,11.63501],[105.856055,11.294287],[106.160937,11.037109],[106.131543,10.921973],[106.163965,10.794922],[105.938184,10.885156],[105.85332,10.863574],[105.755078,10.98999],[105.405762,10.951611],[105.314648,10.845166],[105.045703,10.911377],[105.046387,10.70166],[104.850586,10.534473],[104.564258,10.515967],[104.426367,10.41123],[104.262402,10.54126],[103.937109,10.586621],[103.870508,10.655127],[103.840527,10.580566],[103.661914,10.508936],[103.587109,10.552197],[103.532227,10.604639],[103.54043,10.668701],[103.680859,10.758594],[103.721875,10.890137],[103.654297,11.058691],[103.532422,11.14668],[103.353613,10.921582],[103.152832,10.913721],[103.091113,11.211084],[103.125488,11.460645],[103.010547,11.588672],[103.004199,11.710596],[102.948633,11.773486],[102.918066,11.73208],[102.736621,12.089795],[102.70625,12.255664],[102.755664,12.42627],[102.499609,12.669971],[102.461719,13.015039],[102.330762,13.288232],[102.319727,13.53999],[102.546875,13.585693],[102.544727,13.659961],[103.031055,14.252539],[103.546387,14.417432],[103.981836,14.35791],[104.779004,14.427832],[104.969727,14.366113],[105.033691,14.227393],[105.183301,14.34624],[105.245703,14.200537],[105.350195,14.10957],[105.531543,14.156152],[105.739746,14.084961],[105.904492,13.924512],[106.066797,13.921191],[106.124707,14.049121],[105.978906,14.343018],[106.165234,14.372363],[106.225391,14.476221],[106.35498,14.454785],[106.501465,14.578223],[106.783496,14.335107],[106.938086,14.327344],[107.030176,14.425684],[107.109375,14.416699],[107.292676,14.592383],[107.414746,14.562891],[107.519434,14.705078]]]]}},{"type":"Feature","properties":{"sigla":"MMR","nome":"Myanmar"},"geometry":{"type":"MultiPolygon","coordinates":[[[[100.122461,20.31665],[99.890332,20.424414],[99.720117,20.325439],[99.458887,20.363037],[99.485938,20.149854],[99.337891,20.078906],[99.074219,20.099365],[98.916699,19.7729],[98.371289,19.68916],[98.015039,19.749512],[97.991211,19.653711],[97.816797,19.459961],[97.803906,19.130469],[97.706055,18.931787],[97.745898,18.588184],[97.515137,18.497754],[97.373926,18.517969],[97.450781,18.359668],[97.523828,18.295898],[97.632227,18.290332],[97.739941,17.935303],[97.706445,17.797119],[98.438867,16.975684],[98.478125,16.732227],[98.660742,16.33042],[98.689258,16.30542],[98.835449,16.417578],[98.888281,16.351904],[98.817969,16.180811],[98.592383,16.050684],[98.556934,15.367676],[98.452148,15.357373],[98.191016,15.204102],[98.202148,14.975928],[98.245996,14.814746],[98.57002,14.359912],[98.933594,14.049854],[99.136816,13.716699],[99.176172,13.233057],[99.107422,13.103516],[99.123926,13.030762],[99.219824,12.739746],[99.405078,12.5479],[99.462891,12.190234],[99.614746,11.781201],[99.190137,11.105273],[98.757227,10.660937],[98.768359,10.430859],[98.702539,10.190381],[98.562598,10.034961],[98.496875,10.18252],[98.523047,10.353125],[98.464941,10.67583],[98.675586,10.986914],[98.682617,11.133105],[98.744727,11.240381],[98.741406,11.591699],[98.875977,11.719727],[98.804785,11.779248],[98.693652,11.718359],[98.636328,11.738379],[98.696289,12.225244],[98.600293,12.245312],[98.678711,12.348486],[98.624414,12.440723],[98.663184,12.662402],[98.575977,13.161914],[98.24541,13.733496],[98.200391,13.980176],[98.149512,13.647607],[98.110645,13.712891],[98.072656,13.986475],[98.100195,14.161523],[97.998438,14.335303],[97.909766,14.652686],[97.929297,14.695557],[98.01875,14.652588],[97.936523,14.763916],[97.869141,14.738721],[97.812305,14.858936],[97.710352,15.875537],[97.584277,16.01958],[97.633691,16.457666],[97.725977,16.568555],[97.375879,16.522949],[97.211719,16.892578],[97.200195,17.09541],[96.851465,17.401025],[96.909766,17.304834],[96.850879,17.20293],[96.908594,17.030957],[96.76543,16.710352],[96.622461,16.563916],[96.431152,16.504932],[96.282227,16.595996],[96.248926,16.765332],[96.189063,16.768311],[96.236719,16.567432],[96.324316,16.444434],[96.042871,16.339941],[96.012305,16.253711],[95.763281,16.169043],[95.679492,15.976758],[95.389551,15.722754],[95.301465,15.756152],[95.364746,15.985449],[95.346777,16.097607],[95.176953,15.825684],[94.942578,15.818262],[94.893164,16.182812],[94.798145,15.971094],[94.661523,15.904395],[94.70332,16.511914],[94.665234,16.336133],[94.441602,16.094385],[94.299023,16.007617],[94.223828,16.016455],[94.271289,16.517285],[94.353418,16.639941],[94.473145,17.135449],[94.564453,17.308545],[94.588965,17.569336],[94.430762,18.20166],[94.170703,18.732422],[94.245703,18.741162],[94.07002,18.893408],[94.044922,19.287402],[93.941016,19.146094],[93.968066,18.995068],[93.929199,18.899658],[93.705469,19.026904],[93.493066,19.369482],[93.578613,19.401172],[93.728027,19.266504],[93.824902,19.238477],[93.962012,19.329346],[93.998145,19.440869],[93.839551,19.534131],[93.739551,19.697266],[93.611719,19.776074],[93.707031,19.912158],[93.581836,19.90957],[93.40957,20.03833],[93.25,20.070117],[93.156641,20.040771],[93.199023,19.89834],[93.190625,19.851221],[93.129492,19.858008],[93.001953,20.074854],[93.095508,20.181348],[93.015137,20.185254],[93.066797,20.377637],[93.035352,20.406152],[92.882129,20.152148],[92.791211,20.211426],[92.891113,20.340332],[92.850684,20.414844],[92.708984,20.563965],[92.722852,20.295605],[92.37832,20.717578],[92.17959,21.293115],[92.330566,21.439795],[92.599805,21.270166],[92.631641,21.306201],[92.574902,21.978076],[92.688965,22.130957],[92.854297,22.010156],[92.964551,22.00376],[93.042969,22.183984],[93.151172,22.230615],[93.078711,22.718213],[93.1625,22.907959],[93.16416,23.032031],[93.308008,23.030371],[93.349414,23.084961],[93.391309,23.33916],[93.414941,23.68208],[93.32627,24.064209],[93.49375,23.972852],[93.683398,24.006543],[94.127637,23.876465],[94.293066,24.321875],[94.584082,24.767236],[94.707617,25.04873],[94.675293,25.138574],[94.553027,25.215723],[94.579883,25.319824],[94.667773,25.458887],[94.78584,25.519336],[94.945703,25.700244],[95.015234,25.912939],[95.132422,26.04126],[95.050879,26.347266],[95.128711,26.597266],[95.463867,26.756055],[95.905273,27.046631],[96.061426,27.21709],[96.19082,27.261279],[96.731641,27.331494],[96.953418,27.133301],[97.102051,27.11543],[96.901953,27.4396],[96.876855,27.586719],[96.962793,27.698291],[97.335156,27.937744],[97.322461,28.217969],[97.537891,28.510205],[97.658887,28.5],[97.769043,28.356152],[97.887598,28.356494],[98.098926,28.142285],[98.298828,27.550098],[98.350488,27.538086],[98.452539,27.657227],[98.651172,27.572461],[98.739355,26.698145],[98.685547,26.189355],[98.564063,26.072412],[98.65625,25.863574],[98.465527,25.788867],[98.333789,25.586768],[98.142871,25.571094],[98.010742,25.292529],[97.917969,25.236133],[97.819531,25.251855],[97.714941,25.034326],[97.737891,24.869873],[97.583301,24.774805],[97.531445,24.491699],[97.666602,24.37998],[97.708203,24.22876],[97.564551,23.911035],[97.686035,23.898096],[98.016895,24.06543],[98.2125,24.110645],[98.499414,24.115674],[98.583398,24.069824],[98.835059,24.121191],[98.676758,23.905078],[98.832227,23.624365],[98.797852,23.52041],[98.882617,23.380322],[98.86377,23.19126],[99.418066,23.069238],[99.507129,22.959131],[99.385156,22.825098],[99.337695,22.498047],[99.205371,22.282568],[99.192969,22.125977],[99.917676,22.028027],[99.940723,21.75874],[100.095508,21.660645],[100.116797,21.511182],[100.214746,21.462988],[100.350586,21.501025],[100.60459,21.471777],[100.835156,21.655176],[101.079785,21.755859],[101.130859,21.735547],[101.147266,21.581641],[101.080371,21.468652],[100.756641,21.312646],[100.536133,20.992383],[100.522266,20.921924],[100.622949,20.85957],[100.326074,20.795703],[100.249316,20.730273],[100.122461,20.31665]]],[[[98.209766,10.952734],[98.293457,10.779687],[98.271484,10.739893],[98.155371,10.897949],[98.080469,10.886621],[98.167285,10.980322],[98.209766,10.952734]]],[[[98.182617,9.933447],[98.118066,9.877881],[98.140234,9.974658],[98.291699,10.051318],[98.182617,9.933447]]],[[[98.22168,11.478223],[98.187305,11.472412],[98.201074,11.567187],[98.299609,11.783008],[98.283789,11.594092],[98.22168,11.478223]]],[[[98.516016,11.905029],[98.474316,11.899414],[98.466211,12.084277],[98.60957,11.956641],[98.516016,11.905029]]],[[[98.553809,11.744873],[98.528418,11.538672],[98.434766,11.56709],[98.376465,11.791504],[98.523535,11.804932],[98.553809,11.744873]]],[[[98.413965,12.597949],[98.468262,12.571338],[98.459473,12.47373],[98.380859,12.353662],[98.313867,12.335986],[98.312109,12.678174],[98.413965,12.597949]]],[[[98.136719,12.150439],[98.037305,12.232471],[98.071387,12.291797],[98.122461,12.278711],[98.136719,12.150439]]],[[[94.476758,15.945947],[94.411914,15.848389],[94.387891,15.994141],[94.60127,16.205518],[94.566113,16.019287],[94.476758,15.945947]]],[[[97.575,16.253223],[97.480371,16.305713],[97.469141,16.461035],[97.541992,16.505078],[97.599609,16.429541],[97.575,16.253223]]],[[[93.69082,18.684277],[93.4875,18.867529],[93.744727,18.865527],[93.69082,18.684277]]],[[[93.491797,19.892578],[93.513281,19.754785],[93.444629,19.806445],[93.412891,19.950342],[93.491797,19.892578]]],[[[93.714844,19.558252],[93.945703,19.428613],[93.901953,19.332031],[93.755859,19.325684],[93.732324,19.416309],[93.644043,19.495068],[93.714844,19.558252]]],[[[98.541699,10.961523],[98.477441,10.979736],[98.526563,11.086963],[98.541699,10.961523]]],[[[98.075488,11.692383],[98.083594,11.636816],[98.021094,11.695898],[98.010352,11.860254],[98.075488,11.692383]]],[[[98.066113,12.389795],[98.002344,12.279004],[97.938672,12.346094],[98.066113,12.389795]]],[[[98.31543,13.099072],[98.30918,12.934717],[98.259277,13.014014],[98.265332,13.202246],[98.31543,13.099072]]],[[[94.804883,15.819336],[94.733496,15.823047],[94.828027,15.933008],[94.804883,15.819336]]],[[[93.010156,19.923926],[93.023242,19.828857],[92.912695,19.999805],[92.914648,20.086475],[93.010156,19.923926]]]]}},{"type":"Feature","properties":{"sigla":"BRN","nome":"Brunei"},"geometry":{"type":"MultiPolygon","coordinates":[[[[115.140039,4.899756],[115.266699,4.633984],[115.326758,4.380762],[115.290625,4.352588],[115.107031,4.39043],[115.051562,4.582666],[115.026758,4.899707],[115.140039,4.899756]]],[[[115.026758,4.899707],[114.74668,4.718066],[114.840234,4.393213],[114.776172,4.168799],[114.654102,4.037646],[114.571777,4.049072],[114.416602,4.255859],[114.322949,4.262793],[114.224121,4.477881],[114.063867,4.592676],[114.424414,4.6604],[114.99541,5.022363],[115.047656,5.016357],[115.026758,4.899707]]]]}},{"type":"Feature","properties":{"sigla":"BTN","nome":"Butão"},"geometry":{"type":"Polygon","coordinates":[[[91.631934,27.759961],[91.594727,27.557666],[91.743066,27.442529],[91.99082,27.450195],[92.083398,27.290625],[91.992285,27.099902],[92.068164,26.975195],[92.049707,26.874854],[91.671582,26.802002],[91.517578,26.807324],[91.426758,26.86709],[91.286523,26.789941],[90.739648,26.77168],[90.345898,26.890332],[90.206055,26.84751],[90.122949,26.75459],[89.763867,26.701563],[89.609961,26.719434],[89.586133,26.778955],[89.332129,26.848633],[89.148242,26.816162],[89.040918,26.865039],[88.857617,26.961475],[88.835156,27.065576],[88.73877,27.175586],[88.881641,27.297461],[88.947559,27.464014],[89.480664,28.059961],[89.981055,28.311182],[90.348242,28.243945],[90.352734,28.080225],[90.715723,28.071729],[91.020801,27.970068],[91.273047,28.078369],[91.641895,27.923242],[91.631934,27.759961]]]}},{"type":"Feature","properties":{"sigla":"BGD","nome":"Bangladesh"},"geometry":{"type":"MultiPolygon","coordinates":[[[[89.051465,22.093164],[89.05,22.274609],[88.920703,22.632031],[88.850586,23.040527],[88.928125,23.186621],[88.724414,23.25498],[88.74082,23.436621],[88.567383,23.674414],[88.699805,24.002539],[88.723535,24.274902],[88.396973,24.389258],[88.287109,24.479736],[88.145508,24.485791],[88.023438,24.627832],[88.149805,24.914648],[88.313379,24.881836],[88.45625,25.188428],[88.817285,25.176221],[88.95166,25.259277],[88.820312,25.365527],[88.769141,25.490479],[88.502441,25.537012],[88.363086,25.698193],[88.08457,25.888232],[88.150781,26.087158],[88.44043,26.369482],[88.436719,26.437109],[88.345898,26.504785],[88.418164,26.571533],[88.620117,26.430664],[88.682813,26.291699],[88.828027,26.252197],[88.97041,26.250879],[88.924121,26.375098],[89.018652,26.410254],[89.186426,26.105957],[89.369727,26.006104],[89.549902,26.005273],[89.585742,26.186035],[89.670898,26.213818],[89.822949,25.941406],[89.796289,25.37583],[89.833301,25.292773],[90.439355,25.157715],[92.049707,25.169482],[92.373438,25.015137],[92.485449,24.90332],[92.443164,24.849414],[92.22832,24.881348],[92.101953,24.408057],[91.95166,24.356738],[91.876953,24.195312],[91.726562,24.205078],[91.526367,24.090771],[91.36709,24.093506],[91.232031,23.920459],[91.160449,23.660645],[91.315234,23.104395],[91.368652,23.074561],[91.370605,23.197998],[91.43623,23.199902],[91.51123,23.033691],[91.619531,22.979688],[91.750977,23.053516],[91.754199,23.287305],[91.937891,23.504688],[91.92959,23.685986],[92.152344,23.721875],[92.246094,23.683594],[92.33418,23.323828],[92.361621,22.929004],[92.491406,22.6854],[92.631641,21.306201],[92.568555,21.26333],[92.330566,21.439795],[92.208203,21.357861],[92.191992,21.202246],[92.324121,20.791846],[92.056055,21.174805],[92.008008,21.684766],[91.824805,22.228662],[91.863379,22.350488],[91.79707,22.297461],[91.529688,22.707666],[91.480078,22.884814],[91.216211,22.642236],[90.945605,22.597021],[90.65625,23.025488],[90.604004,23.591357],[90.555664,23.421533],[90.269141,23.455859],[90.391504,23.366943],[90.522754,23.346143],[90.590918,23.266406],[90.595117,23.133936],[90.466016,23.053906],[90.552246,22.904883],[90.461621,22.881787],[90.435059,22.751904],[90.616113,22.362158],[90.589453,22.258447],[90.355762,22.048242],[90.230566,21.829785],[90.158789,21.816846],[90.071191,21.887256],[90.087891,22.01748],[90.20957,22.156592],[89.954199,22.022852],[89.918066,22.116162],[89.893848,22.308398],[89.985156,22.466406],[89.881836,22.387598],[89.811914,21.983496],[89.568555,21.767432],[89.483203,22.275537],[89.500586,21.914355],[89.353711,21.721094],[89.234277,21.722363],[89.093945,21.872754],[89.051465,22.093164]]],[[[91.150781,22.175195],[91.044727,22.105176],[91.079492,22.519727],[91.178223,22.283008],[91.150781,22.175195]]],[[[91.556738,22.382227],[91.466895,22.378418],[91.411328,22.475684],[91.456055,22.616504],[91.556738,22.382227]]],[[[90.777637,22.089307],[90.515039,22.065137],[90.680469,22.32749],[90.649219,22.540674],[90.564941,22.617627],[90.50293,22.835352],[90.596484,22.863525],[90.672266,22.813184],[90.736914,22.638721],[90.868164,22.484863],[90.829883,22.159961],[90.777637,22.089307]]],[[[91.873828,21.832129],[91.837598,21.750244],[91.850684,21.927051],[91.873828,21.832129]]],[[[91.949219,21.508057],[91.859473,21.532959],[91.857031,21.708789],[91.933984,21.722168],[91.949219,21.508057]]],[[[90.641797,22.962988],[90.65957,22.92002],[90.536328,23.014893],[90.579883,23.035449],[90.641797,22.962988]]]]}},{"type":"Feature","properties":{"sigla":"BHR","nome":"Bahrein"},"geometry":{"type":"Polygon","coordinates":[[[50.607227,25.883105],[50.574902,25.806787],[50.465918,25.965527],[50.469922,26.228955],[50.585938,26.240723],[50.557813,26.198291],[50.609766,26.124463],[50.607227,25.883105]]]}},{"type":"Feature","properties":{"sigla":"AZE","nome":"Azerbaijão"},"geometry":{"type":"MultiPolygon","coordinates":[[[[44.817188,39.650439],[44.768262,39.703516],[45.031641,39.765137],[45.124609,39.696338],[45.172559,39.570605],[45.252539,39.595459],[45.456836,39.494482],[45.687402,39.564062],[45.784473,39.545605],[45.766309,39.378467],[45.977441,39.243896],[45.951855,39.178125],[46.114453,38.877783],[45.479688,39.00625],[45.141211,39.254297],[44.817188,39.650439]]],[[[48.86875,38.435498],[48.592676,38.411084],[48.417383,38.58623],[48.305566,38.613477],[47.996484,38.85376],[48.050098,38.93501],[48.29209,39.018848],[48.274121,39.099121],[48.125488,39.171631],[48.104395,39.241113],[48.136035,39.312354],[48.322168,39.399072],[47.995898,39.683936],[47.772852,39.648584],[47.476172,39.49834],[46.988867,39.180176],[46.852539,39.148438],[46.554785,38.904395],[46.490625,38.906689],[46.489844,39.069434],[46.400293,39.192187],[46.584766,39.223682],[46.365234,39.40249],[46.478125,39.475098],[46.481445,39.555176],[46.32168,39.617432],[46.202051,39.594482],[45.579785,39.977539],[45.885938,40.024854],[45.964648,40.233789],[45.569531,40.416846],[45.454395,40.532373],[45.378906,40.673584],[45.5875,40.846924],[45.419141,40.985693],[45.070508,41.075586],[45.188574,41.147412],[45.001367,41.290967],[45.280957,41.449561],[45.715625,41.337646],[45.725488,41.261621],[45.921973,41.186719],[46.170703,41.197852],[46.430957,41.077051],[46.534375,41.088574],[46.626367,41.159668],[46.672559,41.286816],[46.305469,41.507715],[46.182129,41.65708],[46.201855,41.736865],[46.302539,41.75708],[46.429883,41.890967],[46.537695,41.87041],[46.571289,41.800098],[46.749316,41.812598],[47.142578,41.516064],[47.317676,41.282422],[47.791016,41.199268],[47.861133,41.212744],[48.056055,41.458691],[48.391406,41.601904],[48.572852,41.844482],[48.664648,41.786621],[49.050879,41.373975],[49.226465,41.026221],[49.456738,40.799854],[49.775977,40.583984],[49.990625,40.576807],[50.18252,40.504785],[50.306836,40.412207],[50.365918,40.279492],[49.918848,40.316406],[49.551172,40.194141],[49.477344,40.087256],[49.324414,39.60835],[49.362793,39.349561],[49.269336,39.285156],[49.165332,39.030273],[49.120996,39.003906],[49.111328,39.084717],[49.013477,39.133984],[48.854492,38.838818],[48.86875,38.435498]],[[45.552344,40.616064],[45.53418,40.664014],[45.478809,40.64834],[45.478809,40.606982],[45.552344,40.616064]]],[[[45.023633,41.027246],[44.969043,41.027246],[44.961426,41.079248],[45.021094,41.077979],[45.023633,41.027246]]]]}},{"type":"Feature","properties":{"sigla":"ARM","nome":"Armênia"},"geometry":{"type":"MultiPolygon","coordinates":[[[[44.768262,39.703516],[44.560449,39.887598],[44.289258,40.040381],[44.005371,40.014111],[43.666211,40.126367],[43.709863,40.166504],[43.569336,40.482373],[43.667871,40.574072],[43.722656,40.719531],[43.631641,40.929004],[43.439453,41.107129],[44.227344,41.21333],[44.841406,41.211377],[44.811328,41.259375],[45.001367,41.290967],[45.188574,41.147412],[45.070508,41.075586],[45.419141,40.985693],[45.5875,40.846924],[45.378906,40.673584],[45.454395,40.532373],[45.569531,40.416846],[45.964648,40.233789],[45.885938,40.024854],[45.579785,39.977539],[46.202051,39.594482],[46.32168,39.617432],[46.481445,39.555176],[46.478125,39.475098],[46.365234,39.40249],[46.584766,39.223682],[46.400293,39.192187],[46.489844,39.069434],[46.490625,38.906689],[46.114453,38.877783],[45.951855,39.178125],[45.977441,39.243896],[45.766309,39.378467],[45.796484,39.488135],[45.750488,39.562939],[45.456836,39.494482],[45.252539,39.595459],[45.152832,39.582666],[45.124609,39.696338],[45.031641,39.765137],[44.768262,39.703516]],[[45.023633,41.027246],[45.021094,41.077979],[44.961426,41.079248],[44.969043,41.027246],[45.023633,41.027246]]],[[[45.552344,40.616064],[45.478809,40.606982],[45.478809,40.64834],[45.53418,40.664014],[45.552344,40.616064]]]]}},{"type":"Feature","properties":{"sigla":"AFG","nome":"Afeganistão"},"geometry":{"type":"Polygon","coordinates":[[[66.522266,37.348486],[66.827734,37.371289],[67.068848,37.334814],[67.195508,37.235205],[67.319727,37.20957],[67.517285,37.26665],[67.7,37.227246],[67.834473,37.064209],[68.067773,36.949805],[68.260938,37.013086],[68.386914,37.1375],[68.911816,37.333936],[69.303906,37.116943],[69.414453,37.207764],[69.399219,37.399316],[69.49209,37.553076],[69.820898,37.60957],[70.044727,37.547217],[70.188672,37.582471],[70.251465,37.66416],[70.214648,37.924414],[70.417773,38.075439],[70.61582,38.334424],[70.878906,38.456396],[71.255859,38.306982],[71.332715,38.170264],[71.278516,37.918408],[71.582227,37.910107],[71.43291,37.127539],[71.530859,36.845117],[71.665625,36.696924],[71.802051,36.694287],[72.358789,36.98291],[72.657422,37.029053],[72.757031,37.172705],[72.895508,37.267529],[73.38291,37.462256],[73.720605,37.41875],[73.717285,37.329443],[73.627539,37.261572],[73.653516,37.239355],[74.16709,37.329443],[74.259668,37.41543],[74.349023,37.41875],[74.659375,37.394482],[74.891309,37.231641],[74.72666,37.290723],[74.372168,37.157715],[74.541406,37.022168],[74.038867,36.825732],[73.769141,36.888477],[73.116797,36.868555],[72.622852,36.82959],[72.249805,36.734717],[71.772656,36.431836],[71.620508,36.436475],[71.23291,36.121777],[71.185059,36.04209],[71.397559,35.880176],[71.571973,35.546826],[71.600586,35.40791],[71.545508,35.288867],[71.620508,35.183008],[71.455078,34.966943],[71.294141,34.867725],[70.965625,34.530371],[71.095703,34.369434],[71.051563,34.049707],[70.654004,33.952295],[70.325684,33.961133],[69.994727,34.051807],[69.889648,34.007275],[69.868066,33.897656],[70.13418,33.620752],[70.28418,33.369043],[70.261133,33.289014],[69.920117,33.1125],[69.501563,33.020068],[69.405371,32.682715],[69.241406,32.433545],[69.279297,31.936816],[69.083105,31.738477],[68.868945,31.634229],[68.782324,31.646436],[68.597656,31.802979],[68.443262,31.754492],[68.161035,31.802979],[68.017188,31.677979],[67.578223,31.506494],[67.737891,31.343945],[67.452832,31.234619],[67.287305,31.217822],[66.924316,31.305615],[66.829297,31.263672],[66.595801,31.019971],[66.397168,30.912207],[66.346875,30.802783],[66.286914,30.60791],[66.305469,30.321143],[66.238477,30.109619],[66.313379,29.968555],[66.177051,29.835596],[65.095508,29.559473],[64.39375,29.544336],[64.09873,29.391943],[63.567578,29.497998],[62.476562,29.40835],[60.843359,29.858691],[61.78418,30.831934],[61.81084,30.913281],[61.755078,31.285303],[61.660156,31.382422],[60.820703,31.495166],[60.7875,31.877197],[60.829297,32.249414],[60.561914,33.058789],[60.560547,33.137842],[60.916992,33.505225],[60.51084,33.638916],[60.485742,34.094775],[60.642676,34.307178],[60.889453,34.319434],[60.72627,34.518262],[60.951172,34.653857],[61.080078,34.855615],[61.149609,35.09375],[61.1,35.272314],[61.189258,35.312012],[61.278516,35.51377],[61.262012,35.61958],[61.344727,35.629492],[61.620996,35.432324],[61.983887,35.443701],[62.213086,35.289941],[62.307813,35.170801],[62.462891,35.251367],[62.688086,35.255322],[63.056641,35.445801],[63.169727,35.678125],[63.12998,35.846191],[64.009668,36.012109],[64.092188,36.112695],[64.511035,36.340674],[64.816309,37.13208],[65.089648,37.237939],[65.55498,37.251172],[65.641211,37.467822],[65.765039,37.569141],[66.108398,37.414746],[66.522266,37.348486]]]}}]}