{"type":"FeatureCollection","features":[{"type":"Feature","properties":{"sigla":"VAT","nome":"Vaticano"},"geometry":{"type":"Polygon","coordinates":[[[12.43916,41.898389],[12.427539,41.900732],[12.438379,41.906201],[12.43916,41.898389]]]}},{"type":"Feature","properties":{"sigla":"GBR","nome":"Reino Unido"},"geometry":{"type":"MultiPolygon","coordinates":[[[[-2.667676,51.622998],[-3.293115,51.39043],[-3.562354,51.413818],[-3.890771,51.59165],[-4.23457,51.569092],[-4.091016,51.659912],[-4.386279,51.741064],[-4.600781,51.737646],[-4.902295,51.62627],[-5.124756,51.705859],[-5.200586,51.861377],[-5.262305,51.880176],[-5.088086,51.995898],[-4.383154,52.197314],[-4.149365,52.32627],[-3.980322,52.541748],[-4.078906,52.607861],[-4.039258,52.704053],[-4.117529,52.82002],[-4.101465,52.915479],[-4.683057,52.806152],[-4.63833,52.891113],[-4.405078,53.013818],[-4.268555,53.144531],[-3.764209,53.307617],[-3.326172,53.347168],[-3.097559,53.260303],[-3.165576,53.394678],[-3.064746,53.426855],[-2.918555,53.305371],[-2.749512,53.310205],[-2.913086,53.350244],[-3.0646,53.512842],[-3.059473,53.58623],[-2.925098,53.732764],[-3.031787,53.773584],[-3.045361,53.843848],[-3.026758,53.905908],[-2.899854,53.960693],[-2.867578,54.177246],[-3.165967,54.12793],[-3.569385,54.467578],[-3.592041,54.564355],[-3.4646,54.773096],[-3.26792,54.906592],[-3.03623,54.953076],[-3.550439,54.947412],[-3.95791,54.780957],[-4.132959,54.779248],[-4.253418,54.846777],[-4.51748,54.75835],[-4.818066,54.846143],[-4.91123,54.689453],[-5.135498,54.85752],[-5.172705,54.985889],[-5.055859,54.988135],[-4.676758,55.501318],[-4.72417,55.598291],[-4.891846,55.699121],[-4.826074,55.929541],[-4.584082,55.938672],[-4.844092,56.051172],[-4.800293,56.15835],[-4.9271,56.028076],[-5.092822,55.987305],[-5.2146,55.888867],[-5.222949,56.06582],[-4.996973,56.23335],[-5.383447,56.019238],[-5.418896,55.975244],[-5.38584,55.770117],[-5.556445,55.3896],[-5.646533,55.326855],[-5.768213,55.362646],[-5.681348,55.623975],[-5.504492,55.802393],[-5.622852,55.813135],[-5.60957,56.055273],[-5.534961,56.25083],[-5.391943,56.514795],[-5.188379,56.758057],[-5.652441,56.531982],[-5.864844,56.561865],[-5.968896,56.689893],[-6.132764,56.718018],[-5.730615,56.853076],[-5.861426,56.902686],[-5.591309,57.102344],[-5.561914,57.232715],[-5.656348,57.334082],[-5.794922,57.378809],[-5.801953,57.468018],[-5.581787,57.546777],[-5.67876,57.57168],[-5.744922,57.668311],[-5.60835,57.881348],[-5.157227,57.881348],[-5.413184,58.069727],[-5.338281,58.238721],[-5.008301,58.262646],[-5.090137,58.384521],[-5.016748,58.566553],[-4.809619,58.5729],[-4.71543,58.51001],[-4.491895,58.568457],[-4.433252,58.512842],[-3.259131,58.65],[-3.053076,58.634814],[-3.112891,58.408887],[-3.212354,58.32124],[-3.990039,57.959033],[-4.035596,57.852002],[-3.857129,57.818555],[-4.078418,57.677051],[-4.134521,57.577734],[-3.294531,57.710156],[-3.036035,57.672314],[-2.074072,57.702393],[-1.867383,57.612354],[-1.780664,57.474023],[-2.020312,57.258887],[-2.260254,56.86333],[-2.500977,56.636572],[-2.680957,56.514404],[-3.309961,56.363477],[-2.885156,56.39751],[-2.652734,56.318262],[-2.674268,56.253418],[-2.767578,56.202148],[-2.979785,56.194092],[-3.362256,56.027637],[-3.789062,56.095215],[-3.607812,56.016016],[-3.04873,55.951953],[-2.836865,56.02627],[-2.599316,56.027295],[-2.14707,55.902979],[-1.655371,55.570361],[-1.232422,54.703711],[-0.671387,54.503906],[-0.084375,54.118066],[-0.205566,54.021729],[0.115332,53.609277],[-0.27002,53.736768],[-0.659912,53.724023],[-0.293701,53.692334],[0.12832,53.468262],[0.270996,53.335498],[0.355762,53.159961],[0.045898,52.905615],[0.279785,52.808691],[0.381934,52.825195],[0.558789,52.966943],[1.271289,52.924561],[1.656738,52.753711],[1.743359,52.578516],[1.746582,52.468994],[1.591406,52.119775],[1.413477,51.994775],[1.232422,51.97124],[1.274414,51.845361],[1.101172,51.785449],[0.955078,51.807812],[0.752246,51.72959],[0.898047,51.689404],[0.927441,51.646631],[0.890918,51.571436],[0.424512,51.465625],[0.52832,51.484473],[0.686523,51.386572],[0.889355,51.359521],[1.414941,51.363281],[1.397559,51.182031],[1.044434,51.047266],[0.960156,50.925879],[0.772363,50.933984],[0.205078,50.763037],[-0.203906,50.814355],[-0.785254,50.76543],[-1.416455,50.896875],[-1.334473,50.820801],[-1.60083,50.732861],[-2.031055,50.725391],[-1.962061,50.627783],[-2.03584,50.603076],[-2.350146,50.637402],[-2.433447,50.599219],[-2.776953,50.705566],[-2.999414,50.716602],[-3.40459,50.632422],[-3.584375,50.321826],[-3.679785,50.239941],[-3.793359,50.229248],[-4.19458,50.393311],[-4.727979,50.290479],[-5.009521,50.160742],[-5.118506,50.03833],[-5.225244,50.021387],[-5.433984,50.104443],[-5.622119,50.050684],[-5.655176,50.077246],[-5.65625,50.131885],[-5.570654,50.196973],[-5.342285,50.246143],[-4.893555,50.533691],[-4.58291,50.776367],[-4.523096,50.977441],[-4.296484,51.027148],[-4.188184,51.188525],[-3.842334,51.230908],[-3.135986,51.205029],[-2.433057,51.740723],[-2.667676,51.622998]]],[[[-4.196777,53.321436],[-4.049365,53.305762],[-4.373047,53.13418],[-4.553223,53.260449],[-4.567871,53.386475],[-4.315088,53.417236],[-4.196777,53.321436]]],[[[-2.548877,59.231348],[-2.662061,59.230176],[-2.603613,59.289307],[-2.406982,59.297559],[-2.548877,59.231348]]],[[[-1.042529,60.513867],[-1.165527,60.603906],[-1.093311,60.720215],[-0.99165,60.686035],[-1.049023,60.646924],[-1.042529,60.513867]]],[[[-1.308105,60.5375],[-1.287402,60.467041],[-1.235742,60.485303],[-1.157764,60.417725],[-1.052441,60.444482],[-1.199316,60.006592],[-1.299463,59.878662],[-1.355859,59.911133],[-1.290918,60.153467],[-1.322803,60.188379],[-1.481494,60.173389],[-1.499121,60.221777],[-1.641357,60.236768],[-1.66377,60.28252],[-1.374609,60.33291],[-1.449561,60.468555],[-1.571777,60.494434],[-1.363965,60.60957],[-1.301709,60.607666],[-1.308105,60.5375]]],[[[-0.774268,60.811963],[-0.825488,60.683936],[-0.922266,60.697266],[-0.91582,60.810449],[-0.774268,60.811963]]],[[[-3.164941,58.794189],[-3.278809,58.781934],[-3.394727,58.909619],[-3.271924,58.905273],[-3.164941,58.794189]]],[[[-2.929395,58.741602],[-3.035449,58.822656],[-2.896436,58.827588],[-2.929395,58.741602]]],[[[-3.057422,59.029639],[-2.762451,58.955811],[-2.826221,58.893262],[-2.994824,58.939355],[-3.166602,58.919092],[-3.242139,58.999707],[-3.331641,58.97124],[-3.353711,59.01875],[-3.310352,59.130811],[-3.248584,59.143945],[-3.051123,59.099023],[-3.02002,59.057666],[-3.057422,59.029639]]],[[[-2.729395,59.186768],[-2.815234,59.161914],[-2.861426,59.246826],[-3.052051,59.323877],[-2.975537,59.347119],[-2.730664,59.226758],[-2.729395,59.186768]]],[[[-6.607617,56.58501],[-6.668555,56.593604],[-6.483691,56.665771],[-6.607617,56.58501]]],[[[-5.10542,55.448828],[-5.331494,55.481055],[-5.392676,55.618359],[-5.370801,55.666943],[-5.318115,55.70918],[-5.185449,55.690967],[-5.10498,55.573975],[-5.10542,55.448828]]],[[[-5.777881,56.344336],[-6.313428,56.293652],[-6.298486,56.33916],[-6.184863,56.356885],[-6.138867,56.490625],[-6.319678,56.569434],[-6.102734,56.645654],[-5.94668,56.534521],[-5.76084,56.490674],[-5.777881,56.344336]]],[[[-6.128906,55.930566],[-6.057617,55.72251],[-6.088379,55.65752],[-6.305078,55.606934],[-6.27002,55.670313],[-6.301758,55.780615],[-6.491357,55.697314],[-6.413184,55.854639],[-6.128906,55.930566]]],[[[-5.970068,55.814551],[-6.041553,55.806787],[-6.071973,55.893115],[-5.911768,55.974756],[-5.970312,55.992188],[-5.939062,56.045264],[-5.725146,56.118555],[-5.970068,55.814551]]],[[[-6.198682,58.363281],[-6.32583,58.188867],[-6.55459,58.092871],[-6.403369,58.075879],[-6.425195,58.021289],[-6.956934,57.750049],[-7.083447,57.81377],[-6.856836,57.923535],[-7.05708,58.003174],[-6.985303,58.050488],[-7.088477,58.095361],[-7.085254,58.182178],[-7.028418,58.222314],[-6.726465,58.189404],[-6.776465,58.301514],[-6.237451,58.502832],[-6.198682,58.363281]]],[[[-6.279053,56.964697],[-6.34624,56.954297],[-6.432617,57.01792],[-6.322363,57.050537],[-6.261279,57.009521],[-6.279053,56.964697]]],[[[-6.144727,57.50498],[-6.135547,57.314258],[-5.706006,57.268945],[-5.668652,57.226904],[-5.987305,57.044434],[-6.034375,57.201221],[-6.322705,57.20249],[-6.442432,57.32749],[-6.675439,57.362891],[-6.761133,57.442383],[-6.704199,57.495752],[-6.583008,57.507129],[-6.616797,57.562695],[-6.378516,57.60332],[-6.357666,57.666797],[-6.246924,57.651221],[-6.144727,57.50498]]],[[[-7.205566,57.682959],[-7.092773,57.62666],[-7.182617,57.533301],[-7.514746,57.601953],[-7.470312,57.652539],[-7.205566,57.682959]]],[[[-7.249854,57.115332],[-7.381494,57.130664],[-7.410547,57.381104],[-7.267139,57.371777],[-7.249854,57.115332]]],[[[-7.416895,56.96543],[-7.542969,56.972363],[-7.455469,57.018945],[-7.416895,56.96543]]],[[[-6.218018,54.088721],[-6.649805,54.058643],[-6.646875,54.163428],[-6.802588,54.214355],[-6.877246,54.329102],[-7.007715,54.406689],[-7.202588,54.301807],[-7.155469,54.239502],[-7.324512,54.133447],[-7.606543,54.143848],[-7.854932,54.215283],[-7.884473,54.283789],[-8.144824,54.453516],[-7.754395,54.594922],[-7.910596,54.69834],[-7.550391,54.767969],[-7.376904,55.027686],[-7.218652,55.091992],[-7.100635,55.048291],[-6.947168,55.18252],[-6.475049,55.241016],[-6.12915,55.217383],[-5.869189,54.916211],[-5.716846,54.81748],[-5.710742,54.75708],[-5.879102,54.684375],[-5.878613,54.641309],[-5.58252,54.663428],[-5.47041,54.500195],[-5.483887,54.44165],[-5.671094,54.549756],[-5.655957,54.381738],[-5.557812,54.370996],[-5.606787,54.272559],[-5.826172,54.23584],[-6.019043,54.05127],[-6.218018,54.088721]]],[[[-1.065576,50.690234],[-1.251465,50.588818],[-1.563428,50.666113],[-1.312793,50.773486],[-1.065576,50.690234]]]]}},{"type":"Feature","properties":{"sigla":"UKR","nome":"Ucrânia"},"geometry":{"type":"MultiPolygon","coordinates":[[[[38.214355,47.091455],[37.543359,47.074561],[37.339844,46.916895],[37.047559,46.876221],[36.794824,46.714404],[36.558789,46.762695],[36.279492,46.658594],[35.827148,46.624316],[35.400195,46.381396],[35.204395,46.169189],[35.014551,46.106006],[35.280176,46.279492],[35.291992,46.370703],[35.230371,46.440625],[35.064063,46.267236],[34.849609,46.189893],[34.857324,45.987354],[35.001674,45.733383],[34.946428,45.728686],[34.799726,45.790752],[34.794084,45.892315],[34.686878,45.97695],[34.449898,45.965666],[34.353978,46.061586],[34.02672,46.106725],[33.806667,46.208288],[33.659965,46.219573],[33.594141,46.09624],[33.429883,46.057617],[33.202246,46.175732],[32.476758,46.083691],[32.035742,46.260986],[31.83125,46.281689],[31.77998,46.324658],[31.991699,46.364404],[32.008496,46.42998],[31.713672,46.471777],[31.554883,46.554297],[32.361328,46.474951],[32.578027,46.615625],[32.354102,46.564844],[32.044336,46.64248],[31.944922,46.784375],[31.939551,46.981982],[31.75918,47.212842],[31.912695,46.926123],[31.872852,46.649756],[31.532129,46.664746],[31.563379,46.777295],[31.40293,46.628809],[30.796289,46.552002],[30.656738,46.266504],[30.219043,45.866748],[29.821191,45.73208],[29.628418,45.722461],[29.601172,45.6],[29.670313,45.540674],[29.726953,45.343311],[29.705859,45.259912],[29.567676,45.370801],[29.403711,45.419678],[28.894336,45.289941],[28.781738,45.309863],[28.760742,45.234131],[28.45127,45.292187],[28.2125,45.450439],[28.499023,45.517725],[28.491602,45.665771],[28.729297,45.852002],[28.73877,45.937158],[28.947754,46.049951],[29.00625,46.176465],[28.930566,46.362256],[28.958398,46.458496],[29.18623,46.523975],[29.20459,46.379346],[29.304883,46.466602],[29.614941,46.398828],[29.706836,46.44873],[29.837891,46.350537],[30.075684,46.377832],[30.131055,46.423096],[29.924316,46.538867],[29.94248,46.723779],[29.877832,46.828906],[29.571973,46.964014],[29.510938,47.128027],[29.53916,47.270996],[29.134863,47.489697],[29.211133,47.775],[29.125391,47.964551],[28.923145,47.951123],[28.773828,48.11958],[28.530469,48.150293],[28.463086,48.090527],[28.423047,48.146875],[28.340527,48.144434],[28.347168,48.213037],[28.291016,48.238574],[28.088477,48.257031],[27.82002,48.41626],[27.549219,48.477734],[27.228516,48.371436],[26.84707,48.387158],[26.618945,48.259863],[26.305664,48.20376],[26.162695,47.992529],[25.464258,47.910791],[25.169629,47.823096],[25.073828,47.745703],[24.893359,47.717773],[24.578906,47.931055],[24.484082,47.947119],[24.177734,47.906055],[23.669043,47.992334],[23.408203,47.98999],[23.139453,48.087402],[23.054785,48.006543],[22.87666,47.947266],[22.769141,48.109619],[22.582422,48.134033],[22.520117,48.205371],[22.350195,48.256055],[22.253711,48.407373],[22.131836,48.405322],[22.142871,48.568506],[22.295215,48.68584],[22.538672,49.072705],[22.839746,49.038916],[22.84707,49.08125],[22.705664,49.171191],[22.732422,49.295166],[22.649414,49.539014],[22.706152,49.606201],[23.036328,49.899072],[23.711719,50.377344],[23.972656,50.410059],[24.089941,50.530469],[24.094727,50.617041],[23.978418,50.785596],[24.095801,50.872754],[23.985742,50.94043],[23.664453,51.310059],[23.679688,51.394922],[23.605273,51.51792],[23.608594,51.610498],[23.791699,51.637109],[23.97832,51.591309],[24.361914,51.867529],[25.267188,51.937744],[25.925293,51.913525],[27.141992,51.752051],[27.296289,51.597412],[27.689746,51.572412],[27.7,51.477979],[27.858594,51.592383],[28.010742,51.559766],[28.183789,51.607861],[28.599023,51.542627],[28.647754,51.456543],[28.73125,51.433398],[28.849512,51.540186],[29.102051,51.627539],[29.346484,51.382568],[30.160742,51.477881],[30.308984,51.399609],[30.333398,51.325537],[30.544531,51.265039],[30.63252,51.35542],[30.533008,51.596338],[30.583887,51.688965],[30.755273,51.895166],[30.980664,52.046191],[31.57373,52.108105],[32.122266,52.050586],[32.282813,52.114014],[32.362988,52.272119],[32.435449,52.307227],[32.806445,52.252637],[33.148438,52.34043],[33.735254,52.344775],[33.92207,52.251465],[34.113086,51.979639],[34.397852,51.78042],[34.379297,51.716504],[34.121094,51.67915],[34.200879,51.553809],[34.229883,51.363232],[34.275,51.340186],[34.213867,51.255371],[34.712305,51.172217],[35.064063,51.203418],[35.158105,51.060986],[35.311914,51.043896],[35.314746,50.949902],[35.440137,50.727686],[35.391699,50.610937],[35.411621,50.539697],[35.591113,50.36875],[35.67373,50.345996],[35.890234,50.437109],[36.116406,50.408545],[36.306055,50.280469],[36.499805,50.280469],[36.619434,50.209229],[36.759082,50.291846],[37.422852,50.411475],[37.582324,50.291846],[37.704199,50.109082],[38.046875,49.92002],[38.146777,49.939404],[38.177539,50.025391],[38.258594,50.052344],[38.451172,49.964062],[38.647754,49.952881],[38.918359,49.824707],[39.174805,49.855957],[39.30293,49.742041],[39.462793,49.728027],[39.780566,49.572021],[40.080664,49.576855],[40.057813,49.431543],[40.126172,49.368848],[40.108789,49.251562],[39.889746,49.064062],[39.686523,49.00791],[39.75332,48.914453],[40.003613,48.82207],[39.792871,48.807715],[39.70459,48.739355],[39.644727,48.591211],[39.835645,48.542773],[39.889844,48.360449],[39.847461,48.302783],[39.95791,48.268896],[39.775781,47.964453],[39.778711,47.887549],[39.658496,47.841211],[38.900293,47.855127],[38.822266,47.837012],[38.640625,47.665918],[38.368848,47.609961],[38.287402,47.55918],[38.201367,47.320801],[38.280762,47.27666],[38.201367,47.175244],[38.214355,47.091455]]],[[[32.012207,46.203906],[32.150098,46.154687],[31.563867,46.257764],[31.508789,46.373145],[31.638477,46.272559],[32.012207,46.203906]]]]}},{"type":"Feature","properties":{"sigla":"CHE","nome":"Suíça"},"geometry":{"type":"Polygon","coordinates":[[[9.524023,47.524219],[9.625879,47.467041],[9.484277,47.172656],[9.487695,47.062256],[9.845313,47.007373],[9.877734,46.937695],[10.133496,46.851514],[10.349414,46.984766],[10.45459,46.899414],[10.397949,46.665039],[10.430664,46.550049],[10.272266,46.564844],[10.195508,46.621094],[10.087012,46.599902],[10.038281,46.483203],[10.12832,46.238232],[10.041016,46.238086],[9.939258,46.361816],[9.528711,46.306201],[9.427637,46.482324],[9.304395,46.495557],[9.260156,46.475195],[9.251074,46.286768],[9.003027,46.014893],[9.04668,45.875586],[8.953711,45.830029],[8.778027,45.996191],[8.818555,46.077148],[8.641699,46.110791],[8.458398,46.245898],[8.422559,46.446045],[8.095703,46.271045],[8.125195,46.160937],[7.993164,46.015918],[7.787891,45.921826],[7.538574,45.978174],[7.129004,45.88042],[7.055762,45.903809],[6.77207,46.165137],[6.816797,46.275195],[6.758105,46.415771],[6.428906,46.430518],[6.234668,46.332617],[6.272949,46.252246],[6.199414,46.193066],[5.971484,46.151221],[5.97002,46.214697],[6.095898,46.279395],[6.123242,46.378613],[6.060254,46.428174],[6.160742,46.611035],[6.410156,46.75542],[6.45625,46.94834],[6.666895,47.026514],[6.952051,47.267187],[7.000586,47.339453],[6.900391,47.394238],[7.053418,47.489355],[7.265723,47.425781],[7.42002,47.455176],[7.494922,47.547363],[7.615625,47.592725],[7.927051,47.563867],[8.454004,47.596191],[8.56709,47.651904],[8.403418,47.687793],[8.572656,47.775635],[8.881152,47.656396],[9.182813,47.670703],[9.524023,47.524219]]]}},{"type":"Feature","properties":{"sigla":"SWE","nome":"Suécia"},"geometry":{"type":"MultiPolygon","coordinates":[[[[19.076465,57.835938],[18.813867,57.706201],[18.790918,57.483105],[18.90791,57.39834],[18.784863,57.361084],[18.699902,57.242725],[18.477344,57.163037],[18.340234,56.978223],[18.146387,56.920508],[18.285352,57.083203],[18.105078,57.271875],[18.151953,57.339062],[18.136523,57.556641],[18.537402,57.830566],[18.721875,57.863721],[18.805176,57.833154],[18.900586,57.915479],[19.076465,57.835938]]],[[[16.528516,56.290527],[16.431641,56.24375],[16.40127,56.310889],[16.412305,56.568994],[16.630371,56.876855],[16.727734,56.902002],[16.995996,57.317773],[17.117676,57.319824],[17.050391,57.280469],[17.053516,57.208008],[16.778027,56.805225],[16.528516,56.290527]]],[[[11.388281,59.036523],[11.470703,58.909521],[11.642773,58.926074],[11.798145,59.289893],[11.680762,59.592285],[11.834277,59.697168],[11.932129,59.863672],[12.169238,59.912891],[12.486133,60.106787],[12.588672,60.450732],[12.314648,60.892139],[12.294141,61.002686],[12.706055,61.059863],[12.880762,61.352295],[12.596094,61.541309],[12.155371,61.720752],[12.303516,62.285596],[12.114551,62.591895],[12.108594,62.919482],[12.218164,63.000635],[11.999902,63.291699],[12.212109,63.492236],[12.175195,63.595947],[12.792773,64],[13.203516,64.075098],[13.960547,64.014014],[14.141211,64.173535],[14.077637,64.464014],[13.650293,64.581543],[14.479688,65.301465],[14.549512,65.646387],[14.63457,65.793262],[14.543262,66.129346],[15.040039,66.167529],[15.483789,66.305957],[15.422949,66.489844],[16.403516,67.05498],[16.434277,67.155078],[16.127441,67.42583],[16.193555,67.505176],[16.457129,67.551758],[16.585547,67.62832],[16.783594,67.89502],[17.324609,68.103809],[17.916699,67.964893],[18.17666,68.200635],[18.162598,68.528418],[18.378613,68.562402],[19.969824,68.356396],[20.240039,68.477539],[19.968848,68.542041],[20.240039,68.673145],[20.348047,68.84873],[20.337109,68.899658],[20.116699,69.020898],[20.622168,69.036865],[20.895117,68.979834],[20.918555,68.906934],[21.997461,68.520605],[22.854102,68.367334],[23.097852,68.257568],[23.18252,68.136621],[23.318555,68.130322],[23.638867,67.954395],[23.501855,67.875195],[23.541309,67.614307],[23.454883,67.460254],[23.733594,67.4229],[23.774902,67.328613],[23.626074,67.233936],[23.641504,67.129395],[23.988574,66.810547],[23.894141,66.706885],[23.865527,66.576611],[23.701172,66.480762],[23.700293,66.252637],[23.751465,66.191162],[23.907324,66.148242],[24.155469,65.805273],[23.890527,65.782227],[23.691406,65.828516],[23.221094,65.786133],[23.102344,65.735352],[22.746582,65.870947],[22.538574,65.794336],[22.400977,65.862109],[22.287598,65.750635],[22.254004,65.597559],[22.08623,65.610938],[22.147559,65.552881],[21.920117,65.532373],[21.95,65.470361],[21.87959,65.424023],[21.565527,65.408105],[21.523438,65.358594],[21.60918,65.261377],[21.410352,65.317432],[21.545996,65.206982],[21.573926,65.125781],[21.138184,64.808691],[21.279297,64.724707],[21.393848,64.544336],[21.519629,64.463086],[21.465039,64.37959],[21.018457,64.177979],[20.762695,63.867822],[20.204688,63.662451],[19.913672,63.610547],[19.72207,63.46333],[19.502344,63.509033],[19.494629,63.424365],[19.354297,63.47749],[19.236328,63.347363],[19.034375,63.237744],[18.816699,63.257471],[18.792285,63.238135],[18.858984,63.206592],[18.606445,63.178271],[18.530664,63.063525],[18.312891,62.996387],[18.502051,62.988867],[18.463086,62.89585],[18.17002,62.789355],[17.87959,62.873193],[17.974414,62.721045],[17.903027,62.659473],[18.037305,62.600537],[17.646387,62.450879],[17.410254,62.508398],[17.378418,62.462793],[17.429004,62.334717],[17.633691,62.233008],[17.510156,62.166309],[17.374512,61.866309],[17.46543,61.684473],[17.196387,61.724561],[17.215625,61.656348],[17.130762,61.575732],[17.137988,61.381689],[17.199609,61.311963],[17.163867,61.278271],[17.20293,60.951855],[17.278906,60.812158],[17.250977,60.700781],[17.359863,60.64082],[17.593066,60.627686],[17.661133,60.535156],[17.955762,60.589795],[18.1625,60.40791],[18.55752,60.253564],[18.535449,60.152881],[18.787012,60.079492],[18.99043,59.827783],[18.970508,59.757227],[18.578125,59.565771],[17.964258,59.359375],[18.132617,59.316211],[18.508887,59.407959],[18.617578,59.327051],[18.414258,59.290332],[18.373047,59.179736],[18.285352,59.109375],[17.456738,58.858398],[16.978125,58.65415],[16.214258,58.63667],[16.788477,58.585254],[16.923828,58.492578],[16.651953,58.434326],[16.769922,58.214258],[16.700098,58.160791],[16.694922,57.917529],[16.596973,57.912891],[16.555371,57.812256],[16.652246,57.500684],[16.475977,57.265137],[16.52793,57.068164],[16.34873,56.709277],[16.150684,56.50083],[15.99668,56.222607],[15.82666,56.124951],[15.626563,56.185596],[14.713965,56.134131],[14.754785,56.033154],[14.558594,56.048633],[14.215039,55.832617],[14.20293,55.72915],[14.341699,55.527734],[14.17373,55.396631],[13.806348,55.428564],[13.321387,55.346387],[12.88584,55.411377],[12.940625,55.481592],[12.973926,55.748145],[12.471191,56.290527],[12.706348,56.23501],[12.80166,56.263916],[12.656445,56.440576],[12.857422,56.452393],[12.919531,56.515576],[12.883691,56.617725],[12.717578,56.662842],[12.572656,56.823291],[12.421484,56.906396],[12.151855,57.226953],[12.053223,57.446973],[11.961523,57.426074],[11.878711,57.679443],[11.734961,57.717676],[11.703223,57.973193],[11.549023,58.001221],[11.449316,58.118359],[11.431543,58.33999],[11.248242,58.369141],[11.271582,58.475635],[11.20791,58.866406],[11.147168,58.988623],[11.195801,59.078271],[11.388281,59.036523]]],[[[19.156348,57.922607],[19.138379,57.860254],[19.039258,57.911035],[19.134863,57.981348],[19.331445,57.962891],[19.156348,57.922607]]],[[[18.416211,59.029102],[18.349902,59.022607],[18.397559,59.089111],[18.485547,59.10459],[18.416211,59.029102]]],[[[18.59541,59.470361],[18.570312,59.437256],[18.545117,59.477832],[18.572363,59.52583],[18.698438,59.534619],[18.59541,59.470361]]]]}},{"type":"Feature","properties":{"sigla":"ESP","nome":"Espanha"},"geometry":{"type":"MultiPolygon","coordinates":[[[[1.593945,38.67207],[1.405762,38.670996],[1.401953,38.711426],[1.436328,38.768213],[1.593945,38.67207]]],[[[3.145313,39.790088],[3.395898,39.777295],[3.448926,39.76123],[3.461816,39.697754],[3.244727,39.386621],[3.072852,39.30127],[2.799805,39.385059],[2.700586,39.542139],[2.634082,39.556201],[2.499512,39.477881],[2.37002,39.57207],[2.371289,39.613086],[2.784961,39.854834],[3.158691,39.970508],[3.197559,39.961084],[3.164453,39.924219],[3.198633,39.889844],[3.145313,39.790088]]],[[[4.293652,39.841846],[3.867188,39.95874],[3.853418,40.063037],[4.225781,40.032373],[4.315137,39.917236],[4.293652,39.841846]]],[[[1.445215,38.918701],[1.408984,38.857275],[1.22334,38.903857],[1.348633,39.080811],[1.564453,39.121045],[1.613184,39.087402],[1.623633,39.038818],[1.445215,38.918701]]],[[[-1.794043,43.407324],[-1.712842,43.307031],[-1.410693,43.240088],[-1.480469,43.071143],[-1.42876,43.036768],[-1.300049,43.100977],[-1.175439,43.021143],[-0.762646,42.939795],[-0.586426,42.798975],[-0.299316,42.825342],[-0.041162,42.689111],[0.201367,42.719336],[0.631641,42.6896],[0.696875,42.845117],[1.349414,42.690674],[1.42832,42.595898],[1.448828,42.437451],[1.706055,42.50332],[1.92793,42.426318],[1.986523,42.358496],[2.200391,42.420947],[2.65166,42.340479],[2.701855,42.408496],[2.891406,42.456055],[3.211426,42.431152],[3.306738,42.288965],[3.166406,42.256494],[3.150391,42.162451],[3.238086,42.082227],[3.248047,41.944238],[3.004883,41.767432],[2.310938,41.466504],[2.082617,41.287402],[1.03291,41.062061],[0.714648,40.822852],[0.891113,40.722363],[0.596094,40.614502],[-0.075146,39.875928],[-0.327002,39.519873],[-0.204932,39.062598],[-0.034131,38.891211],[0.154883,38.824658],[0.201563,38.75918],[-0.520801,38.317285],[-0.550684,38.203125],[-0.646777,38.151855],[-0.683203,37.992041],[-0.814648,37.769922],[-0.823096,37.711621],[-0.721582,37.631055],[-0.822168,37.580762],[-1.327539,37.561133],[-1.640967,37.386963],[-1.797607,37.232861],[-1.939307,36.94585],[-2.111523,36.77666],[-2.187695,36.745459],[-2.305566,36.819824],[-2.452832,36.831152],[-2.787549,36.714746],[-3.14917,36.758496],[-3.43125,36.70791],[-3.827783,36.756055],[-4.366846,36.718115],[-4.674121,36.506445],[-4.935303,36.502051],[-5.171484,36.423779],[-5.360937,36.134912],[-5.443604,36.150586],[-5.4625,36.073779],[-5.625488,36.025928],[-6.040674,36.188428],[-6.22627,36.426465],[-6.268945,36.596729],[-6.384131,36.637012],[-6.412256,36.728857],[-6.216797,36.913574],[-6.320947,36.908496],[-6.396191,36.831641],[-6.492432,36.954639],[-6.884619,37.194238],[-6.86377,37.278906],[-6.974658,37.198437],[-7.406152,37.179443],[-7.503516,37.585498],[-7.443945,37.728271],[-7.185449,38.006348],[-7.022852,38.044727],[-6.957568,38.187891],[-7.106396,38.181006],[-7.343018,38.457422],[-7.281543,38.714551],[-7.046045,38.907031],[-6.997949,39.056445],[-7.172412,39.135205],[-7.335449,39.465137],[-7.535693,39.661572],[-7.117676,39.681689],[-6.975391,39.798389],[-6.896094,40.021826],[-7.032617,40.16792],[-6.810156,40.343115],[-6.852051,40.443262],[-6.835889,40.77749],[-6.928467,41.009131],[-6.2125,41.532031],[-6.308057,41.642187],[-6.542187,41.67251],[-6.55752,41.874121],[-6.618262,41.942383],[-7.147119,41.981152],[-7.209619,41.895264],[-7.403613,41.833691],[-7.92085,41.883643],[-8.15249,41.811963],[-8.224756,41.89585],[-8.12998,42.018164],[-8.213086,42.133691],[-8.266064,42.137402],[-8.852344,41.926904],[-8.887207,42.105273],[-8.690918,42.27417],[-8.81582,42.285254],[-8.730029,42.411719],[-8.812109,42.470068],[-8.811523,42.640332],[-9.033105,42.593848],[-9.035059,42.662354],[-8.927197,42.798584],[-9.041602,42.814014],[-9.235205,42.976904],[-9.178076,43.174023],[-8.873682,43.334424],[-8.665625,43.316602],[-8.355469,43.396826],[-8.248926,43.439404],[-8.288867,43.5396],[-8.256738,43.579883],[-7.698145,43.764551],[-7.503613,43.739941],[-7.261963,43.594629],[-7.060986,43.553955],[-6.080127,43.594922],[-5.84668,43.645068],[-5.66582,43.582471],[-4.523047,43.415723],[-3.604639,43.519482],[-3.045605,43.371582],[-2.875049,43.454443],[-2.337109,43.328027],[-1.991309,43.345068],[-1.794043,43.407324]]],[[[-16.334473,28.379932],[-16.418213,28.151416],[-16.542773,28.03208],[-16.658008,28.007178],[-16.905322,28.3396],[-16.556836,28.400488],[-16.318994,28.558203],[-16.123633,28.575977],[-16.119141,28.528271],[-16.334473,28.379932]]],[[[-13.715967,28.91123],[-13.783984,28.845459],[-13.859912,28.869092],[-13.788184,29.056104],[-13.535059,29.144287],[-13.463574,29.237207],[-13.422949,29.19751],[-13.47793,29.006592],[-13.715967,28.91123]]],[[[-14.196777,28.169287],[-14.332617,28.056006],[-14.491797,28.100928],[-14.231982,28.21582],[-14.003369,28.706689],[-13.857227,28.738037],[-13.827588,28.585156],[-13.928027,28.253467],[-14.196777,28.169287]]],[[[-15.400586,28.147363],[-15.38916,27.874707],[-15.436768,27.810693],[-15.559375,27.746973],[-15.655762,27.758398],[-15.807324,27.887549],[-15.809473,27.994482],[-15.682764,28.154053],[-15.400586,28.147363]]],[[[-17.184668,28.021973],[-17.273926,28.038281],[-17.324902,28.117676],[-17.258594,28.203174],[-17.10376,28.111133],[-17.184668,28.021973]]],[[[-17.887939,27.80957],[-17.984766,27.646387],[-18.160547,27.761475],[-18.043359,27.768115],[-17.924512,27.850146],[-17.887939,27.80957]]],[[[-17.834277,28.493213],[-18.000781,28.758252],[-17.928809,28.84458],[-17.797559,28.846777],[-17.726562,28.724463],[-17.758008,28.569092],[-17.834277,28.493213]]]]}},{"type":"Feature","properties":{"sigla":"SVK","nome":"Eslováquia"},"geometry":{"type":"Polygon","coordinates":[[[22.538672,49.072705],[22.295215,48.68584],[22.142871,48.568506],[22.111328,48.393359],[21.721484,48.346582],[21.451367,48.552246],[21.067285,48.505908],[20.866602,48.545654],[20.490039,48.526904],[20.333789,48.295557],[19.950391,48.146631],[19.625391,48.223096],[19.466992,48.110693],[18.91416,48.05083],[18.791895,48.000293],[18.750098,47.939453],[18.778027,47.852881],[18.724219,47.787158],[17.761914,47.770166],[17.635254,47.809912],[17.317285,47.990918],[17.085938,48.039551],[16.86543,48.386914],[16.985254,48.676904],[17.135645,48.841064],[17.482617,48.827783],[17.758496,48.888135],[18.085938,49.065137],[18.160938,49.257373],[18.596484,49.491455],[18.938184,49.498291],[18.968359,49.39624],[19.149414,49.4],[19.250195,49.511426],[19.441602,49.597705],[19.630273,49.406641],[19.773926,49.372168],[19.756641,49.204395],[19.802246,49.192334],[19.916113,49.221387],[20.057617,49.181299],[20.163672,49.316406],[20.362988,49.385254],[20.616113,49.391699],[20.947266,49.31709],[21.079395,49.418262],[21.350488,49.42876],[21.890137,49.343457],[22.020117,49.209521],[22.538672,49.072705]]]}},{"type":"Feature","properties":{"sigla":"SVN","nome":"Eslovênia"},"geometry":{"type":"Polygon","coordinates":[[[16.516211,46.499902],[16.321191,46.534619],[16.236719,46.483838],[16.227441,46.372852],[16.066504,46.371338],[15.933301,46.277637],[15.635938,46.200732],[15.592578,46.13999],[15.666211,46.048486],[15.652148,45.862158],[15.277051,45.732617],[15.353711,45.659912],[15.283594,45.579687],[15.339453,45.467041],[15.24209,45.441406],[14.95459,45.499902],[14.793066,45.478223],[14.568848,45.657227],[14.369922,45.481445],[13.992773,45.509424],[13.878711,45.428369],[13.615234,45.476758],[13.57793,45.516895],[13.874707,45.614844],[13.72168,45.761279],[13.583398,45.812354],[13.600586,45.979785],[13.487695,45.987109],[13.486426,46.039551],[13.63252,46.177051],[13.420996,46.212305],[13.378223,46.261621],[13.399512,46.317529],[13.679688,46.462891],[13.7,46.520264],[14.549805,46.399707],[14.893262,46.605908],[15.439258,46.629639],[15.766895,46.711279],[15.957617,46.677637],[15.976855,46.801367],[16.093066,46.863281],[16.283594,46.857275],[16.38125,46.638672],[16.516211,46.499902]]]}},{"type":"Feature","properties":{"sigla":"SRB","nome":"Sérvia"},"geometry":{"type":"Polygon","coordinates":[[[21.360059,44.82666],[21.636133,44.710449],[21.909277,44.666113],[22.093066,44.541943],[22.497656,44.70625],[22.720898,44.605518],[22.734375,44.569922],[22.554004,44.540332],[22.502344,44.4896],[22.530664,44.377979],[22.705078,44.237793],[22.626563,44.194092],[22.597461,44.075293],[22.420801,44.007422],[22.369629,43.781299],[22.55459,43.454492],[22.976855,43.187988],[22.942285,43.09707],[22.706152,42.883936],[22.466797,42.84248],[22.43623,42.629102],[22.532422,42.481201],[22.42207,42.328857],[22.239746,42.358154],[21.5625,42.24751],[21.518945,42.328418],[21.609863,42.387451],[21.75293,42.669824],[21.390625,42.751416],[21.403027,42.831543],[21.237109,42.913232],[21.057031,43.091699],[20.844434,43.173437],[20.800586,43.261084],[20.623145,43.198633],[20.657617,43.099854],[20.624023,43.03418],[20.475098,42.953027],[20.468848,42.85791],[20.344336,42.82793],[20.339941,42.892871],[20.268457,42.935449],[19.614453,43.173437],[19.21875,43.449951],[19.194336,43.533301],[19.254492,43.584375],[19.45127,43.562061],[19.495117,43.642871],[19.488184,43.703564],[19.24502,43.965039],[19.549512,43.987109],[19.583789,44.043457],[19.118457,44.359961],[19.151367,44.527344],[19.291895,44.696777],[19.348633,44.880908],[19.236816,44.914258],[19.007129,44.869189],[18.995508,44.904004],[19.085254,44.926758],[19.062891,45.137207],[19.129688,45.151709],[19.136914,45.19624],[19.303027,45.167285],[19.388086,45.172998],[19.4,45.2125],[19.004688,45.399512],[19.064258,45.51499],[18.917871,45.60083],[18.947266,45.655811],[18.839063,45.835742],[18.905371,45.931738],[19.066211,46.009521],[19.278125,46.002881],[19.530762,46.155176],[20.210156,46.126025],[20.709277,45.735254],[20.775,45.749805],[20.794043,45.467871],[21.023828,45.321533],[21.490234,45.1479],[21.420703,45.032959],[21.35293,45.008984],[21.532324,44.900684],[21.35791,44.861816],[21.360059,44.82666]]]}},{"type":"Feature","properties":{"sigla":"SMR","nome":"San Marino"},"geometry":{"type":"Polygon","coordinates":[[[12.485254,43.901416],[12.396875,43.93457],[12.503711,43.989746],[12.485254,43.901416]]]}},{"type":"Feature","properties":{"sigla":"RUS","nome":"Rússia"},"geometry":{"type":"MultiPolygon","coordinates":[[[[145.881543,43.459521],[145.943555,43.426465],[145.893945,43.419824],[145.881543,43.459521]]],[[[146.358789,43.625391],[146.273828,43.629834],[146.310156,43.651855],[146.358789,43.625391]]],[[[146.045605,43.409326],[146.028027,43.420361],[146.100781,43.440186],[146.045605,43.409326]]],[[[137.178613,55.100439],[137.055273,54.926758],[136.714648,54.956152],[136.995703,55.092725],[137.178613,55.100439]]],[[[150.589941,59.01875],[150.511133,59.007422],[150.470215,59.054053],[150.666211,59.160156],[150.712695,59.122461],[150.727734,59.095215],[150.589941,59.01875]]],[[[120.261328,73.089844],[119.79209,73.04541],[119.64043,73.124316],[119.964453,73.167676],[120.261328,73.089844]]],[[[124.542969,73.850098],[124.366406,73.874609],[124.336523,73.928369],[124.547656,73.933838],[124.65293,73.888037],[124.542969,73.850098]]],[[[106.27041,78.206201],[106.023633,78.220117],[106.058398,78.264648],[106.350586,78.272607],[106.456836,78.340039],[106.719629,78.294189],[106.27041,78.206201]]],[[[107.414746,77.242676],[107.302246,77.241504],[107.269531,77.289014],[107.366406,77.346631],[107.486426,77.347119],[107.679492,77.268262],[107.414746,77.242676]]],[[[97.588379,76.599365],[97.430371,76.590723],[97.310352,76.6896],[97.381641,76.706689],[97.588379,76.599365]]],[[[96.853906,76.19917],[96.739355,76.206934],[96.835254,76.344824],[97.053027,76.302588],[96.853906,76.19917]]],[[[100.135938,79.614209],[99.91543,79.601611],[99.955762,79.690332],[100.300293,79.670264],[100.135938,79.614209]]],[[[76.756055,73.445801],[76.083105,73.523486],[76.250684,73.555273],[76.756055,73.445801]]],[[[82.709961,74.090869],[82.612793,74.056445],[82.329395,74.131104],[82.525586,74.161426],[82.709961,74.090869]]],[[[84.758984,74.459424],[84.710449,74.399805],[84.389453,74.454443],[84.872852,74.515527],[84.758984,74.459424]]],[[[86.653125,74.981299],[87.000586,74.991943],[87.124316,74.939893],[86.927148,74.830762],[86.390527,74.850879],[86.258594,74.893506],[86.653125,74.981299]]],[[[59.313086,81.305225],[58.610156,81.337256],[59.075,81.397705],[59.374609,81.325049],[59.313086,81.305225]]],[[[-179.798535,68.94043],[-179.47085,68.912402],[-179.279297,68.825195],[-178.873877,68.754102],[-178.538525,68.585645],[-178.751465,68.660449],[-178.692627,68.545996],[-178.097461,68.424805],[-178.018701,68.322754],[-178.055811,68.264893],[-177.796777,68.337988],[-178.373047,68.565674],[-177.527246,68.294385],[-177.639355,68.241211],[-177.589209,68.224219],[-177.297412,68.22251],[-175.345215,67.678076],[-175.23252,67.44668],[-175.374707,67.357373],[-175.155078,67.365381],[-175.002686,67.4375],[-174.849854,67.348877],[-174.938135,67.093018],[-174.783643,66.916797],[-174.771191,66.784326],[-174.870117,66.724902],[-174.924902,66.623145],[-174.674658,66.603418],[-174.50376,66.537939],[-174.394092,66.344238],[-174.084766,66.473096],[-174.017725,66.38252],[-174.065039,66.22959],[-173.773975,66.434668],[-173.920947,66.521777],[-174.196338,66.580713],[-174.231592,66.631885],[-174.060596,66.689795],[-174.005518,66.778613],[-174.086426,66.942871],[-174.341846,67.039746],[-174.518945,67.049072],[-174.550098,67.090625],[-173.679688,67.144775],[-173.157813,67.069092],[-173.323535,66.954834],[-173.347363,66.851367],[-173.258936,66.840088],[-173.175391,66.8646],[-173.228271,66.968555],[-173.193018,66.993604],[-172.962598,66.942139],[-172.520117,66.95249],[-173.00752,67.064893],[-171.795557,66.931738],[-171.360498,66.676758],[-170.473096,66.320264],[-170.604443,66.248926],[-170.301221,66.294043],[-170.191943,66.20127],[-170.243945,66.169287],[-169.777881,66.143115],[-169.72915,66.058105],[-169.831689,65.998926],[-170.159424,66.008057],[-170.540674,65.86543],[-170.560986,65.65625],[-170.666309,65.621533],[-171.451172,65.794238],[-171.054248,65.549951],[-171.169971,65.5021],[-171.46626,65.533105],[-171.907129,65.495947],[-171.957178,65.54209],[-172.282275,65.582324],[-172.435693,65.669629],[-172.783301,65.681055],[-172.353955,65.495996],[-172.417773,65.449561],[-172.232812,65.455713],[-172.211572,65.425195],[-172.309277,65.275635],[-172.661914,65.248535],[-172.286035,65.205713],[-172.213184,65.048145],[-172.592822,64.907959],[-173.066211,64.847168],[-173.085791,64.817334],[-172.801074,64.790527],[-172.924023,64.704932],[-172.900879,64.628857],[-172.487402,64.544189],[-172.37876,64.431543],[-172.73916,64.412256],[-172.791504,64.498926],[-172.903174,64.526074],[-172.949023,64.507373],[-172.915869,64.369434],[-173.009131,64.297461],[-173.157422,64.279736],[-173.375684,64.354883],[-173.375537,64.4104],[-173.309229,64.442676],[-173.32749,64.539551],[-173.603613,64.365479],[-173.729736,64.364502],[-174.570557,64.717773],[-175.036035,64.813672],[-175.442139,64.816699],[-175.853857,65.01084],[-175.856152,65.232812],[-175.922949,65.35249],[-176.093262,65.471045],[-177.05625,65.613623],[-177.48877,65.503711],[-178.4125,65.495557],[-178.525928,65.593018],[-178.502344,65.74043],[-178.791064,65.864746],[-178.939063,66.032764],[-178.746729,66.013672],[-178.693799,66.124219],[-178.586523,66.198437],[-178.526563,66.401562],[-178.868115,66.187061],[-179.105078,66.231934],[-179.143408,66.375049],[-179.192676,66.312549],[-179.340137,66.2875],[-179.327197,66.162598],[-179.616162,66.127881],[-179.683301,66.184131],[-179.783643,66.017969],[-179.789697,65.900879],[-179.72832,65.803809],[-179.365967,65.638623],[-179.3521,65.516748],[-179.70459,65.187207],[-180,65.067236],[-179.999951,68.983447],[-179.798535,68.94043]]],[[[130.687305,42.302539],[130.526953,42.5354],[130.584473,42.567334],[130.576563,42.623242],[130.424805,42.727051],[130.577246,42.811621],[131.068555,42.902246],[131.086133,43.038086],[131.175586,43.142187],[131.257324,43.378076],[131.243945,43.469043],[131.182422,43.505566],[131.174219,43.704736],[131.255273,44.071582],[130.981641,44.844336],[131.082324,44.91001],[131.446875,44.984033],[131.654004,45.205371],[131.851855,45.326855],[131.977539,45.243994],[132.936035,45.029932],[133.113477,45.130713],[133.113379,45.321436],[133.186035,45.494824],[133.436426,45.604687],[133.513086,45.878809],[133.647852,45.955225],[133.700684,46.139746],[133.861328,46.247754],[133.902734,46.366943],[133.866602,46.499121],[134.022656,46.713184],[134.071387,46.950781],[134.202148,47.128076],[134.167676,47.302197],[134.29082,47.413574],[134.541895,47.485156],[134.752344,47.71543],[134.566016,48.02251],[134.669336,48.15332],[134.665234,48.253906],[134.563574,48.321729],[134.293359,48.373437],[133.842188,48.27373],[133.468359,48.097168],[133.144043,48.105664],[132.707227,47.947266],[132.47627,47.71499],[131.785254,47.680518],[131.319336,47.727832],[130.961914,47.709326],[130.91543,47.84292],[130.732617,48.019238],[130.712109,48.127637],[130.804297,48.341504],[130.552148,48.60249],[130.617188,48.773193],[130.553125,48.861182],[130.195996,48.89165],[129.671094,49.278516],[129.533691,49.323437],[129.498145,49.388818],[129.065137,49.374658],[128.819336,49.46377],[128.770313,49.494727],[128.769043,49.576953],[128.704004,49.600146],[127.999609,49.568604],[127.711133,49.671533],[127.550781,49.801807],[127.491797,49.975049],[127.590234,50.208984],[127.337207,50.350146],[127.306055,50.453516],[127.346875,50.621338],[127.307031,50.707959],[126.924805,51.100146],[126.805469,51.505664],[126.70918,51.566309],[126.700781,51.703027],[126.510547,51.92583],[126.341699,52.362012],[126.194434,52.519141],[126.016016,52.610205],[126.048145,52.739453],[125.871875,52.871533],[125.728125,52.890723],[125.649023,53.042285],[125.075,53.203662],[124.812305,53.133838],[124.465918,53.229639],[124.219922,53.370117],[123.607813,53.546533],[123.154102,53.54458],[122.51582,53.456982],[122.337793,53.48501],[120.985449,53.28457],[120.704102,53.171826],[120.094531,52.787207],[120.044336,52.718213],[120.067578,52.63291],[120.521094,52.615039],[120.656152,52.56665],[120.699219,52.493604],[120.650391,52.395898],[120.66543,52.299902],[120.744531,52.205469],[120.749805,52.096533],[120.681445,51.973047],[120.066895,51.600684],[119.813184,51.267041],[119.745996,51.107715],[119.512305,50.863135],[119.445703,50.702832],[119.163672,50.406006],[119.301562,50.353906],[119.346289,50.278955],[119.259863,50.066406],[118.755957,49.962842],[118.451563,49.844482],[117.873438,49.513477],[117.245605,49.624854],[116.683301,49.823779],[116.551172,49.920312],[116.216797,50.009277],[115.717773,49.880615],[115.429199,49.896484],[114.743164,50.233691],[114.29707,50.274414],[113.574219,50.007031],[113.16416,49.797168],[113.055566,49.61626],[112.806445,49.523584],[112.494922,49.532324],[112.079688,49.424219],[111.336621,49.355859],[110.709766,49.142969],[110.427832,49.219971],[110.199902,49.17041],[109.236719,49.334912],[108.613672,49.322803],[107.96543,49.653516],[107.916602,49.947803],[107.233301,49.989404],[106.711133,50.312598],[106.217871,50.30459],[105.875195,50.405371],[105.383594,50.47373],[105.094727,50.389941],[104.466309,50.306152],[104.078711,50.154248],[103.802637,50.176074],[103.63291,50.138574],[103.304395,50.200293],[103.161719,50.290723],[102.683301,50.387158],[102.288379,50.585107],[102.316602,50.718457],[102.215039,50.829443],[102.155664,51.31377],[102.111523,51.353467],[101.570898,51.467187],[101.38125,51.452637],[100.468945,51.726074],[99.92168,51.755518],[99.719238,51.871631],[99.407031,51.923535],[98.893164,52.117285],[98.640527,51.801172],[98.352734,51.717627],[98.219922,51.505615],[98.037598,51.449951],[97.946875,51.348437],[97.91084,51.165186],[97.835742,51.05166],[97.825293,50.985254],[97.953125,50.855176],[98.029785,50.644629],[98.279492,50.533252],[98.250293,50.302441],[98.103418,50.077832],[98.003906,50.014258],[97.589355,49.911475],[97.359766,49.741455],[97.208594,49.730811],[96.985742,49.882812],[96.315039,49.901123],[96.065527,49.99873],[95.935742,49.96001],[95.789355,50.0125],[95.522656,49.91123],[95.111426,49.935449],[94.930273,50.04375],[94.614746,50.02373],[94.354688,50.221826],[94.251074,50.556396],[93.103125,50.603906],[93.009863,50.654541],[92.941309,50.778223],[92.779297,50.778662],[92.738672,50.710938],[92.62666,50.688281],[92.354785,50.86416],[92.295801,50.849805],[92.192383,50.700586],[91.804297,50.693604],[91.446484,50.522168],[91.415039,50.468018],[91.021582,50.415479],[90.655078,50.222363],[90.053711,50.09375],[89.977344,49.984326],[89.643848,49.903027],[89.654102,49.71748],[89.395605,49.611523],[89.243945,49.627051],[89.109473,49.501367],[89.008398,49.472803],[88.900195,49.539697],[88.831641,49.448437],[88.633203,49.486133],[88.192578,49.451709],[88.115723,49.256299],[87.988086,49.186914],[87.416699,49.076611],[87.322852,49.085791],[87.233691,49.216162],[87.000977,49.287305],[86.714355,49.558594],[86.626465,49.562695],[86.614258,49.609717],[86.730664,49.695557],[86.675488,49.777295],[86.180859,49.499316],[85.232617,49.61582],[85.000781,49.894141],[84.989453,50.061426],[84.607324,50.202393],[84.323242,50.23916],[84.257812,50.288232],[84.175977,50.520557],[83.945117,50.774658],[83.357324,50.99458],[83.160254,50.989209],[83.019238,50.897266],[82.76084,50.893359],[82.493945,50.727588],[82.098047,50.71084],[81.933691,50.766357],[81.465918,50.739844],[81.388281,50.956494],[81.071484,50.96875],[81.127246,51.191064],[80.965625,51.189795],[80.877344,51.281445],[80.735254,51.293408],[80.448047,51.18335],[80.423633,50.946289],[80.220215,50.911768],[80.086328,50.83999],[80.065918,50.758203],[79.98623,50.774561],[79.468848,51.493115],[78.475488,52.638428],[77.859961,53.269189],[76.484766,54.022559],[76.42168,54.151514],[76.65459,54.145264],[76.837305,54.442383],[76.266602,54.311963],[75.692871,54.114795],[75.437207,54.089648],[75.377051,53.970117],[75.220215,53.893799],[75.052148,53.826709],[74.83418,53.825684],[74.451953,53.647266],[74.402734,53.504443],[74.351562,53.487646],[74.209961,53.576465],[73.858984,53.619727],[73.642969,53.57627],[73.406934,53.447559],[73.285742,53.598389],[73.305664,53.707227],[73.399414,53.811475],[73.678906,53.929443],[73.712402,54.042383],[73.617969,54.067383],[73.380664,53.962842],[73.229883,53.957812],[72.914062,54.107324],[72.622266,54.134326],[72.564258,54.09043],[72.585938,53.995947],[72.446777,53.941846],[72.404297,53.964453],[72.387305,54.123047],[72.186035,54.325635],[72.105371,54.308447],[72.004492,54.205664],[71.336426,54.15835],[71.093164,54.212207],[71.052734,54.260498],[71.152148,54.364062],[71.185547,54.599316],[70.910156,55.127979],[70.738086,55.305176],[70.486328,55.282373],[70.182422,55.162451],[69.493262,55.356885],[68.977246,55.3896],[68.524805,55.204834],[68.20625,55.160937],[68.244043,55.052441],[68.155859,54.976709],[66.222656,54.667383],[65.954688,54.659521],[65.914258,54.693311],[65.707813,54.618701],[65.476953,54.623291],[65.237402,54.516064],[65.157813,54.364404],[65.088379,54.340186],[64.926758,54.396631],[64.649902,54.352246],[64.46123,54.38418],[63.84707,54.236475],[63.191309,54.171045],[63.073926,54.105225],[62.632715,54.069287],[62.499023,54.013184],[62.040234,54.002637],[61.928711,53.946484],[61.333691,54.049268],[61.231055,54.019482],[61.14375,53.963818],[61.113184,53.753467],[60.979492,53.621729],[61.247949,53.550977],[61.474121,53.580273],[61.534961,53.523291],[61.400977,53.455811],[61.228906,53.445898],[61.162793,53.336768],[61.199219,53.287158],[61.659863,53.228467],[62.014648,53.107861],[62.082715,53.00542],[61.974219,52.94375],[61.400781,52.995996],[61.047461,52.972461],[60.774414,52.675781],[60.994531,52.336865],[60.670313,52.15083],[60.425488,52.125586],[60.030273,51.933252],[60.3875,51.772998],[60.464746,51.651172],[61.363086,51.441895],[61.554688,51.324609],[61.585059,51.229687],[61.389453,50.861035],[60.942285,50.695508],[60.424805,50.67915],[60.288086,50.70415],[60.058594,50.850293],[59.955176,50.799268],[59.812402,50.582031],[59.523047,50.492871],[59.523926,50.582812],[59.452344,50.62041],[58.883691,50.694434],[58.547461,50.971045],[58.35918,51.063818],[57.838867,51.09165],[57.653809,50.925146],[57.442188,50.888867],[57.179004,51.036035],[57.011719,51.065186],[56.620215,50.980859],[56.491406,51.019531],[56.143945,50.844629],[56.049707,50.713525],[55.68623,50.582861],[55.361133,50.665283],[54.867969,50.941357],[54.641602,51.011572],[54.546094,50.946045],[54.60625,50.879883],[54.65,50.660156],[54.636133,50.591602],[54.555273,50.535791],[54.471484,50.583789],[54.421484,50.780322],[54.139746,51.040771],[53.956836,51.161182],[53.688086,51.251807],[53.534668,51.399561],[53.338086,51.482373],[52.571191,51.481641],[52.331055,51.681299],[52.219141,51.709375],[52.007129,51.672705],[51.609082,51.483984],[51.344531,51.475342],[51.269922,51.594482],[51.163477,51.647461],[50.793945,51.729199],[50.309277,51.321582],[49.822266,51.131885],[49.498047,51.083594],[49.323438,50.851709],[48.808398,50.601318],[48.625098,50.612695],[48.843262,50.013135],[48.758984,49.92832],[48.434277,49.828516],[48.334961,49.858252],[47.705762,50.377979],[47.599609,50.413574],[47.429199,50.357959],[47.294727,50.21748],[47.295215,50.058496],[47.24834,50.000879],[46.991992,49.852734],[46.889551,49.696973],[46.802051,49.36709],[47.031348,49.150293],[46.702637,48.805566],[46.60918,48.573877],[46.660938,48.412256],[47.064648,48.232471],[47.119043,48.127002],[47.093262,47.947705],[47.292383,47.740918],[47.481934,47.803906],[48.166992,47.708789],[48.552539,47.320996],[48.959375,46.774609],[48.883594,46.70542],[48.558398,46.757129],[48.502344,46.698633],[48.541211,46.605615],[49.232227,46.337158],[49.245898,46.291602],[49.125488,46.281738],[49.07959,46.189209],[48.683691,46.086182],[48.72959,45.896826],[48.487012,45.934863],[48.15918,45.737012],[47.830176,45.663037],[47.701074,45.686182],[47.633301,45.584033],[47.463281,45.679688],[47.524219,45.601709],[47.514551,45.490918],[47.413086,45.421045],[47.35127,45.217725],[47.083789,44.816992],[47.00293,44.876074],[46.957422,44.782568],[46.755273,44.656543],[46.716113,44.560693],[46.753027,44.420654],[47.023633,44.343262],[47.307031,44.103125],[47.462793,43.555029],[47.562598,43.834668],[47.646484,43.884619],[47.508984,43.509717],[47.512891,43.21875],[47.463184,43.035059],[47.634863,42.903467],[47.709082,42.810937],[47.727734,42.680713],[48.080176,42.353711],[48.383789,41.953418],[48.572852,41.844482],[48.391406,41.601904],[48.056055,41.458691],[47.861133,41.212744],[47.520605,41.229053],[47.261133,41.315088],[47.205273,41.455615],[46.749316,41.812598],[46.571289,41.800098],[46.537695,41.87041],[45.954004,42.0354],[45.638574,42.205078],[45.727539,42.475049],[45.655566,42.517676],[45.34375,42.529785],[45.160254,42.675],[44.870996,42.756396],[44.771094,42.616797],[44.644336,42.734717],[44.505859,42.748633],[43.957422,42.566553],[43.825977,42.571533],[43.738379,42.616992],[43.782617,42.747021],[43.08916,42.989062],[42.991602,43.091504],[42.760645,43.16958],[42.566016,43.155127],[42.419043,43.224219],[42.05,43.190137],[41.580566,43.219238],[41.358203,43.333398],[41.083105,43.374463],[40.648047,43.533887],[40.518945,43.512012],[40.150195,43.569775],[40.08457,43.553125],[39.97832,43.419824],[38.717285,44.288086],[38.18125,44.419678],[37.851465,44.698828],[37.704883,44.661377],[37.495117,44.695264],[37.352344,44.788379],[37.204785,44.971973],[36.650781,45.126465],[36.619141,45.185498],[36.941211,45.289697],[36.72041,45.371875],[36.79375,45.409717],[36.865918,45.427051],[37.213574,45.272314],[37.647168,45.377197],[37.671875,45.488379],[37.609961,45.499512],[37.612402,45.564697],[37.840918,45.799561],[37.933105,46.001709],[38.014258,46.047754],[38.073828,46.01709],[38.07959,45.934814],[38.183594,46.094824],[38.492285,46.090527],[38.077734,46.394336],[37.913867,46.406494],[37.766504,46.636133],[37.967969,46.618018],[38.22998,46.70127],[38.500977,46.663672],[38.438672,46.813086],[39.270703,47.044141],[39.293457,47.105762],[39.195703,47.268848],[39.02373,47.272217],[38.92832,47.175684],[38.668164,47.143945],[38.552441,47.150342],[38.761914,47.261621],[38.577246,47.239111],[38.214355,47.091455],[38.201367,47.175244],[38.280762,47.27666],[38.201367,47.320801],[38.287402,47.55918],[38.640625,47.665918],[38.822266,47.837012],[39.735938,47.844824],[39.778711,47.887549],[39.775781,47.964453],[39.95791,48.268896],[39.847461,48.302783],[39.889844,48.360449],[39.835645,48.542773],[39.644727,48.591211],[39.70459,48.739355],[39.792871,48.807715],[40.003613,48.82207],[39.75332,48.914453],[39.686523,49.00791],[39.889746,49.064062],[40.108789,49.251562],[40.126172,49.368848],[40.057813,49.431543],[40.080664,49.576855],[39.780566,49.572021],[39.462793,49.728027],[39.30293,49.742041],[39.174805,49.855957],[38.918359,49.824707],[38.647754,49.952881],[38.451172,49.964062],[38.258594,50.052344],[38.177539,50.025391],[38.146777,49.939404],[38.046875,49.92002],[37.704199,50.109082],[37.582324,50.291846],[37.422852,50.411475],[36.759082,50.291846],[36.619434,50.209229],[36.499805,50.280469],[36.306055,50.280469],[36.116406,50.408545],[35.890234,50.437109],[35.67373,50.345996],[35.591113,50.36875],[35.411621,50.539697],[35.391699,50.610937],[35.440137,50.727686],[35.314746,50.949902],[35.311914,51.043896],[35.158105,51.060986],[35.064063,51.203418],[34.712305,51.172217],[34.213867,51.255371],[34.275,51.340186],[34.229883,51.363232],[34.200879,51.553809],[34.121094,51.67915],[34.379297,51.716504],[34.397852,51.78042],[34.113086,51.979639],[33.92207,52.251465],[33.735254,52.344775],[33.148438,52.34043],[32.806445,52.252637],[32.435449,52.307227],[32.362988,52.272119],[32.282813,52.114014],[32.122266,52.050586],[31.763379,52.101074],[31.577344,52.312305],[31.615918,52.546191],[31.519434,52.69873],[31.564844,52.759229],[31.258789,53.016699],[31.417871,53.196045],[31.668262,53.200928],[31.849707,53.106201],[32.141992,53.091162],[32.42627,53.210596],[32.469336,53.270312],[32.704297,53.336328],[32.706445,53.419434],[32.469629,53.546973],[32.425195,53.617285],[32.450195,53.69292],[32.200391,53.78125],[31.754199,53.810449],[31.825977,54.030713],[31.403613,54.195947],[31.184766,54.452979],[31.074805,54.491797],[31.152148,54.625342],[30.798828,54.783252],[30.829883,54.91499],[30.977734,55.050488],[30.958887,55.137598],[30.810547,55.306982],[30.900586,55.397412],[30.906836,55.57002],[30.625586,55.66626],[30.45625,55.786816],[30.233594,55.845215],[29.937012,55.845264],[29.482227,55.68457],[29.353418,55.784375],[29.396094,55.912207],[29.283008,55.967871],[29.031738,56.021777],[28.794727,55.942578],[28.563965,56.091992],[28.284277,56.055908],[28.147949,56.14292],[28.202051,56.2604],[28.169238,56.386865],[28.103125,56.545703],[27.89209,56.741064],[27.881543,56.82417],[27.806055,56.86709],[27.639453,56.845654],[27.717383,57.054639],[27.830273,57.194482],[27.828613,57.293311],[27.538672,57.429785],[27.511133,57.508154],[27.354297,57.550293],[27.4,57.666797],[27.54209,57.799414],[27.778516,57.870703],[27.673438,57.934619],[27.502441,58.221338],[27.531348,58.435254],[27.43418,58.787256],[27.757617,59.052002],[27.897656,59.277637],[28.151074,59.374414],[28.0125,59.484277],[28.063965,59.554004],[28.013965,59.724756],[28.058008,59.781543],[28.33457,59.692529],[28.518164,59.849561],[28.747656,59.806689],[28.947266,59.82876],[29.147266,59.999756],[30.122559,59.873584],[30.172656,59.957129],[29.976758,60.026367],[29.721191,60.195312],[29.069141,60.191455],[28.643164,60.375293],[28.491602,60.540137],[28.622461,60.491602],[28.650586,60.610986],[28.512793,60.677295],[28.179297,60.570996],[27.797656,60.536133],[28.407422,60.896924],[29.25166,61.287793],[31.186719,62.481396],[31.536523,62.921631],[31.180859,63.208301],[30.418555,63.504053],[29.991504,63.735156],[30.210254,63.80332],[30.526074,64.077295],[30.487891,64.236523],[30.108105,64.366113],[29.986621,64.524268],[30.120117,64.644629],[30.110254,64.732568],[29.783203,64.804297],[29.604199,64.968408],[29.622461,65.039502],[29.826953,65.145068],[29.810547,65.204736],[29.608008,65.248682],[29.714844,65.336963],[29.728027,65.473438],[29.819434,65.56875],[29.715918,65.624561],[30.095313,65.681689],[30.0875,65.786523],[29.903418,66.091064],[29.066211,66.891748],[29.087012,66.970947],[29.243359,67.096582],[29.941211,67.547461],[29.988086,67.668262],[29.343848,68.061865],[28.685156,68.189795],[28.470703,68.488379],[28.772852,68.840039],[28.414062,68.90415],[29.118555,69.049951],[29.388281,69.298145],[29.994043,69.39248],[30.16377,69.501611],[30.196484,69.580566],[30.159766,69.629883],[30.61543,69.532568],[30.860742,69.538428],[30.922461,69.605811],[30.869727,69.783447],[31.546973,69.696924],[31.666211,69.720996],[31.788574,69.815771],[31.997949,69.809912],[32.030566,69.835303],[31.98457,69.953662],[33.007812,69.722119],[32.994629,69.626172],[32.915039,69.601709],[32.176758,69.674023],[32.091504,69.632568],[32.330566,69.554248],[32.377734,69.479102],[32.999805,69.470117],[33.020996,69.445605],[32.941602,69.38335],[32.978906,69.367334],[33.454297,69.428174],[33.327734,69.151855],[33.141211,69.068701],[33.435645,69.130371],[33.684375,69.310254],[34.229395,69.313135],[35.00957,69.22124],[35.289844,69.275439],[35.85791,69.191748],[37.730566,68.692139],[38.430176,68.355615],[38.831543,68.324902],[39.568945,68.071729],[39.82334,68.058594],[39.746289,68.162207],[39.809277,68.15083],[40.380664,67.831885],[40.966406,67.713477],[41.060938,67.444189],[41.133887,67.386035],[41.133887,67.266943],[41.358789,67.209668],[41.275586,66.914307],[41.188965,66.826172],[40.521582,66.446631],[40.10332,66.299951],[39.289062,66.132031],[38.653906,66.069043],[37.900684,66.095605],[36.983691,66.272559],[35.513477,66.395801],[34.824609,66.611133],[34.482617,66.550342],[34.396094,66.613184],[34.451563,66.651221],[33.150195,66.843945],[32.847559,67.021533],[32.930469,67.086816],[31.895313,67.161426],[32.201563,67.113232],[32.500977,67.003857],[32.463672,66.916309],[32.862402,66.721387],[33.180566,66.679932],[33.217383,66.531641],[33.655957,66.442627],[33.593262,66.38457],[33.360547,66.329541],[34.112695,66.225244],[34.399805,66.128418],[34.691797,65.951855],[34.786328,65.864551],[34.776953,65.768262],[34.615723,65.509912],[34.406445,65.395752],[34.671094,65.168115],[34.803516,64.985986],[34.832617,64.800195],[34.952246,64.755957],[34.858301,64.706689],[34.869531,64.56001],[35.035352,64.440234],[35.432031,64.346777],[35.64707,64.37832],[36.146484,64.189014],[36.364941,64.002832],[37.442188,63.813379],[37.967969,63.949121],[38.070801,64.02583],[38.062207,64.091016],[37.953711,64.320117],[37.740625,64.396973],[37.183691,64.408496],[36.578711,64.790967],[36.528223,64.847363],[36.53457,64.938623],[36.785938,64.987158],[36.882812,65.172363],[37.14082,65.194287],[37.528125,65.108252],[38.009375,64.87876],[38.412109,64.85708],[38.540918,64.79126],[39.053516,64.713916],[39.567383,64.570557],[39.758008,64.577051],[39.848633,64.690527],[40.057813,64.770752],[40.444922,64.778711],[40.28125,64.998096],[39.798047,65.349854],[39.749121,65.447949],[39.816504,65.597949],[40.327832,65.751709],[40.691602,65.963428],[41.475781,66.123437],[42.210547,66.519678],[42.602148,66.42251],[43.233203,66.415527],[43.653125,66.250977],[43.541895,66.123389],[43.84375,66.142383],[44.104395,66.008594],[44.145313,66.112744],[44.097168,66.235059],[44.488672,66.671777],[44.429297,66.937744],[44.291797,67.099658],[43.855371,67.188623],[43.782422,67.254492],[43.856348,67.439307],[44.225391,67.995605],[44.204688,68.25376],[44.169141,68.3271],[43.404004,68.608545],[43.333203,68.673389],[43.471973,68.679834],[44.048047,68.548828],[45.078125,68.578174],[45.891992,68.479687],[46.683594,67.970459],[46.69043,67.848828],[45.528711,67.757568],[44.939453,67.477441],[44.902148,67.413135],[44.939453,67.350781],[45.562207,67.185596],[45.885352,66.891064],[46.492383,66.800195],[47.655859,66.975928],[47.768066,67.275635],[47.908203,67.454688],[47.874707,67.58418],[48.653809,67.695264],[48.833203,67.681494],[48.87793,67.731348],[48.695703,67.874219],[48.754297,67.895947],[49.155273,67.87041],[50.699414,68.317725],[51.994727,68.53877],[52.285352,68.459375],[52.183496,68.374268],[52.39668,68.351709],[52.669727,68.426758],[52.722656,68.484033],[52.550098,68.592432],[52.344043,68.608154],[52.683594,68.731201],[53.801953,68.995898],[54.491211,68.992334],[53.797656,68.907471],[53.970605,68.844287],[53.758887,68.633984],[53.917676,68.536963],[53.930859,68.435547],[53.829492,68.382666],[53.690039,68.402539],[53.342578,68.343213],[53.260547,68.26748],[53.967871,68.227344],[54.476172,68.294141],[54.717969,68.18418],[54.861328,68.201855],[54.923047,68.373828],[55.418066,68.567822],[56.043652,68.648877],[57.126855,68.554004],[58.173047,68.889746],[58.237012,68.833936],[58.353906,68.916211],[59.057324,69.006055],[59.110156,68.896289],[59.370508,68.738379],[59.112305,68.616309],[59.099023,68.444336],[59.725684,68.351611],[59.858789,68.396045],[59.922852,68.471338],[59.941406,68.510498],[59.865137,68.604932],[59.895996,68.706348],[60.48916,68.728955],[60.933594,68.986768],[60.858594,69.145508],[60.664551,69.110254],[60.170605,69.590918],[60.276465,69.652637],[60.558691,69.692334],[60.909082,69.847119],[63.361426,69.675293],[64.19043,69.534668],[64.928516,69.325391],[64.896289,69.247803],[65.031543,69.269824],[66.416113,68.947852],[67.002441,68.873584],[67.149219,68.753955],[67.730762,68.513672],[68.371191,68.314258],[68.504199,68.348438],[68.829492,68.567432],[69.140527,68.950635],[68.762891,68.917383],[68.542773,68.96709],[68.117383,69.23623],[68.073047,69.420801],[68.005859,69.480029],[67.624121,69.584424],[67.064453,69.693701],[66.964063,69.655566],[66.89668,69.553809],[66.804004,69.659229],[66.80293,69.740137],[66.926367,70.014258],[67.069043,70.005615],[67.239258,70.108057],[67.146484,70.219922],[67.284766,70.738721],[67.143359,70.837549],[66.702246,70.818506],[66.666113,70.900586],[66.84707,71.063721],[66.692578,71.041699],[66.639648,71.081396],[66.917578,71.282373],[67.541797,71.412012],[68.269238,71.682812],[68.607422,72.012744],[69.039062,72.669922],[69.391406,72.955518],[69.694336,72.977539],[69.645117,72.897559],[69.738281,72.884961],[71.500195,72.913672],[71.92959,72.819678],[72.446387,72.790332],[72.812109,72.691406],[72.75293,72.343164],[72.574121,72.012549],[72.279492,71.695508],[71.912012,71.547949],[71.867285,71.457373],[72.079297,71.306689],[72.581348,71.151123],[72.704492,70.963232],[72.7,70.457324],[72.469434,70.274951],[72.529688,70.17251],[72.599414,69.793213],[72.615625,69.484033],[72.527051,69.154248],[72.576758,68.968701],[72.811914,68.815234],[73.548047,68.574512],[73.591699,68.481885],[73.139453,68.181348],[73.173047,67.973047],[73.152148,67.865039],[73.066797,67.766943],[72.594336,67.586963],[71.847461,67.007617],[71.668164,66.939697],[71.365234,66.961523],[71.551172,66.760449],[71.539551,66.683105],[71.341992,66.686719],[70.724902,66.519434],[70.382812,66.60249],[70.442578,66.668262],[70.690723,66.745312],[70.283398,66.685791],[69.877148,66.845459],[69.013477,66.78833],[69.194336,66.578662],[69.982422,66.401416],[70.339453,66.342383],[71.358008,66.359424],[72.067578,66.25332],[72.321582,66.332129],[72.417383,66.560791],[73.513574,66.861084],[73.79209,66.995312],[74.074512,67.414111],[74.769531,67.766357],[74.742676,68.073535],[74.391406,68.420605],[74.480957,68.658887],[74.57959,68.751221],[75.124609,68.861719],[76.45918,68.978271],[76.735059,68.776904],[77.111719,68.596191],[77.238477,68.46958],[77.248438,67.941016],[77.174414,67.778516],[77.771582,67.570264],[78.922461,67.589111],[78.839063,67.631201],[77.588281,67.751904],[77.520117,67.909619],[77.535937,68.007666],[77.664844,68.190381],[77.995117,68.259473],[77.650684,68.903027],[77.466309,68.905127],[76.000977,69.235059],[75.42002,69.238623],[75.053516,69.116309],[74.814844,69.090576],[74.362598,69.14458],[73.977441,69.114648],[73.775684,69.198242],[73.890918,69.417969],[73.560156,69.707227],[73.578125,69.802979],[73.830176,70.175684],[74.343359,70.578711],[74.310938,70.653613],[73.576563,71.216504],[73.08623,71.444922],[73.671777,71.845068],[74.489063,71.997021],[74.992188,72.144824],[75.089941,72.263135],[75.060352,72.548779],[74.786816,72.811865],[75.152441,72.852734],[75.369336,72.796631],[75.603516,72.581055],[75.591406,72.457227],[75.741406,72.29624],[75.550195,72.170801],[75.394531,71.983203],[75.273828,71.958936],[75.247461,71.813379],[75.503223,71.654639],[75.468555,71.534375],[75.280273,71.430078],[75.332031,71.341748],[75.733594,71.265918],[76.741992,71.202051],[76.929004,71.127881],[76.995215,71.181055],[77.589648,71.16792],[78.320605,70.93042],[79.01543,70.950195],[79.083887,71.002002],[78.723926,70.975977],[78.491406,71.025391],[78.212598,71.266309],[77.908398,71.324072],[77.481055,71.311572],[76.433398,71.55249],[76.312109,71.595459],[76.032422,71.9104],[76.42168,72.006006],[76.871387,72.033008],[77.550781,71.84209],[78.186914,71.90708],[78.232422,71.952295],[78.016406,72.092041],[77.780664,72.114307],[77.492871,72.071729],[77.41084,72.107764],[77.471582,72.192139],[77.733203,72.229199],[77.968164,72.328711],[78.482617,72.394971],[79.42207,72.380762],[79.953906,72.223047],[80.7625,72.08916],[80.856055,71.970215],[81.661621,71.715967],[82.757812,71.764111],[83.106641,71.720508],[83.233594,71.668164],[82.977051,71.451367],[82.322852,71.26001],[82.23916,70.997705],[82.335938,70.807373],[82.163184,70.598145],[82.221191,70.395703],[82.258398,70.543604],[82.45166,70.690088],[82.59248,70.889941],[82.869141,70.954834],[83.010156,70.89541],[83.051074,70.815234],[83.030176,70.580518],[82.919824,70.407422],[82.682324,70.217725],[82.856543,70.104541],[83.080762,70.093018],[83.132031,70.157178],[83.073828,70.276709],[83.49707,70.345264],[83.659863,70.418359],[83.735938,70.546484],[83.578906,70.765918],[83.15127,71.103613],[83.266016,71.275879],[83.550488,71.543652],[83.534375,71.683936],[83.200293,71.874707],[82.64541,71.925244],[82.319141,72.071826],[82.183594,72.237549],[82.093652,72.26543],[81.098145,72.389746],[80.827051,72.488281],[80.65625,72.712012],[80.841602,72.94917],[80.757422,73.025244],[80.509668,73.086084],[80.424512,73.231152],[80.398047,73.356836],[80.595898,73.474023],[80.583203,73.568457],[81.816992,73.658838],[83.544727,73.666504],[84.737891,73.762842],[85.200586,73.721533],[85.44834,73.734619],[85.611426,73.821582],[86.892969,73.887109],[87.029492,73.82417],[86.094141,73.57832],[85.827051,73.492773],[85.792578,73.43833],[85.818164,73.326953],[86.677051,73.106787],[86.715039,73.12583],[85.910059,73.39043],[85.938965,73.456494],[86.092383,73.519141],[87.120117,73.615039],[87.571191,73.810742],[87.209668,73.878662],[86.571094,74.24375],[86.001367,74.316016],[86.18291,74.423047],[86.395801,74.450098],[86.664746,74.414258],[86.897949,74.325342],[87.229688,74.363867],[86.425684,74.585498],[85.791016,74.645117],[85.880762,74.740234],[86.058887,74.728223],[86.20127,74.816211],[86.651465,74.682422],[86.862891,74.717871],[87.419336,74.940918],[87.467578,75.013232],[86.939063,75.068115],[86.92168,75.112793],[87.005957,75.169824],[87.170801,75.191748],[87.671387,75.12959],[88.733105,75.369189],[89.310254,75.470117],[89.595117,75.458252],[90.184961,75.591064],[91.479492,75.649658],[91.84541,75.723682],[94.075195,75.912891],[94.156348,75.959229],[93.687012,75.921582],[93.574023,75.956299],[93.406055,75.90127],[93.178125,75.958984],[92.986621,75.902686],[92.89043,75.909961],[92.858594,75.979492],[92.971582,76.075098],[93.104883,76.02583],[93.259277,76.098779],[93.648438,76.05415],[94.102344,76.123584],[94.506738,76.107959],[94.575586,76.151758],[95.038477,76.113525],[95.578711,76.137305],[96.075488,76.081982],[95.65332,75.892188],[96.600586,75.989893],[96.49707,75.891211],[97.350684,76.033398],[97.499219,75.980225],[97.669824,76.078027],[97.918359,76.088672],[98.662012,76.242676],[99.562695,76.109326],[99.77041,76.02876],[99.602344,75.852051],[99.442187,75.803174],[99.540723,75.798584],[99.851367,75.930273],[99.825391,76.135937],[99.616797,76.240186],[98.805664,76.480664],[100.322363,76.47915],[100.84375,76.525195],[101.597754,76.439209],[101.683789,76.485498],[100.928027,76.556738],[101.099316,76.704004],[100.92041,76.82251],[100.905859,76.900684],[100.989941,76.990479],[101.185742,77.028564],[101.517676,77.198096],[102.610156,77.508545],[103.131445,77.626465],[103.560742,77.631934],[104.014551,77.73042],[105.710254,77.525244],[105.894531,77.488867],[106.05957,77.390527],[105.73418,77.352002],[105.38457,77.237842],[104.202441,77.101807],[105.645898,77.100684],[105.712012,77.001465],[105.822168,76.99751],[106.14541,77.045312],[106.941602,77.034375],[107.278906,76.990967],[107.429785,76.926563],[106.63877,76.573389],[106.384668,76.589453],[106.413574,76.512256],[106.825391,76.480078],[107.722168,76.522314],[107.902246,76.569678],[108.02793,76.718457],[108.181641,76.737842],[109.981152,76.711865],[110.471484,76.758398],[111.114844,76.723047],[111.786133,76.603564],[112.093945,76.480322],[111.942676,76.380469],[112.29707,76.434668],[112.619531,76.383545],[112.68418,76.218848],[112.798438,76.129639],[112.65625,76.053564],[113.04668,76.114111],[113.150391,76.174512],[112.987988,76.239746],[113.272656,76.25166],[113.427734,76.112109],[113.563867,75.89165],[113.857227,75.921289],[113.870996,75.856006],[113.74873,75.704785],[113.567578,75.568408],[113.485938,75.563965],[113.517188,75.621875],[113.391602,75.677881],[112.466113,75.843652],[112.72959,75.737646],[112.955664,75.571924],[113.242969,75.611426],[113.35625,75.534277],[113.726172,75.450635],[113.613574,75.292969],[112.924902,75.015039],[111.868262,74.740039],[111.299023,74.658447],[110.373535,74.466064],[110.225879,74.378662],[109.840332,74.321973],[109.911328,74.261328],[109.810254,74.169189],[109.075,74.032324],[108.199512,73.694092],[107.76543,73.625],[107.271094,73.621045],[106.679395,73.330664],[106.188672,73.308008],[105.677148,72.959277],[105.143945,72.777051],[105.708203,72.83667],[106.47793,73.139404],[107.750391,73.173145],[108.351465,73.310205],[109.089941,73.378418],[109.331055,73.487451],[109.855273,73.472461],[110.868164,73.730713],[110.722363,73.779932],[110.388281,73.726025],[109.752734,73.722559],[109.665625,73.800244],[109.869141,73.930615],[110.261426,74.017432],[111.05625,73.939355],[111.130859,74.052832],[111.550586,74.028516],[111.228125,73.968555],[111.400391,73.827734],[112.147266,73.708936],[112.79541,73.746094],[112.939648,73.835645],[112.835938,73.962061],[113.032813,73.913867],[113.416211,73.647607],[113.156934,73.45957],[113.490918,73.346094],[113.474609,73.047852],[113.369336,72.941895],[113.127832,72.830664],[113.186133,72.730176],[113.312207,72.657373],[113.664551,72.634521],[113.711914,72.65415],[113.298145,72.738867],[113.215527,72.805859],[113.542773,73.054346],[113.581445,73.142236],[113.558887,73.232617],[113.88623,73.345801],[113.539453,73.433643],[113.510352,73.50498],[114.060547,73.584668],[114.816016,73.607178],[115.337695,73.702588],[116.495508,73.676074],[117.308594,73.59917],[118.450195,73.589795],[118.870898,73.537891],[118.936426,73.481201],[118.457031,73.464404],[118.376563,73.367236],[118.430273,73.246533],[119.750391,72.979102],[120.597949,72.981104],[120.997168,72.936719],[121.747852,72.969678],[122.029785,72.897217],[122.5375,72.877783],[122.751953,72.906494],[122.501953,72.970654],[122.526758,73.016699],[123.160352,72.954883],[123.301172,73.001807],[123.461621,73.144189],[123.622266,73.193262],[123.322656,73.430811],[123.305078,73.53291],[123.416211,73.636865],[123.491113,73.666357],[123.796875,73.626758],[124.019043,73.712305],[124.541211,73.75127],[125.61709,73.520605],[125.598535,73.447412],[126.254492,73.548193],[126.344922,73.506299],[126.257422,73.419775],[126.29248,73.394189],[126.552539,73.334912],[127.031348,73.547461],[127.740332,73.481543],[128.281445,73.330566],[128.257812,73.26748],[128.587012,73.262402],[128.888672,73.190234],[128.87168,73.139355],[128.913379,73.110596],[129.100586,73.112354],[129.053711,73.04541],[128.599023,72.895166],[129.017285,72.872461],[129.229102,72.775732],[129.250391,72.705176],[128.418262,72.535156],[129.281348,72.437695],[129.411719,72.315479],[129.410645,72.166309],[129.283496,72.092041],[128.934961,72.079492],[127.803418,72.434033],[127.726074,72.413184],[127.841406,72.308252],[128.358789,72.08833],[128.911426,71.755322],[129.116602,71.824609],[129.154199,71.878662],[129.121582,71.953223],[129.210254,71.916943],[129.46084,71.739307],[129.23418,71.744824],[128.843262,71.663477],[128.922656,71.601758],[129.134277,71.592871],[129.761914,71.119531],[130.537109,70.892529],[130.668457,70.88833],[130.757129,70.962354],[130.831934,70.935889],[130.898047,70.803564],[131.021582,70.746094],[131.268262,70.765527],[131.562012,70.901025],[131.906445,71.202637],[132.035352,71.244043],[132.003711,71.350195],[132.227637,71.642773],[132.653906,71.925977],[132.803613,71.767578],[133.130859,71.606689],[133.688867,71.434229],[134.102832,71.378955],[134.702734,71.386816],[135.022363,71.515039],[135.359375,71.543506],[135.55918,71.610352],[136.090332,71.61958],[137.11582,71.415674],[137.939648,71.133398],[137.991699,71.142725],[137.844043,71.226807],[138.314063,71.325537],[137.918359,71.384082],[138.04834,71.525977],[138.23418,71.596338],[138.525195,71.562744],[138.67002,71.634814],[138.780176,71.629004],[139.209375,71.444775],[139.98418,71.491504],[139.695117,71.700439],[139.722949,71.884961],[139.359277,71.951367],[139.640234,71.99834],[139.84707,72.148584],[140.187695,72.191309],[139.616992,72.225684],[139.430469,72.163477],[139.176367,72.163477],[139.14082,72.329736],[139.601172,72.496094],[140.450586,72.493115],[141.079297,72.586914],[140.983203,72.630029],[140.972852,72.716992],[140.652344,72.842822],[140.808203,72.890967],[141.309766,72.857715],[141.518359,72.788672],[142.061426,72.720801],[143.51582,72.698242],[146.25293,72.442236],[146.234766,72.349707],[144.897461,72.39624],[144.587598,72.305518],[144.169238,72.258789],[144.470703,72.174756],[145.03916,72.259863],[146.831836,72.29541],[146.807031,72.236572],[146.599219,72.123535],[146.113281,71.944971],[146.005859,71.945459],[146.230273,72.1375],[145.758594,72.225879],[145.709668,72.206348],[145.664062,72.066992],[145.756738,72.020654],[145.756738,71.941309],[145.407227,71.890137],[145.063965,71.926074],[145.07373,71.830859],[144.989648,71.753369],[145.188574,71.695801],[146.073242,71.80835],[147.261816,72.327881],[148.402051,72.311963],[149.501563,72.164307],[149.963086,71.992188],[150.016895,71.895654],[149.881055,71.843018],[149.04873,71.795752],[148.92334,71.714648],[149.857129,71.601465],[150.06084,71.51084],[150.599805,71.520117],[150.667773,71.455225],[150.097656,71.226562],[150.967773,71.380469],[151.582422,71.286963],[152.092773,71.023291],[151.762012,70.982471],[152.508789,70.834473],[153.794141,70.87998],[154.413965,70.974463],[155.595898,71.038623],[155.895215,71.095508],[157.447363,71.074512],[158.037012,71.039258],[158.702148,70.93501],[159.350684,70.790723],[159.72793,70.649658],[159.911816,70.506104],[160.006445,70.309668],[159.729395,69.870215],[159.83252,69.784961],[160.910742,69.606348],[161.035547,69.098193],[161.309863,68.982275],[161.340625,68.905176],[161.129004,68.653857],[160.856055,68.53833],[161.104492,68.5625],[161.365137,68.822998],[161.565625,68.905176],[161.565625,69.063965],[161.480078,69.201709],[161.536914,69.379541],[162.166016,69.611572],[163.201367,69.714746],[163.945996,69.735156],[164.15957,69.719287],[164.513281,69.609131],[165.760742,69.584424],[166.820312,69.499561],[167.628125,69.740332],[167.856836,69.728223],[168.15,69.577393],[168.303027,69.271484],[169.310645,69.079541],[169.414648,68.919629],[169.609863,68.786035],[170.537598,68.825391],[170.99541,69.045312],[170.99668,69.134717],[170.71416,69.388232],[170.582227,69.58335],[170.160938,69.626563],[170.503125,69.856543],[170.486816,70.107568],[172.55957,69.968359],[173.277441,69.823828],[173.35332,69.924023],[173.438672,69.946826],[173.948047,69.874121],[174.785547,69.855664],[175.921484,69.895313],[176.924414,69.645996],[178.84834,69.387207],[178.950684,69.295801],[179.272656,69.259668],[180,68.983447],[180,65.067236],[179.827344,65.03418],[179.448242,64.822021],[178.519531,64.602979],[178.285352,64.672266],[177.748633,64.717041],[177.179199,65.014111],[176.880859,65.081934],[176.341016,65.047314],[177.037305,64.999658],[177.222852,64.86167],[177.06875,64.78667],[176.831055,64.849219],[176.429492,64.855176],[176.061133,64.960889],[175.781152,64.844043],[174.548828,64.683887],[175.67793,64.782471],[176.056543,64.904736],[176.246973,64.843018],[176.350977,64.705127],[176.140918,64.58584],[176.507617,64.682422],[176.842871,64.633789],[177.049805,64.719238],[177.3875,64.774023],[177.467188,64.736816],[177.409863,64.572803],[177.43291,64.444482],[177.6875,64.304736],[178.044727,64.21958],[178.130566,64.235254],[178.229492,64.364404],[178.381445,64.260889],[178.477148,64.127881],[178.451367,64.011377],[178.650293,63.965283],[178.69248,63.842334],[178.731445,63.66709],[178.44043,63.605566],[178.466113,63.574072],[178.653711,63.556641],[178.706445,63.521533],[178.678711,63.402295],[178.744043,63.394775],[178.792969,63.540332],[178.921484,63.34502],[179.332324,63.190186],[179.405078,63.077734],[179.25957,63.008301],[179.381055,62.883691],[179.510938,62.862793],[179.570508,62.773486],[179.570508,62.6875],[179.477246,62.613086],[179.176953,62.469189],[179.120703,62.320361],[178.019238,62.546973],[177.292578,62.599023],[177.359668,62.736963],[177.338965,62.781348],[177.023535,62.777246],[176.964746,62.658643],[177.189648,62.591602],[177.159473,62.560986],[176.702539,62.505762],[176.328418,62.346045],[175.267871,62.102393],[175.192383,62.034424],[174.715039,61.9479],[174.514355,61.823633],[174.138867,61.795166],[173.822363,61.679395],[173.623438,61.716064],[173.131836,61.406641],[172.856543,61.469189],[172.806836,61.436133],[172.908008,61.311621],[172.730664,61.314404],[172.584766,61.19043],[172.396094,61.167383],[172.362402,61.116602],[172.392773,61.061768],[170.608203,60.434912],[170.350977,59.965527],[170.154102,59.986084],[169.982617,60.06709],[169.887012,60.21792],[169.618359,60.438037],[169.226758,60.595947],[168.1375,60.573926],[167.226758,60.406299],[166.964063,60.307031],[166.273047,59.85625],[166.186523,59.849463],[166.136035,59.979346],[166.352148,60.484814],[166.180176,60.480371],[165.941992,60.356885],[165.08457,60.098584],[165.073633,59.945605],[164.953711,59.843604],[164.779395,59.874219],[164.669727,59.997461],[164.525293,60.061279],[164.376855,60.058057],[164.113281,59.897559],[164.135059,59.984375],[163.743848,60.028027],[163.364844,59.781445],[163.269043,59.52002],[163.272852,59.302588],[163.084863,59.131396],[162.940039,59.114307],[163.004297,59.020166],[162.969824,58.986475],[162.453027,58.708594],[162.141602,58.447412],[161.960059,58.076904],[162.039648,57.918262],[162.411426,57.778369],[162.391406,57.717236],[162.466992,57.766211],[162.521973,57.904102],[162.654297,57.948242],[163.225781,57.790381],[163.187891,57.637402],[162.779297,57.357617],[162.761523,57.243945],[162.808105,57.102783],[162.802637,56.811475],[162.92207,56.722656],[163.046387,56.741309],[163.256543,56.688037],[163.243262,56.564551],[163.335547,56.23252],[163.047363,56.044678],[162.840332,56.065625],[162.628125,56.232275],[162.713184,56.330859],[162.893262,56.399463],[163.038379,56.521875],[162.877637,56.476367],[162.671484,56.490088],[162.488672,56.399121],[162.528223,56.260693],[162.084961,56.089648],[161.775586,55.654834],[161.723926,55.496143],[161.784961,55.205322],[162.080273,54.886133],[162.105566,54.752148],[161.624805,54.51626],[161.294043,54.520557],[161.129883,54.598242],[160.772656,54.541357],[160.074414,54.18916],[159.921777,54.008398],[159.84375,53.783643],[159.955859,53.552197],[159.897656,53.380762],[160.002148,53.274902],[160.025098,53.12959],[159.947461,53.125098],[159.771582,53.229687],[159.585938,53.237695],[158.952051,53.047559],[158.74541,52.908936],[158.564648,53.05],[158.47207,53.032373],[158.432324,52.957422],[158.608789,52.873633],[158.480762,52.62666],[158.493164,52.383154],[158.331641,52.090869],[158.103516,51.809619],[157.823242,51.605322],[157.530957,51.479883],[157.202246,51.212744],[156.747754,50.969287],[156.670801,51.226855],[156.543457,51.311621],[156.521191,51.380273],[156.489844,51.913037],[156.364746,52.509375],[156.228613,52.62627],[156.110352,52.866162],[155.950195,53.744287],[155.706445,54.521484],[155.563867,55.199121],[155.554883,55.348486],[155.716602,56.072217],[155.98252,56.695215],[156.728418,57.152246],[156.848828,57.290186],[156.976758,57.466309],[156.948242,57.615771],[156.791602,57.747949],[156.829883,57.779639],[156.985742,57.830176],[157.216797,57.776807],[157.450391,57.799268],[157.666406,58.019775],[158.275195,58.008984],[158.449414,58.162842],[159.210645,58.519434],[159.591504,58.803662],[159.847363,59.127148],[160.350391,59.394043],[160.547461,59.547363],[160.855273,59.626855],[161.449316,60.027344],[161.753516,60.152295],[162.068164,60.466406],[162.713184,60.659473],[162.973145,60.78291],[163.352344,60.800439],[163.709961,60.916797],[163.553516,61.025635],[163.619629,61.111328],[163.893359,61.240479],[164.005469,61.343799],[163.972754,61.419873],[163.804395,61.461377],[163.882715,61.640137],[164.019531,61.710693],[164.074219,62.04502],[164.207227,62.292236],[164.59834,62.470557],[165.208105,62.373975],[165.213867,62.448193],[165.417383,62.44707],[165.396582,62.493896],[164.792383,62.571094],[164.418359,62.704639],[163.331738,62.550928],[163.244238,62.455371],[163.302148,62.372998],[163.163477,62.25957],[163.131055,62.049902],[163.017676,61.891064],[163.009277,61.791504],[163.257812,61.699463],[163.085254,61.570557],[162.993945,61.544189],[162.855957,61.705029],[162.752344,61.711279],[162.699023,61.652588],[162.392578,61.662109],[161.037109,60.962891],[160.766602,60.75332],[160.482031,60.739844],[160.173633,60.638428],[160.225781,60.831543],[160.378906,61.025488],[160.184277,61.047656],[159.883105,60.943408],[159.79043,60.956641],[159.949219,61.128613],[159.883105,61.291797],[160.246875,61.647607],[160.317383,61.793359],[160.309375,61.894385],[160.18252,61.902832],[159.552344,61.719482],[159.29502,61.91416],[159.189258,61.929395],[158.547168,61.810889],[158.333691,61.825684],[158.070117,61.753613],[157.469336,61.798926],[157.08418,61.675684],[156.680273,61.480615],[156.629688,61.272461],[156.055957,60.995605],[155.716113,60.682373],[154.970801,60.37666],[154.578223,60.09502],[154.440723,59.883789],[154.293066,59.83335],[154.268848,59.658398],[154.149805,59.528516],[154.272168,59.475146],[154.58252,59.540088],[154.971289,59.449609],[155.166699,59.360156],[155.160449,59.190137],[154.82373,59.187549],[154.703516,59.141309],[154.458008,59.216553],[154.24668,59.108594],[154.010938,59.075537],[153.695215,59.224756],[153.361133,59.214795],[153.272949,59.091309],[153.077734,59.081885],[152.817871,58.92627],[152.319629,59.030762],[152.165234,58.997021],[152.087891,58.910449],[151.326758,58.875098],[151.121094,59.08252],[151.50498,59.164014],[151.990039,59.160059],[152.260645,59.223584],[152.169531,59.27793],[151.798047,59.323242],[151.485742,59.524121],[151.348242,59.561133],[151.033594,59.585645],[150.823438,59.460742],[150.483594,59.494385],[150.667285,59.556348],[149.642578,59.77041],[149.424512,59.760986],[149.065234,59.630518],[149.20498,59.488184],[148.925,59.475],[148.79707,59.532324],[148.708887,59.448535],[148.744141,59.373535],[148.964648,59.369141],[148.914062,59.282715],[148.72666,59.25791],[148.491211,59.262305],[148.257422,59.414209],[147.874609,59.388037],[147.687891,59.290674],[147.514453,59.268555],[146.803711,59.372949],[146.537207,59.456982],[146.444336,59.430469],[146.273438,59.221484],[146.049512,59.170557],[145.931641,59.198389],[145.756445,59.37373],[145.55459,59.413525],[144.483398,59.37627],[143.86875,59.411377],[143.523828,59.343652],[143.192188,59.370117],[142.580273,59.240137],[142.025391,58.999658],[141.60293,58.649023],[140.790234,58.303467],[140.684961,58.212158],[140.446875,57.813672],[140.002344,57.6875],[139.861523,57.549316],[139.619238,57.455713],[139.506641,57.358301],[139.181641,57.261523],[138.965723,57.088135],[138.662109,56.965527],[138.217773,56.629004],[138.073828,56.433105],[137.691504,56.139355],[136.793555,55.694189],[136.460254,55.576709],[136.175195,55.352246],[135.750781,55.160645],[135.540625,55.11377],[135.2625,54.943311],[135.211523,54.84082],[135.257715,54.731494],[135.851562,54.583936],[136.797266,54.620996],[136.82041,54.452344],[136.683008,53.931299],[136.718848,53.804102],[136.802637,53.781982],[136.886426,53.839355],[137.155371,53.82168],[137.258008,54.025244],[137.096191,54.128564],[137.141602,54.182227],[137.377734,54.282324],[137.666016,54.283301],[137.513184,54.156396],[137.339258,54.100537],[137.622754,53.970459],[137.834766,53.946729],[137.644824,53.86582],[137.516992,53.70708],[137.221484,53.579199],[137.253711,53.546143],[137.950488,53.603564],[138.25293,53.726416],[138.378906,53.909277],[138.52793,53.959863],[138.568164,53.947168],[138.569141,53.818799],[138.249707,53.524023],[138.450684,53.537012],[138.660742,53.744775],[138.699414,53.869727],[138.715918,54.222656],[138.657227,54.29834],[139.319727,54.192969],[139.707422,54.277148],[140.178711,54.051562],[140.34707,53.812598],[140.687598,53.596436],[141.005664,53.49458],[141.217676,53.334473],[141.37373,53.292773],[141.402051,53.183984],[141.18125,53.015283],[140.839648,53.087891],[141.086816,52.897559],[141.255859,52.840137],[141.24502,52.550146],[141.132422,52.435693],[141.169824,52.368408],[141.485254,52.178516],[141.385547,52.057227],[141.366895,51.920654],[140.932617,51.619922],[140.838574,51.41416],[140.687695,51.232275],[140.670703,51.051318],[140.520898,50.800195],[140.476367,50.545996],[140.535449,50.130762],[140.624512,50.082422],[140.462695,49.911475],[140.517188,49.596143],[140.308984,49.053906],[140.37832,48.964111],[140.224219,48.772852],[140.113281,48.422656],[139.372656,47.887354],[139.001367,47.383301],[138.586816,47.057227],[138.391797,46.745068],[138.336914,46.543408],[138.210156,46.462939],[138.106348,46.250732],[137.685449,45.818359],[136.803516,45.171143],[136.251172,44.666797],[136.142285,44.489111],[135.874609,44.373535],[135.533203,43.971484],[135.483398,43.83501],[135.260156,43.684619],[135.131055,43.525732],[134.010449,42.947461],[133.159961,42.696973],[133.059375,42.722803],[132.996582,42.808008],[132.863574,42.79375],[132.708984,42.87583],[132.303809,42.883301],[132.30957,43.313525],[132.028711,43.118945],[131.866602,43.095166],[132.013086,43.280029],[131.938965,43.301953],[131.72207,43.202637],[131.393262,42.822314],[131.158301,42.626025],[130.709375,42.656396],[130.83418,42.522949],[130.687305,42.302539]]],[[[47.441992,80.853662],[48.445703,80.806006],[48.686523,80.717773],[48.683594,80.633252],[48.044336,80.668164],[47.705273,80.765186],[47.303906,80.606201],[46.677539,80.561328],[46.513672,80.475537],[46.141406,80.446729],[45.969043,80.569482],[45.64082,80.536963],[44.90498,80.611279],[46.799121,80.755225],[47.441992,80.853662]]],[[[50.278125,80.927246],[50.801074,80.91416],[51.703613,80.687646],[50.96084,80.540479],[49.845996,80.497656],[49.749805,80.47207],[49.794141,80.425342],[49.585938,80.376563],[48.896094,80.369189],[48.677051,80.300049],[48.95957,80.265674],[49.010742,80.207422],[48.977539,80.162598],[48.581738,80.195361],[48.38623,80.095801],[48.167188,80.132764],[47.737305,80.081689],[47.632422,80.111963],[47.977539,80.212549],[47.642383,80.245312],[46.991016,80.182764],[46.644434,80.300342],[47.895801,80.529053],[48.402637,80.568799],[48.625098,80.508301],[49.087793,80.515771],[49.185254,80.558643],[49.192676,80.656006],[49.147461,80.712109],[49.244336,80.821387],[50.278125,80.927246]]],[[[67.765332,76.237598],[66.282422,75.983691],[63.659473,75.66875],[62.066113,75.427734],[61.616211,75.319629],[61.355957,75.314844],[60.719238,75.068604],[60.276855,75.007568],[60.241113,74.970752],[60.501367,74.904639],[60.080078,74.755859],[59.747266,74.745898],[59.771484,74.664453],[59.674023,74.610156],[59.240137,74.692969],[59.182031,74.665771],[59.146094,74.551904],[59.04043,74.485547],[58.534668,74.498926],[58.502148,74.464209],[58.665039,74.289258],[58.617871,74.227393],[58.441406,74.128857],[57.767383,74.013818],[57.872266,73.850439],[57.755957,73.769189],[57.313086,73.838037],[57.290918,73.814551],[57.464258,73.746045],[57.542578,73.658203],[57.134375,73.504395],[56.963867,73.366553],[56.63418,73.304297],[55.549219,73.356836],[55.006836,73.453857],[54.299902,73.350977],[54.131543,73.481006],[54.20459,73.542041],[53.762891,73.766162],[54.386328,73.935645],[54.642676,73.95957],[55.340918,74.419629],[56.137109,74.496094],[55.661523,74.556104],[55.582227,74.627686],[55.913672,74.796094],[56.49873,74.95708],[56.340039,75.013477],[55.998047,75.003369],[55.810059,75.124902],[56.035547,75.194238],[56.570312,75.097754],[56.87627,75.244385],[56.809473,75.328418],[56.844434,75.351416],[57.0875,75.383838],[57.606836,75.34126],[57.783398,75.506689],[58.093652,75.592529],[58.058301,75.663086],[58.88125,75.854785],[60.036133,75.983838],[60.118164,76.066553],[60.279297,76.09624],[60.942188,76.071289],[61.053906,76.119873],[61.034375,76.232959],[61.20166,76.282031],[62.971484,76.23667],[64.463477,76.378174],[64.95,76.484326],[65.755176,76.579297],[66.062988,76.746094],[66.345215,76.821045],[67.534961,77.007764],[68.485742,76.933691],[68.87334,76.7896],[68.941699,76.707666],[68.858008,76.610498],[68.899805,76.572949],[68.16543,76.284863],[67.765332,76.237598]]],[[[55.319824,73.308301],[56.42959,73.201172],[56.397461,73.13916],[56.188965,73.033008],[56.192871,72.90498],[56.12168,72.806592],[55.723438,72.766406],[55.700977,72.671729],[55.616406,72.599072],[55.40332,72.549072],[55.35957,72.408691],[55.399121,72.313623],[55.518066,72.220654],[55.297852,71.935352],[55.471094,71.869238],[55.819336,71.507568],[56.454395,71.107373],[56.894824,70.927002],[57.625391,70.728809],[57.145898,70.589111],[56.648828,70.646533],[56.510059,70.728809],[56.260059,70.714746],[56.561328,70.593555],[56.43457,70.562988],[56.14248,70.657861],[56.087109,70.618359],[55.941602,70.649268],[55.796875,70.615576],[55.706738,70.641895],[55.687305,70.692188],[55.05166,70.666748],[54.645117,70.741846],[54.601172,70.680078],[53.722363,70.814453],[53.383594,70.873535],[53.613574,70.914648],[53.587793,71.052295],[53.670508,71.086914],[53.857031,71.07041],[53.834277,71.126709],[54.155664,71.125488],[53.59082,71.29668],[53.622168,71.332764],[53.409961,71.340137],[53.319043,71.39917],[53.33252,71.477246],[53.411621,71.530127],[52.908984,71.49502],[52.418848,71.536865],[51.937891,71.474707],[51.59043,71.571143],[51.438672,71.776807],[51.443555,71.934375],[51.58252,72.071191],[51.885449,72.153223],[52.252051,72.129736],[52.62207,72.300977],[52.74873,72.482959],[52.863672,72.549854],[52.823242,72.59126],[52.916602,72.668896],[52.683105,72.682324],[52.528516,72.737354],[52.550586,72.768555],[52.913184,72.899951],[53.369824,72.916748],[53.247266,72.973145],[53.188965,73.104004],[53.251172,73.182959],[53.753223,73.293262],[54.202344,73.281348],[54.803906,73.387646],[55.319824,73.308301]]],[[[96.526563,81.075586],[96.75498,80.957861],[97.831836,80.798291],[97.856445,80.698096],[97.113086,80.614063],[97.025391,80.535547],[97.286816,80.342529],[97.416992,80.323145],[97.175195,80.241016],[94.565039,80.126074],[93.872363,80.010107],[92.201563,80.179297],[91.637402,80.269922],[91.523828,80.358545],[91.89668,80.477539],[92.57793,80.533252],[92.826758,80.618555],[93.2625,80.79126],[92.772949,80.768652],[92.592578,80.780859],[92.610156,80.81001],[93.065137,80.988477],[93.358691,81.031689],[94.837891,81.139404],[95.060938,81.188086],[95.15957,81.270996],[95.800684,81.280469],[96.526563,81.075586]]],[[[97.674512,80.158252],[98.017773,80.022852],[97.626953,79.850439],[97.591309,79.774951],[97.65166,79.760645],[98.064551,79.901074],[98.353125,79.884326],[98.499023,79.953125],[98.471875,80.009131],[98.596484,80.052197],[99.294922,80.016357],[99.946582,79.848975],[100.06123,79.7771],[99.91582,79.73833],[99.781641,79.628271],[99.680664,79.32334],[99.537305,79.276562],[99.041797,79.293018],[99.517285,79.130176],[99.814648,79.09585],[99.929297,78.961426],[99.439551,78.834229],[98.411133,78.787793],[97.555469,78.826562],[96.807813,78.984961],[95.796484,79.001416],[95.531055,79.098096],[95.133203,79.049609],[94.791016,79.086621],[94.31377,79.30752],[94.21875,79.402344],[93.070801,79.495312],[93.404688,79.631592],[93.847266,79.70166],[94.257129,79.829736],[94.347266,79.941943],[94.987305,80.096826],[95.281348,80.030518],[95.497559,80.105615],[97.674512,80.158252]]],[[[102.884766,79.253955],[102.412305,78.835449],[102.587305,78.871289],[102.950391,79.055762],[103.800781,79.149268],[104.091113,79.013184],[104.449219,78.963916],[104.452051,78.880029],[104.633203,78.835156],[105.145996,78.818848],[105.342676,78.593945],[105.312598,78.499902],[104.741797,78.339746],[104.297461,78.335059],[103.719336,78.258252],[103.003125,78.255859],[102.79668,78.187891],[102.617188,78.224609],[101.204102,78.191943],[99.84502,77.956836],[99.500293,77.976074],[99.287109,78.038086],[99.67793,78.233496],[100.018945,78.338916],[100.257227,78.573828],[100.283984,78.679199],[100.416406,78.753174],[100.619629,78.797412],[100.955762,78.788477],[100.85625,78.897754],[100.901367,78.980078],[101.030859,79.023291],[101.052246,79.123242],[101.196094,79.204443],[101.543066,79.254443],[101.590625,79.350439],[101.824219,79.370215],[102.005273,79.263672],[102.25127,79.256055],[102.177246,79.312598],[102.180664,79.373389],[102.404883,79.433203],[102.789844,79.392139],[103.097949,79.299121],[102.884766,79.253955]]],[[[140.04873,75.828955],[140.389063,75.79585],[140.54668,75.663184],[140.815918,75.630713],[140.944141,75.700488],[140.925781,75.866846],[140.985352,75.964502],[141.485449,76.137158],[142.669531,75.863428],[143.185156,75.813623],[143.68584,75.863672],[145.255273,75.585596],[145.359961,75.530469],[145.023438,75.489746],[144.726758,75.365576],[144.883496,75.268945],[144.407813,75.102295],[144.019727,75.044678],[143.170313,75.116895],[142.820117,75.267822],[142.729492,75.337646],[142.699609,75.448877],[142.734473,75.54458],[142.986035,75.633252],[142.941797,75.713281],[142.30791,75.691699],[142.08623,75.660645],[142.198828,75.392676],[142.616797,75.133252],[143.12793,74.970313],[142.472754,74.82041],[142.287402,74.849902],[141.987305,74.99126],[140.267871,74.846924],[139.68125,74.964062],[139.548047,74.904053],[139.325586,74.686816],[139.099121,74.656543],[138.092285,74.797461],[137.683008,75.008545],[137.217969,75.12373],[137.00625,75.23501],[136.947656,75.325537],[136.982422,75.365332],[137.289746,75.348633],[137.215234,75.554395],[137.268848,75.749414],[137.358496,75.781641],[137.706543,75.75957],[137.501172,75.909668],[137.560547,75.955225],[138.207617,76.114941],[138.919531,76.196729],[140.04873,75.828955]]],[[[146.795215,75.370752],[147.060352,75.364307],[147.496973,75.440527],[148.432422,75.413525],[148.508887,75.387451],[148.475,75.272412],[148.590137,75.236377],[149.083203,75.262061],[150.103906,75.219238],[150.530566,75.099854],[150.822363,75.156543],[150.580273,74.918945],[149.838086,74.795312],[149.050195,74.772461],[148.092383,74.825684],[147.626855,74.958936],[147.144043,74.998437],[146.148535,75.198291],[146.257617,75.39375],[146.438477,75.558203],[146.5375,75.581787],[146.750977,75.510449],[146.795215,75.370752]]],[[[178.861523,70.826416],[178.792578,70.82207],[178.648242,71.000586],[178.62832,71.047363],[178.683887,71.105664],[178.891113,71.231104],[179.547656,71.447656],[180,71.537744],[180,70.993018],[179.647656,70.898926],[178.861523,70.826416]]],[[[142.761035,54.393945],[142.976172,54.140967],[142.917969,53.794238],[143.223633,53.296045],[143.324707,52.963086],[143.323633,52.613574],[143.172266,52.349365],[143.190625,51.944482],[143.294727,51.744336],[143.320508,51.583252],[143.455469,51.471484],[143.472949,51.299219],[143.53418,51.246289],[143.816016,50.282617],[144.047949,49.895752],[144.341211,49.180518],[144.431738,49.051074],[144.685547,48.87124],[144.71377,48.640283],[144.536328,48.893555],[144.04873,49.24917],[143.732324,49.312012],[143.382227,49.290674],[143.10498,49.198828],[143.026855,49.10542],[142.574219,48.072168],[142.556934,47.737891],[142.74541,47.452393],[142.940332,47.322754],[143.217676,46.794873],[143.384375,46.805664],[143.485645,46.752051],[143.580664,46.360693],[143.431641,46.028662],[143.352148,46.476221],[143.282324,46.558984],[142.829297,46.605273],[142.691895,46.71084],[142.578027,46.700781],[142.406445,46.554688],[142.208594,46.088867],[142.077148,45.917041],[141.961621,46.013477],[141.830371,46.451074],[141.866504,46.694189],[142.038672,47.140283],[141.964063,47.587451],[142.181738,48.013379],[142.135352,48.290088],[141.866309,48.750098],[142.020117,49.078467],[142.142285,49.569141],[142.153125,50.216748],[142.066016,50.630469],[142.20791,50.998486],[142.206738,51.222559],[142.005957,51.520508],[141.722363,51.736328],[141.808105,51.789209],[141.668457,51.93335],[141.66084,52.272949],[141.80332,52.555615],[141.855566,52.793506],[141.873633,53.038916],[141.823535,53.339502],[141.964453,53.456396],[142.141992,53.495605],[142.318945,53.405469],[142.526172,53.447461],[142.583496,53.536768],[142.50918,53.587598],[142.552539,53.652637],[142.67959,53.674365],[142.688867,53.730176],[142.642871,53.736768],[142.705957,53.895703],[142.334961,54.280713],[142.55166,54.278955],[142.692773,54.416113],[142.761035,54.393945]]],[[[-178.876465,71.577051],[-178.353564,71.529199],[-177.498486,71.219141],[-177.523584,71.166895],[-177.821777,71.067578],[-179.156885,70.939844],[-179.506689,70.923438],[-179.999951,70.993018],[-179.999951,71.537744],[-178.876465,71.577051]]],[[[35.816113,65.18208],[35.858398,65.07793],[35.842285,65.001465],[35.778711,64.97666],[35.558594,65.093604],[35.528906,65.151074],[35.816113,65.18208]]],[[[42.713672,66.701709],[42.460059,66.770361],[42.631445,66.782227],[42.713672,66.701709]]],[[[52.90332,71.36499],[53.074023,71.237939],[53.192578,71.215283],[53.205176,71.159717],[53.048145,71.030957],[53.120996,70.982031],[53.022656,70.968701],[52.738379,71.180664],[52.546582,71.250439],[52.289453,71.270361],[52.239844,71.325049],[52.512598,71.385059],[52.729688,71.355127],[52.732227,71.403711],[52.90332,71.36499]]],[[[168.039062,54.56499],[168.081348,54.512744],[167.488086,54.794971],[167.441504,54.855859],[167.882617,54.690479],[168.039062,54.56499]]],[[[160.718945,70.822705],[160.504785,70.819727],[160.436914,70.851025],[160.44043,70.922656],[160.56582,70.923779],[160.718945,70.822705]]],[[[161.46709,68.900977],[161.422461,68.899658],[161.461133,68.995605],[161.136523,69.110254],[161.164551,69.333594],[161.082813,69.405664],[161.110742,69.469824],[161.505176,69.639453],[161.617773,69.592432],[161.609277,69.500928],[161.350879,69.369336],[161.394238,69.106445],[161.516992,68.96958],[161.46709,68.900977]]],[[[152.885938,76.121729],[152.786328,76.085791],[152.558594,76.143604],[152.799414,76.194824],[152.885938,76.121729]]],[[[149.150195,76.659912],[148.398633,76.648242],[148.719629,76.746582],[149.406445,76.78208],[149.150195,76.659912]]],[[[137.959863,71.507666],[137.711816,71.423242],[137.457813,71.483496],[137.265527,71.455908],[137.064063,71.529883],[137.281836,71.579932],[137.816797,71.587891],[137.959863,71.507666]]],[[[107.695508,78.130908],[107.481641,78.057764],[107.343848,78.098584],[106.415527,78.139844],[107.508301,78.189404],[107.695508,78.130908]]],[[[112.478027,76.620898],[112.66084,76.50957],[112.531641,76.450049],[111.968945,76.626172],[112.478027,76.620898]]],[[[96.532422,76.278125],[96.613965,76.263818],[96.589648,76.22124],[96.350781,76.212158],[96.300586,76.121729],[95.311133,76.214746],[95.379883,76.289062],[95.594434,76.249609],[95.78623,76.293896],[96.532422,76.278125]]],[[[96.285449,77.02666],[95.854688,76.974951],[95.680859,77.021338],[95.270312,77.018848],[96.528418,77.205518],[96.561914,77.154053],[96.285449,77.02666]]],[[[89.514258,77.188818],[89.141699,77.226807],[89.281543,77.301465],[89.67959,77.280322],[89.514258,77.188818]]],[[[74.660547,72.873437],[74.100195,73.021533],[74.198535,73.109082],[74.408789,73.130469],[74.961523,73.0625],[74.742578,73.032715],[74.647266,72.969043],[74.697168,72.907715],[74.660547,72.873437]]],[[[75.503711,73.456641],[75.344336,73.432275],[75.569727,73.540625],[76.051562,73.549268],[75.827148,73.459131],[75.503711,73.456641]]],[[[83.549023,74.071777],[83.410645,74.039551],[82.817773,74.091602],[83.149805,74.151611],[83.618359,74.089453],[83.549023,74.071777]]],[[[67.344922,69.529834],[67.263965,69.442529],[67.025879,69.483203],[67.216113,69.575391],[67.328906,69.572119],[67.344922,69.529834]]],[[[66.560938,70.541748],[66.568555,70.501465],[66.51582,70.514893],[66.407617,70.615771],[66.394824,70.727295],[66.440234,70.772656],[66.560938,70.541748]]],[[[70.020703,66.502197],[69.844727,66.489746],[69.651367,66.565332],[69.469336,66.715967],[69.502734,66.751074],[70.07666,66.695898],[70.057227,66.599463],[70.110059,66.569092],[70.020703,66.502197]]],[[[50.051758,80.074316],[49.556055,80.158936],[49.883691,80.230225],[50.250977,80.219482],[50.319141,80.172363],[50.051758,80.074316]]],[[[51.409277,79.944238],[51.43125,79.920508],[50.454102,79.924414],[50.091406,79.980566],[50.936328,80.094238],[51.254395,80.048633],[51.242773,79.99126],[51.409277,79.944238]]],[[[50.753711,81.047412],[50.518164,81.045557],[50.368457,81.12251],[50.715918,81.170654],[50.946191,81.108154],[50.753711,81.047412]]],[[[55.479688,80.273828],[55.195117,80.226807],[54.979688,80.256445],[55.240039,80.325391],[55.479688,80.273828]]],[[[54.415332,80.472803],[54.275879,80.421338],[53.811914,80.476221],[53.900195,80.51543],[53.877246,80.605273],[54.407129,80.540137],[54.415332,80.472803]]],[[[59.688867,79.955811],[59.330664,79.923047],[58.919238,79.984619],[58.946094,80.042334],[59.544531,80.118848],[59.80166,80.082666],[59.911035,79.994287],[59.688867,79.955811]]],[[[58.622363,81.04165],[58.902539,80.897656],[58.930566,80.831689],[58.859961,80.779395],[58.641895,80.767969],[57.937891,80.793359],[57.749805,80.889062],[57.405176,80.915137],[57.210938,81.01709],[57.65625,81.031543],[58.049512,81.118457],[58.622363,81.04165]]],[[[47.983008,45.488232],[47.920313,45.562061],[47.947168,45.64707],[47.983008,45.488232]]],[[[50.265234,69.185596],[50.283008,69.088867],[50.220605,69.048779],[50.164453,69.037549],[50.093945,69.125537],[49.62627,68.859717],[48.910352,68.743066],[48.666992,68.733154],[48.439063,68.804883],[48.278809,69.040332],[48.319922,69.269238],[48.413867,69.345654],[48.95332,69.509277],[49.225195,69.51123],[50.167285,69.25708],[50.265234,69.185596]]],[[[63.373828,80.700098],[63.002148,80.712842],[62.520313,80.821875],[63.11582,80.966797],[64.095703,80.99834],[64.310156,81.175195],[64.575391,81.198486],[65.171973,81.144043],[65.382031,81.056738],[65.37207,80.968018],[65.437402,80.930713],[64.54834,80.75542],[63.373828,80.700098]]],[[[57.95625,80.123242],[57.332324,80.158105],[57.18623,80.39624],[57.011133,80.468311],[58.480469,80.464746],[59.255469,80.343213],[58.397949,80.31875],[58.283887,80.297803],[58.255469,80.201807],[57.95625,80.123242]]],[[[62.167773,80.834766],[62.227734,80.794385],[62.075781,80.616943],[61.68125,80.586328],[61.05127,80.418604],[60.27832,80.494434],[59.649805,80.43125],[59.346387,80.505029],[59.288184,80.572656],[59.386523,80.712549],[59.71582,80.836377],[60.481543,80.804248],[61.597461,80.89292],[62.167773,80.834766]]],[[[61.14082,80.950342],[60.826758,80.929688],[60.058203,80.984619],[60.586621,81.087695],[61.457422,81.103955],[61.567383,81.050293],[61.14082,80.950342]]],[[[53.521387,80.185205],[52.635938,80.178857],[52.213379,80.263721],[52.680566,80.318506],[52.853906,80.402393],[53.185645,80.412646],[53.85166,80.268359],[53.521387,80.185205]]],[[[57.078711,80.350928],[57.122656,80.316992],[57.118945,80.193945],[57.080176,80.094678],[56.986914,80.071484],[55.724023,80.104736],[56.012207,80.203906],[55.989844,80.320068],[56.024414,80.341309],[57.078711,80.350928]]],[[[57.810254,81.546045],[57.862695,81.506445],[58.563867,81.418408],[57.858691,81.368066],[58.015332,81.254834],[57.912891,81.19751],[57.450977,81.135547],[56.821875,81.237939],[56.5125,81.175244],[56.191992,81.223975],[55.716699,81.188477],[55.466016,81.311182],[56.156836,81.303076],[57.091504,81.541211],[57.810254,81.546045]]],[[[54.718945,81.115967],[55.470703,81.019873],[56.472266,80.998242],[57.694141,80.792285],[56.814746,80.663623],[55.883398,80.628418],[55.117188,80.751904],[54.668164,80.738672],[54.066602,80.813623],[54.04541,80.871973],[54.367285,80.903809],[54.416797,80.986523],[54.633984,81.113184],[54.718945,81.115967]]],[[[63.650977,81.609326],[62.884961,81.608887],[62.106445,81.679346],[62.794922,81.718945],[63.70957,81.687305],[63.782422,81.649805],[63.650977,81.609326]]],[[[58.29541,81.715186],[57.909277,81.721924],[57.984961,81.797021],[58.13457,81.827979],[59.408496,81.825439],[59.356445,81.758984],[58.29541,81.715186]]],[[[92.683496,79.685205],[92.153711,79.684668],[91.37627,79.835498],[91.126074,79.904932],[91.070312,79.981494],[91.425977,80.049219],[92.173438,80.045459],[93.803125,79.904541],[93.603516,79.816748],[92.683496,79.685205]]],[[[91.567187,81.141211],[91.222852,81.063818],[89.975781,81.113135],[89.901172,81.170703],[90.069922,81.213721],[91.108984,81.199121],[91.477832,81.183936],[91.567187,81.141211]]],[[[141.010254,73.999463],[140.409473,73.92168],[140.183203,74.00459],[140.101562,74.184277],[140.300293,74.257227],[140.944336,74.264648],[141.038574,74.242725],[141.097461,74.167822],[141.010254,73.999463]]],[[[142.184863,73.895898],[142.63916,73.803076],[143.34375,73.56875],[143.463965,73.458887],[143.491309,73.246436],[142.342188,73.252881],[141.59668,73.31084],[140.662793,73.452002],[139.925098,73.355225],[139.785547,73.355225],[139.685547,73.425732],[140.380664,73.483008],[140.593555,73.564551],[141.084766,73.865869],[142.184863,73.895898]]],[[[135.948633,75.40957],[135.451953,75.389551],[135.592676,75.576465],[135.578418,75.709961],[135.698633,75.845264],[135.904785,75.694385],[136.168945,75.605566],[135.983398,75.521924],[135.965137,75.486133],[136.020508,75.438379],[135.948633,75.40957]]],[[[136.197461,73.913623],[136.12168,73.88501],[135.402441,74.201709],[135.387012,74.253369],[136.036816,74.090332],[136.25918,73.984961],[136.197461,73.913623]]],[[[137.940527,55.092627],[138.206152,55.033545],[138.096484,54.990918],[137.959473,54.789014],[137.721484,54.663232],[137.661133,54.653271],[137.462695,54.873389],[137.23291,54.790576],[137.275195,54.891016],[137.577344,55.197021],[137.940527,55.092627]]],[[[169.200781,69.580469],[168.915723,69.571436],[168.348047,69.664355],[167.788867,69.836865],[168.05957,69.974902],[168.35791,70.015674],[169.420703,69.856055],[169.418164,69.779199],[169.332422,69.76958],[169.200781,69.580469]]],[[[163.635156,58.603369],[163.471387,58.509375],[163.431836,58.546143],[163.726562,58.798535],[163.784473,58.929736],[163.760938,59.015039],[164.572656,59.221143],[164.661621,58.970752],[164.615723,58.885596],[164.278809,58.838086],[163.635156,58.603369]]],[[[166.650293,54.839062],[166.645117,54.694092],[166.229883,54.936523],[165.991895,55.190479],[165.751074,55.294531],[165.93125,55.351465],[166.275781,55.311963],[166.22998,55.242334],[166.248047,55.16543],[166.650293,54.839062]]],[[[154.810449,49.312012],[154.714844,49.267676],[154.610938,49.294043],[154.612988,49.380615],[154.824902,49.646924],[154.899609,49.630371],[154.802344,49.468262],[154.810449,49.312012]]],[[[156.405078,50.657617],[156.325781,50.639062],[156.167969,50.731885],[156.376465,50.862109],[156.455859,50.85957],[156.483105,50.751221],[156.405078,50.657617]]],[[[155.921094,50.302197],[155.792383,50.202051],[155.516406,50.145605],[155.397168,50.04126],[155.243066,50.094629],[155.243066,50.212793],[155.195117,50.264551],[155.433887,50.368945],[155.680176,50.400732],[155.884766,50.684131],[156.096875,50.771875],[156.100586,50.559277],[155.921094,50.302197]]],[[[154.08125,48.790283],[154.042969,48.73877],[153.992285,48.77251],[154.126367,48.904443],[154.228418,48.89209],[154.08125,48.790283]]],[[[155.644824,50.821924],[155.553516,50.810596],[155.467383,50.913574],[155.639648,50.910498],[155.644824,50.821924]]],[[[153.101074,47.762939],[153.053809,47.706104],[152.984277,47.72793],[153.079199,47.80874],[153.101074,47.762939]]],[[[152.002051,46.897168],[151.815625,46.787109],[151.754102,46.78833],[151.715332,46.852686],[151.864355,46.868994],[152.16582,47.110449],[152.288867,47.142187],[152.002051,46.897168]]],[[[149.687695,45.642041],[149.44707,45.593359],[149.665918,45.839795],[149.796289,45.876074],[149.962305,46.021924],[150.348633,46.213428],[150.553125,46.208545],[150.23457,46.012305],[150.19502,45.933203],[149.687695,45.642041]]],[[[148.599512,45.317627],[148.262305,45.216846],[147.91377,44.990381],[147.657813,44.977148],[147.563086,44.835547],[147.310156,44.677637],[147.207422,44.553564],[146.897461,44.404297],[146.933496,44.513086],[147.140918,44.66333],[147.154785,44.766211],[147.246582,44.856055],[147.885547,45.225635],[147.872656,45.300293],[147.924023,45.383301],[148.056055,45.262109],[148.324219,45.282422],[148.612305,45.484668],[148.812207,45.51001],[148.837109,45.362695],[148.599512,45.317627]]],[[[146.713965,43.743799],[146.608594,43.740479],[146.621973,43.812988],[146.824609,43.860498],[146.899023,43.80415],[146.713965,43.743799]]],[[[146.207617,44.497656],[146.355957,44.424609],[146.567773,44.44043],[146.516211,44.374658],[146.112305,44.245947],[145.914062,44.103711],[145.766992,43.940723],[145.586816,43.845117],[145.555859,43.6646],[145.439258,43.737061],[145.461719,43.870898],[145.74834,44.071533],[146.112109,44.500146],[146.207617,44.497656]]],[[[113.387207,74.400439],[113.258887,74.272705],[112.782422,74.095068],[112.105078,74.163232],[111.642969,74.272949],[111.503418,74.353076],[111.879785,74.363818],[111.949219,74.38877],[112.007617,74.526758],[112.084473,74.548975],[113.387207,74.400439]]],[[[76.248926,79.651074],[77.588965,79.501904],[76.649512,79.493408],[76.636523,79.544434],[76.153711,79.57876],[76.051562,79.644727],[76.248926,79.651074]]],[[[80.02666,80.848145],[79.098535,80.812061],[78.977637,80.848242],[79.217383,80.960352],[79.806641,80.975391],[80.42793,80.927686],[80.344824,80.86792],[80.02666,80.848145]]],[[[70.673926,73.09502],[70.040723,73.037158],[69.920117,73.084521],[70.01875,73.224316],[69.995898,73.359375],[70.149609,73.444727],[70.35,73.477637],[71.023242,73.504199],[71.589551,73.283154],[71.630469,73.224805],[71.626172,73.173975],[70.673926,73.09502]]],[[[77.63252,72.29126],[76.871094,72.317041],[76.903125,72.365576],[77.578711,72.630859],[78.279102,72.553223],[78.365137,72.482422],[77.63252,72.29126]]],[[[79.501465,72.721924],[78.880566,72.751611],[78.633203,72.850732],[79.164258,73.094336],[79.356543,73.038623],[79.541309,72.918652],[79.501465,72.721924]]],[[[82.172363,75.419385],[82.221582,75.350537],[82.050098,75.340967],[81.978516,75.247119],[81.860547,75.316504],[81.654785,75.288916],[81.500586,75.36792],[81.712109,75.451416],[81.926562,75.409961],[81.912793,75.497705],[82.021875,75.513477],[82.165625,75.515625],[82.172363,75.419385]]],[[[60.450488,69.934863],[60.477246,69.793701],[60.440234,69.725928],[60.215918,69.687695],[59.724609,69.706201],[59.578223,69.738623],[59.502637,69.866211],[59.144238,69.921924],[58.952734,69.892773],[58.680078,70.051025],[58.473047,70.266846],[58.794238,70.432959],[59.048047,70.460498],[59.636328,70.197021],[60.450488,69.934863]]],[[[20.957813,55.278906],[20.594824,54.982373],[20.8875,54.909473],[21.188867,54.935205],[21.235742,55.264111],[21.389258,55.275537],[22.072363,55.063672],[22.567285,55.059131],[22.627441,54.970703],[22.824707,54.871289],[22.684473,54.562939],[22.679883,54.493018],[22.766211,54.356787],[19.604395,54.45918],[19.858887,54.633838],[19.944141,54.75],[19.974512,54.921191],[20.520313,54.994873],[20.899805,55.28667],[20.957813,55.278906]]],[[[33.594141,46.09624],[33.659965,46.219573],[33.806667,46.208288],[34.02672,46.106725],[34.353978,46.061586],[34.449898,45.965666],[34.686878,45.97695],[34.794084,45.892315],[34.799726,45.790752],[35.001674,45.733383],[35.260156,45.446924],[35.45752,45.316309],[35.833496,45.401611],[36.012891,45.37168],[36.170508,45.453076],[36.575,45.393555],[36.450781,45.232324],[36.393359,45.065381],[35.870117,45.005322],[35.677539,45.102002],[35.472559,45.098486],[35.357813,44.978418],[35.154785,44.896338],[35.087695,44.802637],[34.716895,44.807129],[34.469922,44.72168],[34.281738,44.538428],[34.074414,44.423828],[33.755664,44.398926],[33.450684,44.553662],[33.612207,44.907812],[33.555176,45.097656],[33.39248,45.187842],[33.186914,45.194775],[32.918652,45.348145],[32.611328,45.328076],[32.508008,45.403809],[33.142285,45.749219],[33.280078,45.765234],[33.664844,45.94707],[33.594141,46.09624]]]]}},{"type":"Feature","properties":{"sigla":"ROU","nome":"Romênia"},"geometry":{"type":"Polygon","coordinates":[[[28.2125,45.450439],[28.45127,45.292187],[28.760742,45.234131],[28.781738,45.309863],[28.894336,45.289941],[29.403711,45.419678],[29.567676,45.370801],[29.705859,45.259912],[29.55752,44.843408],[29.048242,44.757568],[29.081055,44.798828],[29.047754,44.925684],[29.095313,44.975049],[28.980664,44.99292],[28.891504,44.918652],[28.926172,44.81001],[28.807031,44.565039],[28.888184,44.574756],[28.64541,44.295654],[28.658594,43.983838],[28.585352,43.742236],[28.221973,43.772852],[28.05,43.822412],[27.884277,43.987354],[27.738574,43.956299],[27.425391,44.020508],[27.086914,44.167383],[26.21582,44.007275],[25.818848,43.766846],[25.49707,43.670801],[23.224609,43.873877],[22.919043,43.834473],[22.867676,43.864551],[22.868262,43.9479],[23.028516,44.077979],[22.687891,44.248291],[22.494531,44.435449],[22.554004,44.540332],[22.700781,44.555518],[22.720898,44.605518],[22.497656,44.70625],[22.093066,44.541943],[21.909277,44.666113],[21.636133,44.710449],[21.360059,44.82666],[21.35791,44.861816],[21.532324,44.900684],[21.35293,45.008984],[21.420703,45.032959],[21.490234,45.1479],[21.023828,45.321533],[20.794043,45.467871],[20.775,45.749805],[20.709277,45.735254],[20.581152,45.869482],[20.358594,45.975488],[20.241797,46.108594],[20.508105,46.166943],[20.613672,46.133496],[20.760254,46.24624],[21.039844,46.242236],[21.12168,46.282422],[21.191797,46.391553],[21.264551,46.412305],[21.252246,46.486377],[21.320215,46.607812],[21.49707,46.704297],[21.494434,46.789746],[21.652637,46.96377],[21.661426,47.043896],[21.995313,47.395703],[21.999707,47.505029],[22.290625,47.727832],[22.608398,47.766309],[23.139453,48.087402],[23.408203,47.98999],[23.669043,47.992334],[24.177734,47.906055],[24.578906,47.931055],[24.893359,47.717773],[25.073828,47.745703],[25.169629,47.823096],[25.464258,47.910791],[26.162695,47.992529],[26.305664,48.20376],[26.71377,48.263477],[26.980762,48.155029],[27.336914,47.639746],[27.614063,47.340527],[28.071777,46.978418],[28.239453,46.64082],[28.244336,46.45127],[28.099707,45.972607],[28.159766,45.647119],[28.074707,45.598975],[28.2125,45.450439]]]}},{"type":"Feature","properties":{"sigla":"PRT","nome":"Portugal"},"geometry":{"type":"MultiPolygon","coordinates":[[[[-17.190869,32.868604],[-17.054492,32.815869],[-16.929199,32.841406],[-16.693262,32.758008],[-16.837402,32.648291],[-17.018262,32.662793],[-17.226025,32.766846],[-17.190869,32.868604]]],[[[-8.777148,41.941064],[-8.589648,42.052734],[-8.266064,42.137402],[-8.213086,42.133691],[-8.12998,42.018164],[-8.224756,41.89585],[-8.15249,41.811963],[-7.92085,41.883643],[-7.403613,41.833691],[-7.209619,41.895264],[-7.147119,41.981152],[-6.618262,41.942383],[-6.55752,41.874121],[-6.542187,41.67251],[-6.308057,41.642187],[-6.2125,41.532031],[-6.928467,41.009131],[-6.835889,40.77749],[-6.852051,40.443262],[-6.810156,40.343115],[-7.032617,40.16792],[-6.896094,40.021826],[-6.975391,39.798389],[-7.117676,39.681689],[-7.535693,39.661572],[-7.335449,39.465137],[-7.172412,39.135205],[-6.997949,39.056445],[-7.046045,38.907031],[-7.281543,38.714551],[-7.343018,38.457422],[-7.106396,38.181006],[-6.957568,38.187891],[-7.022852,38.044727],[-7.185449,38.006348],[-7.443945,37.728271],[-7.503516,37.585498],[-7.406152,37.179443],[-7.834131,37.005713],[-8.597656,37.121338],[-8.997803,37.032275],[-8.81416,37.430811],[-8.791846,37.732812],[-8.878955,37.958691],[-8.802246,38.183838],[-8.881104,38.44668],[-8.668311,38.424316],[-8.798877,38.518164],[-9.213281,38.448096],[-9.250391,38.656738],[-9.021484,38.746875],[-8.938086,38.998096],[-8.791602,39.078174],[-8.954297,39.016064],[-9.135791,38.742773],[-9.356738,38.6979],[-9.474121,38.730859],[-9.352832,39.248145],[-9.374756,39.338281],[-9.148291,39.542578],[-8.837842,40.115674],[-8.886621,40.179443],[-8.872656,40.259082],[-8.684619,40.752539],[-8.659814,41.086279],[-8.805664,41.56001],[-8.81084,41.651953],[-8.75542,41.698389],[-8.846387,41.705176],[-8.887598,41.7646],[-8.777148,41.941064]]],[[[-25.027344,36.959961],[-25.159912,36.943359],[-25.198389,36.996533],[-25.08291,37.024023],[-25.027344,36.959961]]],[[[-31.137109,39.406934],[-31.181348,39.358936],[-31.282959,39.394092],[-31.26084,39.496777],[-31.199854,39.52085],[-31.138623,39.479443],[-31.137109,39.406934]]],[[[-27.075244,38.643457],[-27.302832,38.661035],[-27.385937,38.76582],[-27.127002,38.789844],[-27.041943,38.741211],[-27.075244,38.643457]]],[[[-27.778467,38.555615],[-28.092334,38.620557],[-28.310645,38.743896],[-27.778467,38.555615]]],[[[-28.641309,38.525],[-28.743848,38.522363],[-28.842041,38.598437],[-28.697754,38.638477],[-28.605811,38.550732],[-28.641309,38.525]]],[[[-28.147266,38.452686],[-28.064795,38.412744],[-28.454492,38.408643],[-28.548828,38.518555],[-28.402148,38.553369],[-28.147266,38.452686]]],[[[-25.648975,37.840918],[-25.181934,37.837891],[-25.190723,37.764355],[-25.251123,37.73501],[-25.439014,37.715332],[-25.734473,37.762891],[-25.833691,37.826074],[-25.845898,37.894043],[-25.78374,37.911133],[-25.648975,37.840918]]]]}},{"type":"Feature","properties":{"sigla":"POL","nome":"Polônia"},"geometry":{"type":"Polygon","coordinates":[[[23.605273,51.51792],[23.679688,51.394922],[23.664453,51.310059],[23.985742,50.94043],[24.095801,50.872754],[23.978418,50.785596],[24.094727,50.617041],[24.089941,50.530469],[23.972656,50.410059],[23.711719,50.377344],[23.036328,49.899072],[22.706152,49.606201],[22.649414,49.539014],[22.732422,49.295166],[22.705664,49.171191],[22.84707,49.08125],[22.809766,49.020752],[22.020117,49.209521],[21.890137,49.343457],[21.639648,49.411963],[21.079395,49.418262],[21.001172,49.339844],[20.868457,49.314697],[20.616113,49.391699],[20.362988,49.385254],[20.163672,49.316406],[20.057617,49.181299],[19.756641,49.204395],[19.773926,49.372168],[19.630273,49.406641],[19.441602,49.597705],[19.250195,49.511426],[19.149414,49.4],[18.968359,49.39624],[18.938184,49.498291],[18.832227,49.510791],[18.806934,49.613721],[18.594629,49.757812],[18.562402,49.879346],[18.305273,49.914062],[18.02832,50.035254],[17.83125,49.983301],[17.627051,50.116406],[17.589355,50.157471],[17.735449,50.230762],[17.702246,50.307178],[17.415234,50.254785],[17.151953,50.37832],[16.880078,50.427051],[16.989648,50.236914],[16.63916,50.102148],[16.210352,50.42373],[16.419727,50.573633],[16.282227,50.655615],[16.007227,50.611621],[15.730566,50.739697],[15.354395,50.811768],[15.258594,50.958545],[14.99375,51.014355],[14.98291,50.886572],[14.809375,50.858984],[15.016602,51.252734],[14.905957,51.46333],[14.724707,51.523877],[14.724902,51.661719],[14.60166,51.832373],[14.752539,52.081836],[14.70459,52.110205],[14.679883,52.25],[14.55459,52.359668],[14.619434,52.528516],[14.514063,52.645605],[14.128613,52.878223],[14.410938,53.199023],[14.258887,53.729639],[14.583496,53.639355],[14.558398,53.823193],[14.213672,53.870752],[14.198242,53.919043],[16.186328,54.290381],[16.559766,54.553809],[16.885449,54.596387],[17.261914,54.729541],[18.085645,54.83584],[18.323438,54.838184],[18.759277,54.68457],[18.799609,54.63335],[18.43623,54.744727],[18.669629,54.430908],[18.97627,54.348926],[19.407129,54.386084],[19.604395,54.45918],[22.168457,54.359863],[22.731836,54.350098],[22.893945,54.390527],[23.453613,54.143457],[23.598926,53.599219],[23.887109,53.027539],[23.90127,52.703613],[23.410938,52.516211],[23.175098,52.286621],[23.597949,52.103076],[23.652441,52.040381],[23.625684,51.809326],[23.544824,51.710254],[23.539648,51.618896],[23.605273,51.51792]]]}},{"type":"Feature","properties":{"sigla":"NOR","nome":"Noruega"},"geometry":{"type":"MultiPolygon","coordinates":[[[[20.622168,69.036865],[20.116699,69.020898],[20.337109,68.899658],[20.348047,68.84873],[20.240039,68.673145],[19.968848,68.542041],[20.240039,68.477539],[19.969824,68.356396],[18.303027,68.55542],[18.162598,68.528418],[18.17666,68.200635],[17.916699,67.964893],[17.324609,68.103809],[16.783594,67.89502],[16.574121,67.61958],[16.457129,67.551758],[16.193555,67.505176],[16.127441,67.42583],[16.434277,67.155078],[16.403516,67.05498],[15.422949,66.489844],[15.483789,66.305957],[15.040039,66.167529],[14.543262,66.129346],[14.63457,65.793262],[14.549512,65.646387],[14.479688,65.301465],[13.650293,64.581543],[14.077637,64.464014],[14.148047,64.260303],[14.141211,64.173535],[14.063281,64.095508],[13.960547,64.014014],[13.203516,64.075098],[12.792773,64],[12.175195,63.595947],[12.212109,63.492236],[11.999902,63.291699],[12.218164,63.000635],[12.108594,62.919482],[12.114551,62.591895],[12.303516,62.285596],[12.155371,61.720752],[12.596094,61.541309],[12.880762,61.352295],[12.706055,61.059863],[12.294141,61.002686],[12.314648,60.892139],[12.588672,60.450732],[12.486133,60.106787],[12.169238,59.912891],[11.932129,59.863672],[11.834277,59.697168],[11.680762,59.592285],[11.798145,59.289893],[11.642773,58.926074],[11.470703,58.909521],[11.365918,59.104541],[10.834473,59.183936],[10.644922,59.389209],[10.595313,59.764551],[10.533887,59.695801],[10.569531,59.587109],[10.398145,59.519336],[10.446387,59.443604],[10.431348,59.279639],[10.179395,59.009277],[10.083105,59.028809],[9.842578,58.958496],[9.635156,59.117773],[9.557227,59.112695],[9.696094,59.009717],[9.656934,58.971191],[9.309961,58.856836],[9.395801,58.805664],[8.521387,58.300586],[8.166113,58.145313],[7.465918,58.020947],[7.004883,58.024219],[6.903418,58.070508],[6.912305,58.142871],[6.877051,58.150732],[6.802832,58.154541],[6.731445,58.068311],[6.590527,58.097314],[6.555078,58.123437],[6.69248,58.224023],[6.659863,58.262744],[6.389063,58.267969],[6.054688,58.375146],[5.706836,58.523633],[5.517285,58.726514],[5.555566,58.975195],[5.612207,59.012891],[6.099023,58.870264],[6.363281,59.000928],[6.099414,58.951953],[5.88916,59.060498],[5.88916,59.097949],[5.968555,59.186133],[5.951855,59.299072],[6.403906,59.560986],[5.564063,59.291211],[5.362305,59.166357],[5.173242,59.162549],[5.131641,59.226465],[5.185059,59.453662],[5.304883,59.642578],[5.472461,59.713086],[5.772168,59.660938],[5.867285,59.733984],[6.216602,59.818359],[5.833984,59.794678],[5.730469,59.863086],[6.069922,60.083496],[6.140527,60.233496],[6.518066,60.407568],[6.573633,60.360596],[6.526855,60.15293],[6.719922,60.418164],[6.995703,60.511963],[6.346973,60.419092],[6.15332,60.34624],[5.904395,60.150635],[5.876563,60.07002],[5.698828,60.01001],[5.494531,59.825586],[5.145801,59.638818],[5.104883,59.731689],[5.219531,59.97876],[5.174414,60.045703],[5.205664,60.087939],[5.494531,60.070312],[5.688574,60.123193],[5.28584,60.205713],[5.183594,60.308398],[5.137109,60.445605],[5.64834,60.687988],[5.244043,60.56958],[5.11582,60.635986],[5.049121,60.70752],[5.008594,61.038184],[5.983984,61.117334],[6.417969,61.084277],[6.777832,61.142432],[6.97207,61.055957],[7.038672,60.95293],[7.07793,60.966309],[7.040137,61.091162],[7.604492,61.210547],[7.403906,61.222168],[7.346582,61.300586],[7.442578,61.434619],[7.331152,61.372021],[7.275977,61.180957],[7.173535,61.165967],[6.657031,61.206592],[6.599902,61.289648],[6.492578,61.15459],[6.383496,61.133887],[6.08252,61.167285],[5.45127,61.102344],[5.106738,61.187549],[5.02168,61.250586],[5.002734,61.433594],[5.338672,61.485498],[5.167578,61.543359],[4.927832,61.710693],[4.930078,61.87832],[5.465332,61.896924],[6.01582,61.7875],[6.466699,61.807422],[6.730762,61.869775],[6.131152,61.852441],[5.266895,61.935596],[5.15957,61.956982],[5.096484,62.02666],[5.143164,62.159912],[5.240918,62.188672],[5.357715,62.151709],[5.533301,62.310889],[5.718164,62.378906],[5.908301,62.416016],[6.208984,62.352783],[6.580078,62.407275],[6.692383,62.468066],[6.136133,62.407471],[6.118457,62.447168],[6.35293,62.611133],[6.961133,62.626758],[7.570117,62.548193],[7.690723,62.585596],[7.527441,62.610303],[7.538379,62.67207],[8.095508,62.731836],[8.045508,62.77124],[7.408398,62.711768],[7.24209,62.752344],[6.734961,62.720703],[6.94043,62.930469],[7.571875,63.099512],[8.100586,63.090967],[8.211133,62.995508],[8.623145,62.84624],[8.158008,63.161523],[8.184473,63.236523],[8.271484,63.286572],[8.635547,63.342334],[8.59375,63.426123],[8.386523,63.445264],[8.360742,63.498877],[8.576172,63.601172],[8.842383,63.645898],[9.13584,63.593652],[9.158105,63.56626],[9.075879,63.500391],[9.156055,63.459326],[9.323633,63.570361],[9.696875,63.624561],[10.020996,63.39082],[10.340039,63.469336],[10.760156,63.461279],[10.673633,63.558008],[10.725293,63.625],[11.370703,63.804834],[11.307617,63.875732],[11.175586,63.898877],[11.457617,64.002979],[11.306641,64.048877],[11.075195,63.988135],[10.914258,63.921094],[11.047266,63.845215],[10.934863,63.770215],[10.055078,63.512695],[9.924023,63.521777],[9.76748,63.699512],[9.567285,63.706152],[9.614746,63.794824],[9.864453,63.917822],[10.009961,64.083154],[10.23623,64.179639],[10.565625,64.418311],[11.63291,64.813916],[11.296777,64.754785],[11.349902,64.905908],[11.489355,64.97583],[12.159668,65.178955],[12.306543,65.085986],[12.508398,65.099414],[12.915527,65.339258],[12.417578,65.184082],[12.133887,65.27915],[12.122168,65.362354],[12.272852,65.568164],[12.627734,65.806152],[12.688867,65.902197],[12.816797,65.952881],[13.033105,65.95625],[12.783789,66.100439],[13.674414,66.17998],[14.03418,66.297559],[13.118848,66.230664],[13.068164,66.430811],[13.104688,66.539404],[13.191602,66.537158],[13.211426,66.64082],[13.621094,66.794824],[13.959473,66.794336],[13.704102,66.85166],[13.651563,66.90708],[13.880176,66.964893],[14.108789,67.119238],[14.775586,67.194482],[15.415723,67.202441],[15.434766,67.24668],[14.441699,67.271387],[14.75498,67.499023],[14.961914,67.574268],[15.409375,67.47417],[15.594434,67.348535],[15.575684,67.443848],[15.691504,67.521387],[15.487305,67.514795],[15.24873,67.602148],[15.218652,67.655371],[15.345801,67.734424],[15.303906,67.765283],[15.04082,67.682568],[14.781348,67.674902],[14.798926,67.809326],[15.134277,67.972705],[15.400879,67.919629],[15.621387,67.948291],[15.605762,67.987891],[15.292871,68.036475],[16.00791,68.228711],[16.064551,68.199902],[16.120801,68.027344],[16.312305,67.881445],[16.258594,68.001221],[16.391992,68.091602],[16.259766,68.144531],[16.174805,68.28125],[16.203809,68.316748],[16.387891,68.389551],[16.618848,68.406299],[16.951367,68.354687],[17.552832,68.42627],[17.426172,68.481934],[16.584863,68.466455],[16.514355,68.532568],[16.651855,68.625781],[17.131152,68.693457],[17.39082,68.799365],[17.490039,68.87876],[17.546289,69.001123],[17.70459,69.100049],[18.101465,69.156299],[18.078711,69.325244],[18.259766,69.470605],[18.645508,69.321875],[18.858984,69.314453],[18.915918,69.335596],[18.624414,69.434375],[18.614453,69.490576],[18.991113,69.561133],[19.038379,69.6604],[19.197266,69.747852],[19.687012,69.804736],[19.722461,69.781641],[19.641504,69.424023],[19.960547,69.824609],[20.324219,69.945312],[20.387207,69.867627],[20.338184,69.61665],[20.04375,69.355664],[20.107227,69.341211],[20.486719,69.54209],[20.739453,69.520508],[20.532715,69.692334],[20.545996,69.851074],[20.62207,69.913916],[21.163086,69.889502],[21.253711,70.003223],[21.43291,70.013184],[21.931738,69.814697],[21.974707,69.83457],[21.892578,70.004248],[21.802734,70.066064],[21.400391,70.174463],[21.355762,70.233398],[21.780273,70.229883],[22.219434,70.30918],[22.321973,70.264502],[22.421191,70.337598],[22.68457,70.374756],[22.941211,70.30498],[23.046484,70.101855],[23.353906,69.983398],[23.400195,70.019775],[23.286035,70.104834],[23.379395,70.247461],[23.66123,70.399756],[24.038477,70.485352],[24.285547,70.662402],[24.42002,70.702002],[24.403516,70.745312],[24.268164,70.772705],[24.263477,70.826318],[24.764746,71.008447],[25.264648,70.843506],[25.435938,70.911865],[25.711914,70.869727],[25.781445,70.816797],[25.273535,70.552393],[25.146387,70.324023],[24.994238,70.218213],[24.982715,70.143994],[25.043848,70.109033],[25.418848,70.235498],[25.470508,70.340576],[26.506934,70.912793],[26.661328,70.939746],[26.733984,70.853564],[26.675488,70.740967],[26.558203,70.669141],[26.644629,70.63623],[26.585059,70.41001],[26.989355,70.511377],[27.183691,70.744043],[27.309375,70.803564],[27.546484,70.804004],[27.235254,70.947217],[27.59707,71.091309],[28.141699,71.043018],[28.392285,70.975293],[28.382715,70.869434],[28.326855,70.825195],[27.898047,70.67793],[28.215625,70.704346],[28.271777,70.667969],[28.202734,70.576904],[28.166016,70.3604],[28.192969,70.248584],[28.309863,70.443066],[28.437305,70.501367],[28.609375,70.759668],[28.831543,70.863965],[29.102344,70.860742],[29.7375,70.646826],[30.065137,70.702979],[30.237695,70.622168],[30.213184,70.543311],[30.595898,70.523682],[30.926367,70.401123],[30.960645,70.343848],[30.944141,70.274414],[30.262988,70.124707],[29.925879,70.096484],[28.781152,70.14541],[28.804297,70.092529],[29.601367,69.976758],[29.646875,69.943701],[29.635938,69.780127],[29.694629,69.74458],[30.088281,69.717578],[30.237598,69.862207],[30.348828,69.83457],[30.42832,69.722266],[30.484375,69.794873],[30.869727,69.783447],[30.924121,69.651758],[30.89668,69.56123],[30.788867,69.528516],[30.159766,69.629883],[30.186719,69.542773],[30.087305,69.432861],[29.388281,69.298145],[29.209961,69.097021],[28.96582,69.021973],[28.832617,69.118994],[28.846289,69.176904],[29.333398,69.472998],[29.141602,69.671436],[28.411719,69.822754],[27.889941,70.06167],[27.747852,70.064844],[27.127539,69.906494],[26.525391,69.915039],[26.072461,69.691553],[25.767188,69.282666],[25.74834,68.990137],[25.575293,68.887158],[25.249121,68.821338],[25.086914,68.6396],[24.941406,68.593262],[23.854004,68.805908],[23.707031,68.713867],[23.324023,68.648975],[22.410938,68.719873],[22.300391,68.855859],[21.59375,69.273584],[21.266797,69.273682],[21.066113,69.214111],[21.127832,69.080811],[21.065723,69.041748],[20.675879,69.069482],[20.622168,69.036865]]],[[[4.958691,61.08457],[4.799023,61.082715],[4.824414,61.178223],[4.91543,61.199365],[4.973242,61.148242],[4.958691,61.08457]]],[[[5.08584,60.307568],[5.089063,60.18877],[4.996973,60.197754],[4.943555,60.272412],[4.957227,60.447266],[5.08584,60.307568]]],[[[29.956152,69.796777],[29.744238,69.791602],[29.83584,69.905566],[30.055176,69.838379],[29.956152,69.796777]]],[[[11.967969,65.626514],[11.901855,65.595703],[11.765137,65.630957],[11.875391,65.705908],[12.003223,65.679443],[11.967969,65.626514]]],[[[8.470801,63.667139],[8.287109,63.687158],[8.733398,63.801318],[8.80918,63.771436],[8.786523,63.703467],[8.470801,63.667139]]],[[[8.102734,63.337598],[7.888281,63.352344],[7.804004,63.413916],[8.073535,63.470801],[8.136133,63.431348],[8.102734,63.337598]]],[[[23.440527,70.815771],[23.068164,70.594092],[22.829102,70.541553],[22.358691,70.514795],[21.994531,70.657129],[22.963574,70.710986],[23.204688,70.815479],[23.440527,70.815771]]],[[[25.586328,71.14209],[26.146875,71.039502],[26.133789,70.995801],[25.760156,70.953809],[25.314941,71.034131],[25.586328,71.14209]]],[[[23.615332,70.549316],[23.641016,70.463965],[23.270703,70.296484],[23.100293,70.296094],[23.090625,70.377637],[22.917871,70.384668],[23.022461,70.486914],[23.248047,70.505127],[23.54668,70.61709],[23.615332,70.549316]]],[[[24.017578,70.567383],[23.827148,70.52749],[23.670117,70.59707],[23.663281,70.675244],[23.778418,70.747363],[23.956445,70.699609],[24.07832,70.650586],[24.017578,70.567383]]],[[[13.872852,68.265332],[14.118848,68.246826],[13.778418,68.10498],[13.495215,68.05166],[13.424219,68.082764],[13.391504,68.02124],[13.229395,67.995361],[13.199512,68.087256],[13.300195,68.160449],[13.428711,68.163232],[13.537988,68.249023],[13.872852,68.265332]]],[[[12.971777,67.874121],[12.824023,67.82124],[12.957715,68.015479],[13.068066,68.071338],[13.122852,68.049414],[13.098242,67.956445],[12.971777,67.874121]]],[[[15.207129,68.943115],[15.396582,68.783594],[15.348438,68.672412],[15.22207,68.616309],[14.890234,68.610986],[14.743457,68.677197],[14.520801,68.633057],[14.373438,68.711426],[14.553711,68.818848],[14.801855,68.790967],[14.872363,68.913867],[15.0375,68.894287],[15.037793,69.000537],[15.128125,69.003955],[15.207129,68.943115]]],[[[19.76748,70.216699],[19.910449,70.201904],[20.088477,70.102051],[19.780859,70.077441],[19.599023,70.266162],[19.683789,70.273584],[19.76748,70.216699]]],[[[20.779199,70.089746],[20.642578,70.057031],[20.405078,70.119141],[20.492773,70.20332],[20.654883,70.230859],[20.819434,70.205469],[20.779199,70.089746]]],[[[19.255078,70.066406],[19.34375,70.011963],[19.499512,70.0479],[19.607813,70.019141],[19.592285,69.970166],[19.334766,69.820264],[19.007812,69.75957],[18.806934,69.639844],[18.784766,69.579004],[18.274121,69.535498],[18.061523,69.6021],[18.227441,69.635742],[18.349316,69.767871],[18.624316,69.813037],[18.674023,69.781641],[18.686523,69.890918],[18.883203,70.010547],[19.050977,70.037842],[19.060059,70.166602],[19.132715,70.244141],[19.212695,70.247461],[19.255078,70.066406]]],[[[12.50957,65.901953],[12.429492,65.899072],[12.430176,65.939941],[12.548828,66.001904],[12.778809,65.991699],[12.50957,65.901953]]],[[[12.419922,66.043262],[12.327344,66.036621],[12.461328,66.18501],[12.620801,66.17793],[12.576367,66.071924],[12.419922,66.043262]]],[[[11.231445,64.865869],[10.739844,64.870312],[11.020996,64.978711],[11.132617,64.976172],[11.246191,64.90791],[11.231445,64.865869]]],[[[17.503027,69.59624],[17.623242,69.539062],[17.783691,69.563037],[18.004102,69.50498],[18.076758,69.395752],[17.94209,69.328711],[17.950684,69.198145],[17.568164,69.1604],[17.487891,69.196826],[17.08252,69.013672],[17.077051,69.046631],[16.810449,69.070703],[16.971777,69.137891],[17.001758,69.361914],[17.083008,69.398828],[17.36084,69.381494],[17.373438,69.438867],[17.229883,69.477686],[17.453613,69.530176],[17.503027,69.59624]]],[[[15.760352,68.56123],[16.05957,68.680518],[16.150586,68.842383],[16.275586,68.868311],[16.425195,68.841553],[16.547363,68.716553],[16.519238,68.633008],[16.193945,68.538477],[15.975293,68.40249],[15.763672,68.409082],[15.4375,68.312842],[15.279688,68.373828],[15.187891,68.3104],[14.926855,68.306592],[14.628906,68.198486],[14.25752,68.190771],[14.257227,68.256934],[14.58584,68.400342],[15.095313,68.441406],[15.412598,68.61582],[15.564258,68.87373],[15.443652,68.919189],[15.483008,69.043457],[15.892676,69.277881],[16.129492,69.273926],[15.992676,69.112646],[15.811719,69.024219],[15.905859,68.908496],[15.92793,68.733203],[15.760352,68.56123]]],[[[-8.953564,70.83916],[-9.098877,70.854883],[-8.520801,71.030664],[-8.343701,71.140137],[-8.001367,71.177686],[-7.978809,71.116895],[-8.0021,71.04126],[-8.635352,70.94043],[-8.953564,70.83916]]],[[[19.219336,74.391016],[19.098535,74.352148],[18.797461,74.485693],[19.18291,74.51792],[19.274707,74.456738],[19.219336,74.391016]]],[[[26.875977,78.648926],[26.45957,78.720264],[26.407715,78.784326],[26.585938,78.811475],[26.78877,78.723975],[27.007617,78.69751],[26.875977,78.648926]]],[[[32.525977,80.119141],[31.481934,80.10791],[33.098633,80.228711],[33.629297,80.217432],[32.525977,80.119141]]],[[[21.608105,78.595703],[22.043164,78.576953],[22.207324,78.407666],[22.299512,78.228174],[22.988867,78.251953],[23.451953,78.149463],[23.151953,78.088086],[23.116699,77.991504],[23.683984,77.875439],[24.238281,77.898535],[24.901855,77.756592],[24.129785,77.658252],[23.736133,77.462354],[23.380859,77.380322],[23.101367,77.385059],[22.801758,77.275781],[22.553711,77.26665],[22.426953,77.315918],[22.486621,77.360107],[22.44248,77.429346],[22.732617,77.539355],[22.685352,77.553516],[22.397266,77.570117],[22.056836,77.501172],[20.928125,77.459668],[20.873145,77.565332],[21.201074,77.619482],[21.33418,77.771777],[21.653125,77.923535],[21.035449,78.05918],[20.844922,78.165869],[20.786426,78.252148],[20.52832,78.325586],[20.560254,78.419385],[20.372754,78.412012],[20.22793,78.477832],[21.608105,78.595703]]],[[[20.897852,80.249951],[21.549219,80.24292],[21.654883,80.218457],[21.69668,80.15918],[22.289746,80.049219],[22.442676,80.190283],[22.417871,80.365527],[22.450781,80.402246],[23.008008,80.473975],[23.31543,80.425244],[23.114551,80.186963],[23.687988,80.206543],[23.95293,80.30459],[24.234082,80.303125],[24.297559,80.3604],[24.402637,80.355176],[24.613672,80.28584],[24.785938,80.300684],[25.836328,80.175146],[26.86084,80.16001],[27.14834,80.059229],[27.198633,79.906592],[26.005859,79.617041],[25.641211,79.403027],[25.145117,79.338867],[24.750586,79.3646],[23.947754,79.194287],[22.903711,79.230664],[22.695703,79.329053],[22.865527,79.411865],[20.861133,79.397852],[20.76084,79.441504],[20.128223,79.4896],[19.674609,79.591162],[19.821094,79.633643],[20.493457,79.632764],[20.784082,79.748584],[20.123438,79.778564],[19.4,79.726562],[18.725,79.760742],[18.324707,79.859717],[18.255371,79.929199],[18.855957,80.036621],[18.343848,80.05957],[17.916895,80.143115],[18.779297,80.193506],[19.343359,80.116406],[19.537109,80.163232],[19.354688,80.1854],[19.191406,80.263232],[19.17832,80.331543],[19.751074,80.227197],[19.810352,80.326807],[19.614355,80.462549],[19.733301,80.477832],[20.359375,80.400928],[20.897852,80.249951]]],[[[16.786719,79.906738],[16.966406,79.958936],[17.219434,79.940771],[17.83457,79.800049],[17.956152,79.704248],[17.6875,79.53335],[17.733984,79.481348],[17.66875,79.385937],[18.27207,79.600586],[18.397363,79.605176],[18.581445,79.571582],[18.815234,79.42666],[18.807422,79.303174],[18.677832,79.261719],[19.089453,79.157031],[19.750879,79.146826],[19.893555,79.056201],[20.11377,79.076709],[20.162695,79.145654],[20.611035,79.106641],[20.767188,79.059131],[20.500684,78.981396],[21.312207,78.79585],[21.38877,78.74043],[21.096289,78.67627],[19.676758,78.60957],[19.150488,78.379395],[18.983789,78.234229],[18.995117,78.081494],[18.439258,78.025049],[18.361914,77.682275],[18.22793,77.522607],[17.84707,77.496777],[17.62334,77.399365],[17.44248,77.225244],[17.152539,77.048926],[17.249023,76.969189],[16.97666,76.811621],[17.062695,76.658984],[16.700488,76.579297],[16.461914,76.609326],[15.546777,76.886426],[15.124219,77.085107],[14.36582,77.234473],[14.050391,77.403223],[13.995703,77.508203],[14.071289,77.564111],[14.377637,77.579639],[14.69502,77.525049],[14.920801,77.688818],[17.033301,77.797705],[16.914062,77.897998],[16.060059,77.847119],[15.585352,77.869141],[14.846875,77.778662],[14.089941,77.771387],[13.791113,77.853809],[13.680566,78.028125],[13.936914,78.085547],[14.307227,78.005078],[14.248145,78.071387],[15.341406,78.220947],[15.698047,78.227588],[15.657129,78.299023],[15.783887,78.327051],[16.776953,78.350439],[17.171973,78.417139],[16.726562,78.407178],[16.448633,78.503564],[16.782617,78.663623],[16.530469,78.656299],[15.944043,78.493018],[15.417383,78.473242],[15.254199,78.589062],[15.391602,78.721191],[15.38418,78.771191],[15.322754,78.781201],[15.016309,78.630127],[14.689258,78.720947],[14.467188,78.675391],[14.51543,78.580566],[14.431836,78.49248],[14.638281,78.4146],[14.110449,78.270898],[13.150195,78.2375],[12.664648,78.384766],[12.25791,78.594678],[11.773828,78.716406],[11.755176,78.81167],[11.861035,78.831885],[11.36543,78.950391],[11.547559,78.982959],[12.274902,78.904492],[12.40332,78.953223],[12.087305,78.975098],[11.981836,79.025293],[11.892773,79.152344],[12.083984,79.267529],[11.97832,79.292676],[11.579785,79.283496],[11.616406,79.205273],[11.521191,79.15127],[11.208105,79.129639],[10.737598,79.520166],[10.737012,79.581641],[10.810742,79.640918],[10.682129,79.758252],[10.865918,79.796582],[11.150391,79.716992],[11.250586,79.784863],[11.702344,79.820605],[12.287793,79.713135],[12.219141,79.7979],[12.753516,79.775781],[13.692871,79.860986],[13.91416,79.816943],[13.921094,79.761719],[13.777539,79.715283],[13.039258,79.685156],[12.555371,79.569482],[13.333789,79.574805],[13.383594,79.480762],[13.957227,79.339648],[14.055859,79.383105],[14.011133,79.481934],[14.039844,79.585645],[14.593652,79.79873],[14.831836,79.766406],[15.052344,79.675342],[15.764063,79.174268],[16.34375,78.976123],[15.875098,79.519238],[15.825781,79.709033],[15.955762,79.835107],[16.100195,79.884424],[16.056641,79.953955],[16.093848,80.007324],[16.245703,80.049463],[16.524023,80.020508],[16.786719,79.906738]]],[[[11.250293,78.610693],[11.261719,78.541699],[11.424219,78.548584],[11.825684,78.436084],[12.116406,78.232568],[11.965039,78.224854],[11.586523,78.388232],[11.121289,78.463281],[10.628418,78.753857],[10.558203,78.90293],[10.96084,78.846387],[11.15293,78.724463],[11.078223,78.686035],[11.250293,78.610693]]],[[[18.741602,80.300928],[18.525,80.245605],[18.162207,80.288184],[18.291699,80.35835],[18.741602,80.300928]]],[[[29.04707,78.912061],[29.69668,78.904736],[29.310547,78.8521],[28.494531,78.887207],[28.037891,78.828711],[27.889063,78.852148],[28.511133,78.967334],[28.845215,78.97085],[29.04707,78.912061]]]]}},{"type":"Feature","properties":{"sigla":"NLD","nome":"Países Baixos"},"geometry":{"type":"MultiPolygon","coordinates":[[[[5.993945,50.750439],[5.74707,50.75957],[5.639453,50.843604],[5.75,50.950244],[5.818262,51.086426],[5.796484,51.153076],[5.476855,51.285059],[5.21416,51.278955],[5.099902,51.346484],[5.030957,51.469092],[4.848047,51.403271],[4.755664,51.491113],[4.633984,51.421729],[4.503418,51.474707],[4.384766,51.427588],[4.37373,51.356006],[4.006543,51.443213],[3.821875,51.409375],[3.586914,51.453906],[3.448926,51.540771],[3.743945,51.596045],[4.141309,51.455762],[4.274121,51.471631],[4.004785,51.59585],[4.182617,51.610303],[3.946875,51.810547],[4.084863,51.994092],[4.482813,52.30918],[4.76875,52.941309],[4.887988,52.90835],[5.06123,52.960645],[5.358398,53.096484],[5.532031,53.268701],[5.873535,53.375195],[6.816211,53.441162],[6.968164,53.327295],[7.197266,53.282275],[7.189941,52.999512],[7.033008,52.651367],[6.748438,52.634082],[6.691602,52.530176],[6.748828,52.464014],[7.001855,52.418994],[7.019629,52.266016],[6.724512,52.080225],[6.715625,52.036182],[6.802441,51.980176],[6.741797,51.910889],[6.355664,51.824658],[6.166504,51.880762],[5.94873,51.802686],[6.198828,51.45],[6.075879,51.224121],[6.12998,51.147412],[5.85752,51.030127],[6.048438,50.904883],[5.993945,50.750439]]],[[[4.226172,51.386475],[4.172559,51.30708],[3.902051,51.207666],[3.580273,51.286182],[3.43252,51.245752],[3.350098,51.377686],[4.226172,51.386475]]],[[[6.333398,53.510742],[6.193262,53.476807],[6.159277,53.483936],[6.333398,53.510742]]],[[[5.929297,53.458838],[5.732031,53.442627],[5.654297,53.466504],[5.929297,53.458838]]],[[[5.108594,53.308008],[4.90791,53.24624],[5.027051,53.310205],[5.108594,53.308008]]],[[[5.325781,53.385742],[5.190234,53.391797],[5.582617,53.438086],[5.325781,53.385742]]],[[[4.886133,53.070703],[4.787109,52.999805],[4.70918,53.036035],[4.886426,53.183301],[4.886133,53.070703]]],[[[3.949121,51.739453],[4.075098,51.648779],[3.950977,51.627051],[3.699023,51.709912],[3.949121,51.739453]]],[[[6.734766,53.58252],[6.64209,53.579199],[6.800879,53.625488],[6.734766,53.58252]]],[[[-68.205811,12.14458],[-68.254346,12.03208],[-68.369238,12.301953],[-68.219482,12.23125],[-68.205811,12.14458]]],[[[-62.9375,17.495654],[-62.983105,17.476904],[-62.999609,17.530371],[-62.9375,17.495654]]],[[[-63.232666,17.623145],[-63.254492,17.628662],[-63.24165,17.651807],[-63.232666,17.623145]]]]}},{"type":"Feature","properties":{"sigla":"MNE","nome":"Montenegro"},"geometry":{"type":"Polygon","coordinates":[[[19.194336,43.533301],[19.21875,43.449951],[19.614453,43.173437],[19.944043,43.081641],[20.268457,42.935449],[20.347656,42.852783],[20.192578,42.754639],[20.054297,42.760059],[20.070312,42.55708],[19.939063,42.506689],[19.788281,42.476172],[19.727832,42.634521],[19.654492,42.628564],[19.280664,42.172559],[19.361426,42.069092],[19.342383,41.869092],[19.186426,41.948633],[19.122266,42.060498],[18.894238,42.249463],[18.63291,42.378076],[18.645898,42.442725],[18.51748,42.43291],[18.438086,42.522949],[18.545898,42.641602],[18.466016,42.777246],[18.460156,42.9979],[18.623633,43.027686],[18.674219,43.230811],[18.851074,43.346338],[19.02666,43.292432],[18.950684,43.52666],[19.194336,43.533301]]]}},{"type":"Feature","properties":{"sigla":"MDA","nome":"Moldávia"},"geometry":{"type":"Polygon","coordinates":[[[26.618945,48.259863],[26.84707,48.387158],[27.228516,48.371436],[27.549219,48.477734],[27.82002,48.41626],[28.088477,48.257031],[28.291016,48.238574],[28.347168,48.213037],[28.340527,48.144434],[28.423047,48.146875],[28.463086,48.090527],[28.530469,48.150293],[28.773828,48.11958],[28.923145,47.951123],[29.125391,47.964551],[29.211133,47.775],[29.134863,47.489697],[29.53916,47.270996],[29.510938,47.128027],[29.571973,46.964014],[29.877832,46.828906],[29.94248,46.723779],[29.924316,46.538867],[30.131055,46.423096],[30.075684,46.377832],[29.837891,46.350537],[29.706836,46.44873],[29.614941,46.398828],[29.304883,46.466602],[29.20459,46.379346],[29.18623,46.523975],[28.958398,46.458496],[28.930566,46.362256],[29.00625,46.176465],[28.947754,46.049951],[28.73877,45.937158],[28.729297,45.852002],[28.491602,45.665771],[28.499023,45.517725],[28.2125,45.450439],[28.074707,45.598975],[28.159766,45.647119],[28.099707,45.972607],[28.244336,46.45127],[28.239453,46.64082],[28.071777,46.978418],[27.614063,47.340527],[27.336914,47.639746],[26.980762,48.155029],[26.787305,48.255811],[26.618945,48.259863]]]}},{"type":"Feature","properties":{"sigla":"MCO","nome":"Mônaco"},"geometry":{"type":"Polygon","coordinates":[[[7.438672,43.750439],[7.377734,43.731738],[7.39502,43.765332],[7.438672,43.750439]]]}},{"type":"Feature","properties":{"sigla":"MLT","nome":"Malta"},"geometry":{"type":"MultiPolygon","coordinates":[[[[14.566211,35.852734],[14.436426,35.82168],[14.352344,35.872266],[14.35127,35.978418],[14.44834,35.957422],[14.566211,35.852734]]],[[[14.313477,36.027588],[14.180371,36.0604],[14.263281,36.075781],[14.313477,36.027588]]]]}},{"type":"Feature","properties":{"sigla":"MKD","nome":"Macedônia do Norte"},"geometry":{"type":"Polygon","coordinates":[[[21.5625,42.24751],[22.239746,42.358154],[22.582715,42.104834],[22.796094,42.025684],[23.003613,41.739844],[22.929688,41.356104],[22.783887,41.331982],[22.724805,41.178516],[22.603613,41.140186],[21.993359,41.130957],[21.779492,40.950439],[21.575781,40.868945],[21.404102,40.907178],[20.964258,40.849902],[20.933496,40.903125],[20.74082,40.905273],[20.488965,41.272607],[20.448633,41.521289],[20.516211,41.574756],[20.553125,41.862354],[20.725,41.873535],[20.778125,42.071045],[21.059766,42.171289],[21.286621,42.100391],[21.389551,42.219824],[21.5625,42.24751]]]}},{"type":"Feature","properties":{"sigla":"LUX","nome":"Luxemburgo"},"geometry":{"type":"Polygon","coordinates":[[[6.116504,50.120996],[6.109766,50.034375],[6.204883,49.915137],[6.487305,49.798486],[6.484766,49.707812],[6.37832,49.599609],[6.344336,49.452734],[6.181055,49.498926],[6.011426,49.445459],[5.789746,49.538281],[5.880371,49.644775],[5.725,49.808301],[5.744043,49.919629],[5.97627,50.167187],[6.116504,50.120996]]]}},{"type":"Feature","properties":{"sigla":"LTU","nome":"Lituânia"},"geometry":{"type":"MultiPolygon","coordinates":[[[[20.957813,55.278906],[20.899805,55.28667],[21.014063,55.401953],[21.114844,55.616504],[21.103906,55.487744],[20.957813,55.278906]]],[[[22.766211,54.356787],[22.679883,54.493018],[22.684473,54.562939],[22.824707,54.871289],[22.627441,54.970703],[22.567285,55.059131],[22.072363,55.063672],[21.389258,55.275537],[21.235742,55.264111],[21.201074,55.343799],[21.237891,55.455029],[21.061914,55.813428],[21.046094,56.070068],[21.653516,56.314551],[22.08457,56.406738],[22.875586,56.396436],[23.042969,56.324072],[23.195898,56.367139],[23.812695,56.329248],[24.120703,56.264258],[24.473633,56.284082],[24.841016,56.411182],[24.903027,56.398193],[25.069922,56.200391],[25.663184,56.104834],[26.28125,55.750439],[26.593555,55.667529],[26.457617,55.34248],[26.775684,55.273096],[26.601172,55.130176],[26.291797,55.1396],[26.175195,55.003271],[25.859277,54.919287],[25.722461,54.717871],[25.724805,54.564258],[25.547363,54.331836],[25.748145,54.259668],[25.765234,54.179785],[25.680566,54.140479],[25.510352,54.159619],[25.527344,54.215137],[25.461133,54.292773],[25.046094,54.133057],[24.869531,54.145166],[24.768164,53.974658],[24.620703,53.979834],[24.317969,53.892969],[24.191309,53.950439],[23.559082,53.919824],[23.484668,53.939795],[23.453613,54.143457],[23.370117,54.200488],[22.893945,54.390527],[22.766211,54.356787]]]]}},{"type":"Feature","properties":{"sigla":"LIE","nome":"Liechtenstein"},"geometry":{"type":"Polygon","coordinates":[[[9.580273,47.057373],[9.487695,47.062256],[9.527539,47.270752],[9.610547,47.107129],[9.580273,47.057373]]]}},{"type":"Feature","properties":{"sigla":"LVA","nome":"Letônia"},"geometry":{"type":"Polygon","coordinates":[[[26.593555,55.667529],[26.28125,55.750439],[25.663184,56.104834],[25.069922,56.200391],[24.903027,56.398193],[24.841016,56.411182],[24.473633,56.284082],[24.120703,56.264258],[23.812695,56.329248],[23.195898,56.367139],[23.042969,56.324072],[22.875586,56.396436],[22.08457,56.406738],[21.653516,56.314551],[21.046094,56.070068],[21.031445,56.636572],[21.071289,56.82373],[21.350781,57.017676],[21.45918,57.322461],[21.728711,57.570996],[22.55459,57.724268],[22.648633,57.595361],[23.136816,57.323828],[23.287305,57.089746],[23.647754,56.971045],[23.931152,57.008496],[24.382617,57.250049],[24.322559,57.870605],[25.111035,58.063428],[25.228711,57.996582],[25.340039,58.039453],[25.991113,57.838184],[26.298047,57.601074],[26.462109,57.544482],[26.966016,57.609131],[27.187109,57.53833],[27.469727,57.524023],[27.538672,57.429785],[27.828613,57.293311],[27.830273,57.194482],[27.717383,57.054639],[27.639453,56.845654],[27.848633,56.853418],[28.00752,56.599854],[28.103125,56.545703],[28.202051,56.2604],[28.147949,56.14292],[27.896289,56.076172],[27.642285,55.911719],[27.576758,55.798779],[27.052539,55.830566],[26.953027,55.812939],[26.822461,55.709229],[26.593555,55.667529]]]}},{"type":"Feature","properties":{"sigla":"KOS","nome":"Kosovo"},"geometry":{"type":"Polygon","coordinates":[[[20.344336,42.82793],[20.468848,42.85791],[20.475098,42.953027],[20.624023,43.03418],[20.657617,43.099854],[20.623145,43.198633],[20.800586,43.261084],[20.844434,43.173437],[21.057031,43.091699],[21.237109,42.913232],[21.403027,42.831543],[21.390625,42.751416],[21.752148,42.651514],[21.609863,42.387451],[21.518945,42.328418],[21.5625,42.24751],[21.389551,42.219824],[21.286621,42.100391],[21.059766,42.171289],[20.778125,42.071045],[20.725,41.873535],[20.578516,41.866211],[20.575391,42.013086],[20.485449,42.223389],[20.240527,42.338965],[20.063965,42.547266],[20.054297,42.760059],[20.192578,42.754639],[20.344336,42.82793]]]}},{"type":"Feature","properties":{"sigla":"ITA","nome":"Itália"},"geometry":{"type":"MultiPolygon","coordinates":[[[[7.021094,45.925781],[7.129004,45.88042],[7.538574,45.978174],[7.787891,45.921826],[7.993164,46.015918],[8.125195,46.160937],[8.095703,46.271045],[8.422559,46.446045],[8.458398,46.245898],[8.641699,46.110791],[8.818555,46.077148],[8.778027,45.996191],[8.953711,45.830029],[9.02373,45.845703],[9.003027,46.014893],[9.251074,46.286768],[9.260156,46.475195],[9.304395,46.495557],[9.427637,46.482324],[9.528711,46.306201],[9.939258,46.361816],[10.080566,46.227979],[10.145215,46.253516],[10.038281,46.483203],[10.087012,46.599902],[10.195508,46.621094],[10.272266,46.564844],[10.430664,46.550049],[10.397949,46.665039],[10.452832,46.864941],[10.993262,46.777002],[11.133887,46.936182],[11.244434,46.975684],[11.775684,46.986084],[12.169434,47.082129],[12.20127,47.060889],[12.130762,46.984766],[12.154102,46.935254],[12.388281,46.702637],[13.7,46.520264],[13.679688,46.462891],[13.399512,46.317529],[13.378223,46.261621],[13.420996,46.212305],[13.63252,46.177051],[13.486426,46.039551],[13.487695,45.987109],[13.600586,45.979785],[13.583398,45.812354],[13.72168,45.761279],[13.874707,45.614844],[13.719824,45.587598],[13.783301,45.627246],[13.62832,45.770947],[13.465137,45.709961],[13.206348,45.771387],[13.030273,45.6375],[12.432129,45.46792],[12.536133,45.544922],[12.491797,45.546289],[12.274316,45.446045],[12.225684,45.241504],[12.39248,45.039795],[12.523438,44.967969],[12.463574,44.845215],[12.384473,44.79834],[12.278906,44.832227],[12.24834,44.72251],[12.396289,44.223877],[12.691113,43.994727],[13.56416,43.571289],[13.804688,43.180371],[14.010449,42.689551],[14.540723,42.244287],[15.16875,41.934033],[15.964063,41.939453],[16.164648,41.896191],[16.18916,41.814014],[16.15127,41.758496],[15.91377,41.62085],[15.900488,41.512061],[16.551855,41.232031],[17.103418,41.062158],[17.474219,40.840576],[17.95498,40.655176],[18.460645,40.221045],[18.48584,40.104834],[18.393457,39.903613],[18.34375,39.821387],[18.07793,39.936963],[17.865039,40.280176],[17.395801,40.340234],[17.257715,40.399072],[17.17998,40.502783],[17.03125,40.513477],[16.928223,40.458057],[16.669629,40.137207],[16.52998,39.859668],[16.521875,39.747559],[16.597754,39.638916],[16.824316,39.57832],[17.114551,39.380615],[17.174609,38.998096],[17.098535,38.919336],[16.951465,38.939795],[16.616699,38.800146],[16.558984,38.714795],[16.545605,38.409082],[16.282422,38.249561],[16.056836,37.941846],[15.724512,37.939111],[15.645801,38.034229],[15.643066,38.175391],[15.700195,38.262305],[15.822363,38.302979],[15.904785,38.483496],[15.878906,38.613916],[15.926953,38.671729],[16.196777,38.759229],[16.209961,38.941113],[16.107422,39.023828],[16.023633,39.353613],[15.692773,39.990186],[15.585156,40.052832],[15.294531,40.07002],[14.950879,40.239014],[14.929102,40.30957],[14.986133,40.37749],[14.947656,40.469336],[14.765723,40.668408],[14.339941,40.598828],[14.460547,40.728711],[14.308887,40.812646],[14.044336,40.812256],[14.047656,40.870312],[13.859766,41.12998],[13.733398,41.235645],[13.246875,41.288867],[13.088672,41.243848],[12.849219,41.40874],[12.630859,41.469678],[12.075293,41.940869],[11.807031,42.082031],[11.637305,42.287549],[11.296289,42.423291],[11.103223,42.416602],[11.184766,42.456592],[11.167773,42.535156],[10.803125,42.804297],[10.708398,42.936328],[10.514844,42.967529],[10.520801,43.203809],[10.320508,43.513086],[10.245801,43.8521],[10.188086,43.94751],[10.047656,44.019971],[9.730859,44.101172],[9.289355,44.319238],[8.76582,44.422314],[8.551953,44.346143],[8.00498,43.876758],[7.493164,43.767139],[7.482031,43.864893],[7.677148,44.083154],[7.637207,44.164844],[7.318555,44.137988],[6.900195,44.335742],[6.842969,44.510693],[7.030664,44.716699],[6.992676,44.827295],[6.738184,44.921387],[6.634766,45.068164],[6.627734,45.117969],[6.692285,45.144287],[6.842285,45.135645],[7.07832,45.239941],[7.146387,45.381738],[6.790918,45.740869],[6.804492,45.814551],[7.021094,45.925781]],[[12.43916,41.898389],[12.438379,41.906201],[12.427539,41.900732],[12.43916,41.898389]],[[12.485254,43.901416],[12.503711,43.989746],[12.396875,43.93457],[12.485254,43.901416]]],[[[10.395117,42.858154],[10.419336,42.713184],[10.335645,42.761133],[10.13125,42.742041],[10.109766,42.785059],[10.395117,42.858154]]],[[[13.938281,40.705615],[13.867676,40.70874],[13.871191,40.761816],[13.962109,40.739404],[13.938281,40.705615]]],[[[12.05127,36.757031],[11.940625,36.780371],[11.936426,36.828613],[12.024219,36.820947],[12.05127,36.757031]]],[[[15.576563,38.220312],[15.234473,37.784814],[15.099512,37.458594],[15.116992,37.334717],[15.230273,37.244336],[15.174121,37.20918],[15.295703,37.055176],[15.11582,36.839258],[15.112598,36.687842],[14.775977,36.7104],[14.501855,36.798682],[14.259082,37.046436],[14.142969,37.103662],[13.800586,37.135889],[12.924121,37.570508],[12.640234,37.594336],[12.526758,37.669531],[12.435547,37.819775],[12.547656,38.05293],[12.734375,38.183057],[12.902734,38.034863],[13.049023,38.084082],[13.159961,38.190332],[13.291113,38.191455],[13.788867,37.981201],[14.05,38.040527],[14.505957,38.045508],[14.789648,38.166992],[15.11875,38.152734],[15.49873,38.290869],[15.634668,38.267578],[15.576563,38.220312]]],[[[9.632031,40.882031],[9.805273,40.499561],[9.642969,40.268408],[9.706738,40.017041],[9.5625,39.166016],[9.486328,39.139551],[9.056348,39.23916],[8.966602,38.963721],[8.881348,38.912891],[8.648535,38.926562],[8.418164,39.205713],[8.399121,39.481592],[8.451172,39.72168],[8.540527,39.731592],[8.547754,39.839209],[8.407813,39.917236],[8.471289,40.292676],[8.353223,40.500537],[8.189941,40.651611],[8.224219,40.91333],[8.363281,40.846338],[8.571875,40.850195],[8.821191,40.949902],[9.228418,41.25708],[9.615332,41.017285],[9.553711,40.932129],[9.632031,40.882031]]],[[[8.478906,39.067529],[8.421484,38.968652],[8.358594,39.098779],[8.478906,39.067529]]],[[[8.286035,41.039844],[8.205664,40.997461],[8.320215,41.121875],[8.286035,41.039844]]]]}},{"type":"Feature","properties":{"sigla":"IRL","nome":"Irlanda"},"geometry":{"type":"MultiPolygon","coordinates":[[[[-9.948193,53.913135],[-10.265723,53.977686],[-10.181055,54.016846],[-9.996387,54.003613],[-9.948193,53.913135]]],[[[-7.218652,55.091992],[-7.376904,55.027686],[-7.550391,54.767969],[-7.910596,54.69834],[-7.754395,54.594922],[-8.144824,54.453516],[-7.884473,54.283789],[-7.854932,54.215283],[-7.606543,54.143848],[-7.324512,54.133447],[-7.155469,54.239502],[-7.202588,54.301807],[-7.007715,54.406689],[-6.877246,54.329102],[-6.802588,54.214355],[-6.646875,54.163428],[-6.649805,54.058643],[-6.303662,54.094873],[-6.175732,54.053516],[-6.156934,54.017236],[-6.307617,54.011035],[-6.347607,53.941309],[-6.141846,53.577539],[-6.15166,53.366406],[-6.027393,52.9271],[-6.169336,52.738135],[-6.217236,52.543115],[-6.463184,52.345361],[-6.325,52.24668],[-6.561084,52.188818],[-6.782227,52.210498],[-6.890234,52.159229],[-6.965771,52.249512],[-7.003271,52.165918],[-7.527295,52.098877],[-7.624902,51.993115],[-7.872168,51.935303],[-8.057812,51.825586],[-8.40918,51.88877],[-8.335596,51.792969],[-8.407812,51.712061],[-9.296484,51.498242],[-9.462891,51.529053],[-9.835352,51.48335],[-9.710352,51.603711],[-9.524902,51.681104],[-9.579834,51.689258],[-10.120752,51.600684],[-9.598828,51.874414],[-10.084229,51.770996],[-10.341064,51.798926],[-10.378711,51.86875],[-9.909668,52.122949],[-10.390234,52.134912],[-10.356689,52.206934],[-10.13208,52.28208],[-9.772119,52.250098],[-9.906055,52.403711],[-9.632227,52.546924],[-8.783447,52.679639],[-8.990283,52.75542],[-9.175391,52.634912],[-9.561035,52.653955],[-9.916602,52.569727],[-9.464893,52.823193],[-9.393652,52.89624],[-9.461963,52.947266],[-9.299219,53.097559],[-8.930127,53.20708],[-9.140332,53.250488],[-9.514209,53.238232],[-9.625977,53.334473],[-9.875781,53.342725],[-9.79541,53.394971],[-10.09126,53.412842],[-10.054395,53.47832],[-10.116992,53.548535],[-9.720654,53.604492],[-9.909717,53.657617],[-9.901611,53.727197],[-9.578223,53.80542],[-9.578857,53.879834],[-9.914062,53.863721],[-9.856445,54.095361],[-9.934473,54.075244],[-9.9771,54.187109],[-10.092676,54.155762],[-10.056396,54.257812],[-9.562305,54.308545],[-9.315527,54.298633],[-9.145898,54.209619],[-9.002441,54.287988],[-8.545557,54.241211],[-8.623145,54.346875],[-8.470996,54.441943],[-8.230371,54.507275],[-8.133447,54.64082],[-8.456543,54.609277],[-8.763916,54.681201],[-8.377295,54.889453],[-8.393262,55.02041],[-8.274609,55.146289],[-7.750537,55.185791],[-7.762549,55.24834],[-7.66709,55.256494],[-7.556641,55.122217],[-7.65874,54.970947],[-7.478418,55.046973],[-7.517871,55.247949],[-7.301758,55.298779],[-7.365967,55.360205],[-6.96167,55.237891],[-7.218652,55.091992]]]]}},{"type":"Feature","properties":{"sigla":"ISL","nome":"Islândia"},"geometry":{"type":"Polygon","coordinates":[[[-15.543115,66.228516],[-15.240918,66.259131],[-14.856104,66.381445],[-14.59585,66.381543],[-14.912207,66.284277],[-15.116406,66.102441],[-14.698193,66.020215],[-14.688232,65.896973],[-14.8271,65.764258],[-14.391846,65.787402],[-14.318164,65.684473],[-14.473389,65.575342],[-14.166943,65.642285],[-13.617871,65.519336],[-13.667773,65.398975],[-13.804785,65.354785],[-13.641113,65.275],[-13.754883,65.192529],[-13.580811,65.143018],[-13.569678,65.068115],[-13.854004,64.992871],[-13.85293,64.862158],[-14.044434,64.741895],[-14.385107,64.745215],[-14.375293,64.677441],[-14.465381,64.635693],[-14.432568,64.53833],[-14.628223,64.415967],[-15.021582,64.295898],[-15.255859,64.296924],[-15.83291,64.17666],[-16.640332,63.865479],[-17.815723,63.712988],[-17.914844,63.636377],[-17.880273,63.590186],[-17.946924,63.535742],[-18.080029,63.496338],[-18.252197,63.529687],[-18.222266,63.473193],[-18.653613,63.406689],[-20.198145,63.555811],[-20.494043,63.687354],[-20.469971,63.748193],[-20.363037,63.764941],[-20.413965,63.805176],[-20.650928,63.737402],[-20.729932,63.793359],[-21.136572,63.887939],[-21.105957,63.939844],[-21.448633,63.858398],[-22.652197,63.827734],[-22.742969,64.019385],[-22.701172,64.083203],[-22.510059,63.991455],[-22.187598,64.039209],[-21.865918,64.180322],[-21.668652,64.349023],[-21.46333,64.37915],[-21.64668,64.397852],[-22.053369,64.313916],[-21.90127,64.391602],[-22.000684,64.413184],[-21.950342,64.51499],[-21.590625,64.626367],[-21.674951,64.647705],[-22.106006,64.533057],[-22.324707,64.624414],[-22.247559,64.726904],[-22.467041,64.794971],[-23.346973,64.824365],[-23.818994,64.73916],[-24.026172,64.863428],[-23.924414,64.915234],[-23.352686,64.952783],[-23.197998,65.002148],[-23.108838,64.965869],[-22.788086,65.046484],[-21.892139,65.048779],[-21.763721,65.17373],[-22.099316,65.126221],[-22.509082,65.196777],[-21.844385,65.447363],[-22.90249,65.580469],[-23.899902,65.407568],[-24.475684,65.525195],[-24.248926,65.61499],[-23.856738,65.538379],[-24.01001,65.616211],[-24.092627,65.776465],[-23.615918,65.67959],[-23.285352,65.75],[-23.704736,65.781201],[-23.832617,65.849219],[-23.524951,65.880029],[-23.777344,66.017578],[-23.737158,66.069434],[-23.434473,66.024219],[-23.598535,66.108838],[-23.452539,66.181006],[-23.062549,66.08623],[-23.018994,65.982129],[-22.659863,66.025928],[-22.609717,65.976465],[-22.616016,65.86748],[-22.441699,65.908301],[-22.445312,66.07002],[-22.9479,66.212744],[-22.484424,66.266309],[-22.68623,66.337695],[-23.116943,66.338721],[-22.889209,66.440625],[-22.426123,66.430127],[-21.406885,66.025586],[-21.51665,65.967578],[-21.308789,65.895313],[-21.374902,65.741895],[-21.456641,65.698242],[-21.658447,65.723584],[-21.46626,65.635156],[-21.455127,65.584668],[-21.364746,65.578223],[-21.432178,65.474072],[-21.22998,65.420605],[-21.129687,65.266602],[-20.939746,65.565186],[-20.804346,65.636426],[-20.678955,65.663086],[-20.454834,65.571045],[-20.356641,65.719043],[-20.356592,66.033252],[-20.20752,66.100098],[-20.026074,66.049268],[-19.647852,65.800781],[-19.489697,65.768066],[-19.433887,65.814453],[-19.45625,65.984912],[-19.382959,66.075684],[-18.845898,66.183936],[-18.276953,65.884717],[-18.141943,65.734082],[-18.099023,65.830273],[-18.315332,66.093164],[-18.297168,66.157422],[-17.906982,66.143311],[-17.550439,65.964404],[-17.153027,66.202832],[-16.838037,66.125244],[-16.48501,66.195947],[-16.428076,66.278369],[-16.540674,66.446729],[-16.249316,66.5229],[-15.9854,66.514648],[-15.71377,66.358594],[-15.702783,66.285742],[-15.543115,66.228516]]]}},{"type":"Feature","properties":{"sigla":"HUN","nome":"Hungria"},"geometry":{"type":"Polygon","coordinates":[[[22.131836,48.405322],[22.253711,48.407373],[22.350195,48.256055],[22.520117,48.205371],[22.582422,48.134033],[22.769141,48.109619],[22.87666,47.947266],[22.608398,47.766309],[22.290625,47.727832],[21.999707,47.505029],[21.995313,47.395703],[21.661426,47.043896],[21.652637,46.96377],[21.494434,46.789746],[21.49707,46.704297],[21.320215,46.607812],[21.252246,46.486377],[21.264551,46.412305],[21.039844,46.242236],[20.837012,46.259717],[20.613672,46.133496],[20.508105,46.166943],[20.241797,46.108594],[19.613477,46.169189],[19.278125,46.002881],[19.087305,46.016162],[18.927832,45.931396],[18.666016,45.907471],[18.437305,45.767334],[17.963867,45.770264],[17.807129,45.79043],[17.607031,45.91377],[17.310645,45.996143],[16.871484,46.339307],[16.516211,46.499902],[16.38125,46.638672],[16.283594,46.857275],[16.093066,46.863281],[16.252539,46.971924],[16.453418,47.006787],[16.492676,47.122656],[16.416895,47.223437],[16.462598,47.273145],[16.442871,47.399512],[16.623047,47.447559],[16.676563,47.536035],[16.639746,47.608887],[16.421289,47.674463],[16.590918,47.750537],[16.785938,47.678662],[17.066602,47.707568],[17.030078,47.837109],[17.147363,48.005957],[17.317285,47.990918],[17.761914,47.770166],[18.724219,47.787158],[18.778027,47.852881],[18.750098,47.939453],[18.791895,48.000293],[18.91416,48.05083],[19.466992,48.110693],[19.625391,48.223096],[19.950391,48.146631],[20.333789,48.295557],[20.490039,48.526904],[20.866602,48.545654],[21.067285,48.505908],[21.451367,48.552246],[21.721484,48.346582],[22.131836,48.405322]]]}},{"type":"Feature","properties":{"sigla":"GRC","nome":"Grécia"},"geometry":{"type":"MultiPolygon","coordinates":[[[[27.860156,36.553906],[27.785742,36.60752],[27.8625,36.641162],[27.860156,36.553906]]],[[[20.612305,38.38335],[20.624707,38.267871],[20.788867,38.14209],[20.761328,38.070557],[20.523535,38.106641],[20.452148,38.23418],[20.352539,38.179883],[20.408691,38.336768],[20.519629,38.332324],[20.563184,38.474951],[20.612305,38.38335]]],[[[20.888477,37.805371],[20.993945,37.708008],[20.909082,37.732129],[20.818555,37.664746],[20.619531,37.855029],[20.691504,37.929541],[20.888477,37.805371]]],[[[20.686719,38.608691],[20.554688,38.582568],[20.59248,38.760156],[20.694141,38.844238],[20.686719,38.608691]]],[[[20.758691,38.329443],[20.709277,38.318604],[20.623633,38.480322],[20.70127,38.451416],[20.758691,38.329443]]],[[[20.07793,39.432715],[20.099609,39.376611],[19.883984,39.461523],[19.646484,39.76709],[19.838574,39.820117],[19.926074,39.77373],[19.84668,39.668115],[19.955273,39.47041],[20.07793,39.432715]]],[[[23.41543,38.958643],[23.525,38.813477],[24.127539,38.648486],[24.199707,38.541016],[24.275781,38.22002],[24.359668,38.1625],[24.563281,38.14751],[24.578516,38.020166],[24.502344,37.969922],[24.359473,38.018555],[24.212012,38.117529],[24.040137,38.38999],[23.650781,38.443066],[23.617383,38.552539],[23.252148,38.801221],[23.029102,38.873389],[22.935742,38.839648],[22.870313,38.870508],[23.258203,39.031348],[23.41543,38.958643]]],[[[23.779785,39.114404],[23.666113,39.095361],[23.593945,39.208594],[23.779785,39.114404]]],[[[23.887988,39.158301],[23.841211,39.146582],[23.970898,39.267725],[23.887988,39.158301]]],[[[24.674707,38.809229],[24.541016,38.788672],[24.566406,38.832373],[24.461035,38.888623],[24.485645,38.980273],[24.674707,38.809229]]],[[[24.774219,40.615186],[24.645898,40.579443],[24.515527,40.647021],[24.516699,40.687207],[24.62334,40.79292],[24.719141,40.786279],[24.786328,40.703857],[24.774219,40.615186]]],[[[23.550977,37.925879],[23.419336,37.93125],[23.483691,37.991113],[23.550977,37.925879]]],[[[23.053809,36.189795],[23.042188,36.146387],[22.91084,36.220996],[22.950488,36.383936],[23.09707,36.246582],[23.053809,36.189795]]],[[[27.176074,35.465283],[27.137891,35.409082],[27.070703,35.597754],[27.158008,35.788672],[27.223145,35.820459],[27.157227,35.629492],[27.233594,35.478564],[27.176074,35.465283]]],[[[27.019727,36.959033],[26.919922,36.945215],[26.937695,37.024609],[26.888672,37.087256],[27.040137,37.001562],[27.019727,36.959033]]],[[[26.949609,36.7271],[26.918359,36.725928],[26.955566,36.774219],[27.214941,36.898633],[27.352148,36.868896],[26.949609,36.7271]]],[[[25.545898,36.967578],[25.456738,36.929688],[25.361914,37.07041],[25.525293,37.196387],[25.587891,37.152539],[25.545898,36.967578]]],[[[25.278906,37.068408],[25.199414,36.991309],[25.105469,37.034961],[25.235059,37.148535],[25.275293,37.137842],[25.278906,37.068408]]],[[[25.482422,36.392627],[25.435938,36.340088],[25.370508,36.358936],[25.408984,36.47373],[25.482422,36.392627]]],[[[25.381738,36.674023],[25.259961,36.758447],[25.295898,36.78916],[25.406934,36.717334],[25.381738,36.674023]]],[[[26.824414,37.811426],[27.039648,37.77002],[27.055078,37.709277],[26.844922,37.644727],[26.581055,37.72373],[26.638672,37.780859],[26.824414,37.811426]]],[[[26.029297,37.529395],[25.982422,37.525586],[26.086328,37.634912],[26.351367,37.674316],[26.204883,37.568506],[26.029297,37.529395]]],[[[25.859375,36.79043],[25.743164,36.789746],[26.000684,36.937402],[26.064453,36.902734],[25.859375,36.79043]]],[[[26.460645,36.5854],[26.331445,36.511377],[26.27002,36.546924],[26.269824,36.59541],[26.337012,36.580566],[26.37002,36.638574],[26.460645,36.5854]]],[[[24.355957,37.576855],[24.288965,37.528271],[24.32041,37.677734],[24.379102,37.682715],[24.355957,37.576855]]],[[[24.435742,37.344434],[24.378906,37.314111],[24.369727,37.419629],[24.43125,37.475195],[24.481445,37.408008],[24.435742,37.344434]]],[[[24.535742,36.76377],[24.530664,36.683984],[24.325977,36.655615],[24.357422,36.744287],[24.425195,36.712939],[24.535742,36.76377]]],[[[24.942871,37.493506],[24.911523,37.390576],[24.906543,37.508887],[24.942871,37.493506]]],[[[24.991699,37.759619],[24.962207,37.692383],[24.714355,37.898877],[24.700195,37.96167],[24.79043,37.990137],[24.855078,37.913672],[24.956348,37.904785],[24.991699,37.759619]]],[[[25.255859,37.599609],[25.21875,37.535107],[25.156348,37.545068],[24.996484,37.676904],[25.255859,37.599609]]],[[[24.720898,36.921436],[24.681445,37.021631],[24.763184,36.949219],[24.720898,36.921436]]],[[[26.094043,38.218066],[25.998535,38.161523],[25.891895,38.243311],[25.874316,38.269629],[25.991406,38.353516],[25.85127,38.508398],[25.846094,38.574023],[26.0125,38.601709],[26.160352,38.540723],[26.157031,38.30293],[26.094043,38.218066]]],[[[26.410156,39.329443],[26.392773,39.270117],[26.578223,39.109521],[26.583984,39.031445],[26.488672,39.074805],[26.547168,38.994141],[26.390137,38.973926],[26.16084,39.025879],[26.10791,39.081055],[26.273145,39.197559],[26.175977,39.194287],[26.072363,39.095605],[25.844141,39.200049],[25.90957,39.287549],[26.088379,39.304297],[26.164844,39.331982],[26.16543,39.373535],[26.347754,39.383008],[26.410156,39.329443]]],[[[25.685742,40.426562],[25.572656,40.400439],[25.448047,40.482812],[25.568555,40.515869],[25.685742,40.426562]]],[[[25.437695,39.983301],[25.357031,39.808105],[25.263379,39.822949],[25.249414,39.894141],[25.185156,39.829932],[25.062207,39.852393],[25.058008,39.999658],[25.23418,40.00542],[25.285742,39.956299],[25.449121,40.034814],[25.437695,39.983301]]],[[[25.402734,37.419141],[25.307129,37.412988],[25.312695,37.489307],[25.462988,37.471094],[25.402734,37.419141]]],[[[24.523535,37.125098],[24.424805,37.131982],[24.441211,37.186865],[24.529102,37.192334],[24.523535,37.125098]]],[[[27.842773,35.929297],[27.745703,35.911035],[27.715527,35.957324],[27.757324,36.069189],[27.716309,36.171582],[27.914453,36.345312],[28.231836,36.433643],[28.067676,36.129687],[28.087793,36.065332],[27.965527,36.04751],[27.842773,35.929297]]],[[[23.852246,35.535449],[24.013281,35.529443],[24.166016,35.595215],[24.197754,35.537451],[24.108984,35.495801],[24.255371,35.468604],[24.274902,35.385986],[24.354004,35.359473],[24.721289,35.424805],[25.475684,35.306201],[25.730176,35.348584],[25.74502,35.142725],[25.791309,35.122852],[26.028027,35.215283],[26.167871,35.215088],[26.320215,35.315137],[26.244336,35.044678],[26.165625,35.018604],[24.799805,34.934473],[24.745215,34.950635],[24.708887,35.089062],[24.463672,35.160352],[23.592773,35.257227],[23.547559,35.415576],[23.569824,35.534766],[23.608691,35.56626],[23.672656,35.513916],[23.736914,35.655518],[23.852246,35.535449]]],[[[26.320898,41.716553],[26.581348,41.60127],[26.624902,41.401758],[26.602344,41.35415],[26.330664,41.23877],[26.354102,40.99707],[26.10918,40.749658],[26.038965,40.726758],[25.855664,40.844092],[25.250098,40.932812],[25.104492,40.994727],[24.792969,40.85752],[24.477051,40.947754],[24.082324,40.724072],[23.762793,40.747803],[23.743262,40.677002],[23.878906,40.544385],[23.831934,40.481543],[23.866797,40.418555],[24.030566,40.409326],[24.212793,40.327783],[24.343359,40.147705],[24.158789,40.280029],[23.913184,40.358789],[23.72793,40.329736],[23.720508,40.286279],[23.96748,40.114551],[24.000781,40.024609],[23.94707,39.965576],[23.835352,40.022266],[23.664551,40.223828],[23.42627,40.263965],[23.386426,40.221973],[23.433203,40.11543],[23.674121,39.958887],[23.627344,39.924072],[23.395605,39.989844],[23.312012,40.216455],[22.896484,40.399902],[22.851367,40.490625],[22.922266,40.590869],[22.629492,40.495557],[22.592188,40.036914],[22.835742,39.800586],[22.978809,39.563818],[23.233398,39.358447],[23.327734,39.174902],[23.154688,39.101465],[23.119434,39.132764],[23.161719,39.257764],[22.992871,39.331055],[22.921387,39.306348],[22.838965,39.258594],[22.886035,39.169971],[22.965527,39.030908],[23.066699,39.037939],[22.802637,38.901611],[22.569141,38.86748],[23.25293,38.66123],[23.368945,38.525537],[23.569629,38.489404],[23.683984,38.352441],[23.966992,38.275],[24.024512,38.139795],[24.055371,37.709619],[23.971582,37.676758],[23.501758,38.034863],[23.036328,37.878369],[23.147168,37.795312],[23.197559,37.620215],[23.396191,37.579785],[23.489258,37.440186],[23.161523,37.333838],[23.015137,37.481787],[22.775,37.585107],[22.725391,37.542139],[23.060352,36.853516],[23.041016,36.644531],[23.160156,36.448096],[22.98291,36.528369],[22.779883,36.786182],[22.717188,36.793945],[22.608398,36.779736],[22.489063,36.568164],[22.489453,36.446924],[22.427734,36.475781],[22.374805,36.513574],[22.375977,36.701904],[22.080469,37.028955],[21.955566,36.990088],[21.892383,36.737305],[21.738086,36.863232],[21.58291,37.080957],[21.578809,37.200391],[21.69248,37.309277],[21.678906,37.387207],[21.571289,37.541016],[21.329297,37.669336],[21.288477,37.774512],[21.124707,37.891602],[21.308105,38.027441],[21.403711,38.19668],[21.658398,38.175098],[21.824707,38.328125],[21.95332,38.321191],[22.920313,37.958301],[22.893164,38.050928],[23.12207,38.07334],[23.183496,38.133691],[23.093555,38.196436],[22.834375,38.234717],[22.42168,38.438525],[22.319922,38.356836],[21.965332,38.412451],[21.472559,38.321387],[21.331055,38.487305],[21.30332,38.373926],[21.182617,38.345557],[21.113184,38.384668],[20.992188,38.654004],[20.873242,38.775732],[20.776855,38.80752],[20.768555,38.874414],[20.777344,38.927881],[20.893164,38.941113],[21.111621,38.896289],[21.152344,38.92207],[21.118359,39.02998],[20.779688,39.008545],[20.468262,39.255273],[20.300781,39.3271],[20.191406,39.545801],[20.00127,39.709424],[20.131055,39.661621],[20.248242,39.678369],[20.306152,39.79668],[20.382422,39.802637],[20.311133,39.979443],[20.657422,40.117383],[20.806055,40.445459],[20.950195,40.494385],[21.030859,40.622461],[20.964258,40.849902],[21.404102,40.907178],[21.575781,40.868945],[21.779492,40.950439],[21.993359,41.130957],[22.184473,41.158643],[22.493555,41.118506],[22.724805,41.178516],[22.783887,41.331982],[23.155957,41.32207],[23.239844,41.384961],[23.635156,41.386768],[24.011328,41.460059],[24.056055,41.527246],[24.518262,41.552539],[24.595996,41.442725],[24.77373,41.356104],[24.846875,41.394238],[24.993555,41.36499],[25.251172,41.243555],[25.784961,41.33042],[25.92334,41.311914],[26.135352,41.385742],[26.085547,41.70415],[26.200586,41.743799],[26.320898,41.716553]]]]}},{"type":"Feature","properties":{"sigla":"DEU","nome":"Alemanha"},"geometry":{"type":"MultiPolygon","coordinates":[[[[9.524023,47.524219],[9.182813,47.670703],[8.881152,47.656396],[8.572656,47.775635],[8.403418,47.687793],[8.570508,47.637793],[8.430078,47.592139],[7.927051,47.563867],[7.56543,47.606543],[7.538574,47.773633],[7.616602,48.156787],[7.837988,48.636035],[8.140332,48.886426],[8.134863,48.973584],[7.610938,49.061768],[7.450586,49.152197],[7.036719,49.112695],[7.001465,49.179883],[6.891211,49.20752],[6.735449,49.160596],[6.534277,49.394678],[6.344336,49.452734],[6.37832,49.599609],[6.484766,49.707812],[6.487305,49.798486],[6.256055,49.872168],[6.138184,49.974316],[6.108301,50.094238],[6.175098,50.232666],[6.364453,50.316162],[6.340918,50.451758],[6.178711,50.52251],[6.235938,50.59668],[5.993945,50.750439],[6.048438,50.904883],[5.85752,51.030127],[6.12998,51.147412],[6.075879,51.224121],[6.198828,51.45],[5.94873,51.802686],[6.166504,51.880762],[6.355664,51.824658],[6.741797,51.910889],[6.802441,51.980176],[6.715625,52.036182],[6.724512,52.080225],[7.019629,52.266016],[7.001855,52.418994],[6.748828,52.464014],[6.691602,52.530176],[6.748438,52.634082],[7.013184,52.633545],[7.179492,52.966211],[7.197266,53.282275],[7.05332,53.37583],[7.107129,53.556982],[7.206445,53.654541],[8.009277,53.690723],[8.16709,53.543408],[8.108496,53.467676],[8.245215,53.445312],[8.333887,53.606201],[8.492676,53.514355],[8.495215,53.394238],[8.528418,53.781104],[8.618945,53.875],[8.897754,53.835693],[9.205566,53.855957],[9.585352,53.600488],[9.783984,53.554639],[9.63125,53.600195],[9.312012,53.859131],[8.978125,53.926221],[8.903516,54.000293],[8.906641,54.260791],[8.780371,54.313037],[8.644922,54.294971],[8.648047,54.397656],[8.951855,54.467578],[8.957227,54.53833],[8.682324,54.791846],[8.670313,54.903418],[8.90293,54.896924],[9.25498,54.808008],[9.61582,54.85542],[9.892285,54.780615],[10.022168,54.673926],[10.028809,54.581299],[9.868652,54.472461],[10.143457,54.488428],[10.212402,54.408936],[10.360449,54.43833],[10.731543,54.31626],[11.013379,54.37915],[11.064355,54.280518],[11.008594,54.181152],[10.810742,54.075146],[10.917773,53.995312],[11.104297,54.00918],[11.399609,53.944629],[11.796289,54.145459],[12.111328,54.168311],[12.575391,54.467383],[13.028613,54.411035],[13.147461,54.282715],[13.448047,54.140869],[13.724219,54.153223],[13.822266,54.019043],[13.865527,53.853369],[14.025,53.767432],[14.258887,53.729639],[14.410938,53.199023],[14.128613,52.878223],[14.514063,52.645605],[14.619434,52.528516],[14.55459,52.359668],[14.679883,52.25],[14.70459,52.110205],[14.752539,52.081836],[14.60166,51.832373],[14.724902,51.661719],[14.724707,51.523877],[14.935547,51.435352],[15.016602,51.252734],[14.963867,51.095117],[14.766504,50.818311],[14.613574,50.855566],[14.623828,50.914746],[14.545703,50.993945],[14.319727,51.037793],[14.255859,51.001855],[14.369043,50.89873],[13.556738,50.704639],[13.436133,50.601074],[13.374609,50.621729],[13.181152,50.510498],[13.016406,50.490381],[12.942676,50.406445],[12.76543,50.430957],[12.549023,50.393408],[12.277344,50.181445],[12.134863,50.310937],[12.089746,50.268555],[12.207813,50.09751],[12.512012,49.895801],[12.390527,49.739648],[12.632031,49.46123],[13.28877,49.097461],[13.401172,48.977588],[13.547656,48.959668],[13.769922,48.815967],[13.814746,48.766943],[13.785352,48.587451],[13.675195,48.523047],[13.486621,48.581836],[13.374609,48.361377],[12.897461,48.203711],[12.760352,48.106982],[12.953516,47.890625],[12.897656,47.721875],[13.033594,47.69873],[13.054102,47.655127],[13.014355,47.478076],[12.809375,47.542187],[12.771387,47.639404],[12.68584,47.669336],[12.48291,47.637305],[12.209277,47.718262],[12.185645,47.619531],[11.716797,47.583496],[11.297949,47.424902],[11.041992,47.393115],[10.980859,47.398145],[10.873047,47.520215],[10.439453,47.551562],[10.369141,47.366064],[10.183008,47.278809],[10.200293,47.363428],[10.066309,47.393359],[10.059863,47.449072],[9.971582,47.505322],[9.748926,47.575537],[9.524023,47.524219]]],[[[13.70918,54.382715],[13.707324,54.281152],[13.482031,54.337402],[13.364355,54.24585],[13.162109,54.364551],[13.17666,54.544238],[13.239941,54.638428],[13.422754,54.699316],[13.491211,54.615381],[13.657617,54.55957],[13.580469,54.463965],[13.70918,54.382715]]],[[[14.211426,53.950342],[14.213672,53.870752],[13.925781,53.879053],[13.92168,53.996631],[13.827148,54.05957],[13.827734,54.127246],[14.211426,53.950342]]],[[[11.282813,54.417969],[11.011719,54.466162],[11.084961,54.533398],[11.233594,54.50127],[11.282813,54.417969]]],[[[8.307715,54.786963],[8.284668,54.76709],[8.295703,54.908301],[8.405176,55.05874],[8.451465,55.055371],[8.379883,54.899854],[8.62959,54.891748],[8.347363,54.847607],[8.307715,54.786963]]],[[[8.587891,54.712695],[8.400391,54.714111],[8.509961,54.760303],[8.587891,54.712695]]]]}},{"type":"Feature","properties":{"sigla":"FRA","nome":"França"},"geometry":{"type":"MultiPolygon","coordinates":[[[[9.480371,42.80542],[9.454199,42.658594],[9.526172,42.552637],[9.550684,42.129736],[9.400879,41.926221],[9.374219,41.678809],[9.186133,41.384912],[8.80752,41.588379],[8.886816,41.700684],[8.717969,41.761426],[8.74043,41.925146],[8.621875,41.930713],[8.700977,42.095605],[8.587793,42.16084],[8.566211,42.218799],[8.675488,42.284033],[8.565625,42.357715],[8.713086,42.549756],[8.814844,42.60791],[9.043652,42.66167],[9.137891,42.73291],[9.313379,42.713184],[9.363184,43.017383],[9.463281,42.981006],[9.480371,42.80542]]],[[[7.615625,47.592725],[7.343164,47.433105],[7.203125,47.432715],[7.136035,47.489844],[6.968359,47.453223],[6.900391,47.394238],[7.000586,47.32251],[6.666895,47.026514],[6.45625,46.94834],[6.410156,46.75542],[6.160742,46.611035],[6.067969,46.458545],[6.123242,46.378613],[6.095898,46.279395],[5.97002,46.214697],[6.006641,46.142334],[6.199414,46.193066],[6.272949,46.252246],[6.234668,46.332617],[6.428906,46.430518],[6.776074,46.406641],[6.816797,46.275195],[6.77207,46.165137],[7.021094,45.925781],[6.804492,45.814551],[6.790918,45.740869],[7.153418,45.400928],[7.07832,45.239941],[6.842285,45.135645],[6.692285,45.144287],[6.627734,45.117969],[6.634766,45.068164],[6.738184,44.921387],[6.992676,44.827295],[7.030664,44.716699],[6.842969,44.510693],[6.900195,44.335742],[7.318555,44.137988],[7.637207,44.164844],[7.677148,44.083154],[7.482031,43.864893],[7.493164,43.767139],[7.39502,43.765332],[7.181445,43.659131],[6.716602,43.373584],[6.570215,43.199072],[6.115918,43.072363],[5.809473,43.0979],[5.671582,43.177832],[5.406543,43.228516],[5.320215,43.344922],[5.073145,43.366602],[5.059766,43.444531],[4.712109,43.373291],[4.224219,43.479639],[4.052637,43.593066],[3.91084,43.563086],[3.258887,43.193213],[3.051758,42.915137],[3.090918,42.590869],[3.211426,42.431152],[2.891406,42.456055],[2.701855,42.408496],[2.65166,42.340479],[2.200391,42.420947],[2.032715,42.353516],[1.706055,42.50332],[1.740234,42.556738],[1.709863,42.604443],[1.501367,42.642725],[1.42832,42.595898],[1.349414,42.690674],[0.764453,42.838037],[0.669824,42.835742],[0.631641,42.6896],[0.201367,42.719336],[-0.041162,42.689111],[-0.299316,42.825342],[-0.586426,42.798975],[-0.762646,42.939795],[-1.175439,43.021143],[-1.300049,43.100977],[-1.370508,43.037598],[-1.46084,43.051758],[-1.410693,43.240088],[-1.712842,43.307031],[-1.794043,43.407324],[-1.631445,43.438037],[-1.484863,43.56377],[-1.245508,44.559863],[-1.170801,44.661816],[-1.076953,44.689844],[-1.152881,44.764014],[-1.245215,44.666699],[-1.189062,45.161475],[-1.081006,45.532422],[-0.826318,45.380664],[-0.691113,45.093457],[-0.548486,45.000586],[-0.641113,45.090186],[-0.790771,45.468018],[-1.195996,45.714453],[-1.209961,45.770898],[-1.031738,45.741064],[-1.104395,45.925342],[-1.146289,46.311377],[-1.39248,46.350098],[-1.786523,46.514844],[-2.059375,46.810303],[-2.090283,46.920508],[-2.018896,47.037646],[-2.19707,47.162939],[-2.108301,47.262939],[-2.027588,47.273584],[-1.742529,47.215967],[-1.975391,47.310693],[-2.353027,47.27876],[-2.503125,47.312061],[-2.530029,47.381592],[-2.427686,47.470898],[-2.554053,47.527051],[-2.770312,47.513867],[-2.796777,47.537256],[-2.733105,47.601807],[-2.787207,47.625537],[-2.964062,47.601074],[-3.158838,47.694678],[-3.443945,47.711035],[-3.900928,47.837549],[-4.312109,47.8229],[-4.427979,47.968945],[-4.678809,48.039502],[-4.329443,48.169971],[-4.577148,48.290039],[-4.241406,48.303662],[-4.393164,48.367627],[-4.719385,48.363135],[-4.7625,48.450244],[-4.720752,48.539893],[-4.531201,48.619971],[-4.058887,48.70752],[-3.714795,48.710498],[-3.471484,48.812939],[-3.231445,48.84082],[-3.003223,48.790674],[-2.692334,48.536816],[-2.446191,48.648291],[-2.079443,48.64502],[-2.003711,48.58208],[-1.905713,48.697119],[-1.824707,48.630518],[-1.376465,48.652588],[-1.480469,48.697607],[-1.565479,48.805518],[-1.583105,49.202393],[-1.813428,49.490137],[-1.870068,49.595117],[-1.856445,49.683789],[-1.258643,49.680176],[-1.232275,49.494873],[-1.138525,49.387891],[-0.163477,49.296777],[0.416895,49.448389],[0.439258,49.473193],[0.129395,49.508447],[0.109375,49.55752],[0.186719,49.703027],[0.616211,49.862939],[1.245508,49.998242],[1.592773,50.252197],[1.551563,50.293945],[1.579492,50.739258],[1.672266,50.88501],[1.9125,50.990625],[2.524902,51.097119],[2.596777,50.875928],[2.759375,50.750635],[2.839746,50.711768],[3.106836,50.779443],[3.234961,50.662939],[3.27334,50.531543],[3.59541,50.477344],[3.689355,50.306055],[3.748047,50.343506],[3.949707,50.335938],[4.174609,50.246484],[4.135254,50.143799],[4.192188,50.094141],[4.136816,50],[4.176074,49.960254],[4.54502,49.960254],[4.818652,50.153174],[4.860547,50.135889],[4.790039,49.95957],[4.867578,49.788135],[5.278809,49.67793],[5.507324,49.510889],[5.789746,49.538281],[6.011426,49.445459],[6.242188,49.494336],[6.534277,49.394678],[6.735449,49.160596],[6.891211,49.20752],[7.001465,49.179883],[7.036719,49.112695],[7.450586,49.152197],[7.610938,49.061768],[8.134863,48.973584],[8.140332,48.886426],[7.837988,48.636035],[7.616602,48.156787],[7.529395,47.673877],[7.615625,47.592725]]],[[[-1.17832,45.904053],[-1.213574,45.816602],[-1.368701,45.967676],[-1.388672,46.050391],[-1.17832,45.904053]]],[[[45.180273,-12.976758],[45.117578,-12.984961],[45.069434,-12.895605],[45.093555,-12.786133],[45.042578,-12.70127],[45.092383,-12.653027],[45.223145,-12.752148],[45.180273,-12.976758]]],[[[55.797363,-21.339355],[55.557617,-21.358301],[55.362695,-21.273633],[55.232813,-21.058398],[55.311328,-20.904102],[55.450488,-20.865137],[55.661914,-20.90625],[55.839063,-21.138574],[55.797363,-21.339355]]],[[[-60.82627,14.494482],[-60.862109,14.42627],[-60.899414,14.473779],[-61.063721,14.46709],[-61.090332,14.529687],[-61.011328,14.601904],[-61.141113,14.652393],[-61.21333,14.848584],[-61.127393,14.875293],[-60.927148,14.755176],[-60.933691,14.686182],[-60.82627,14.494482]]],[[[-61.327148,16.23042],[-61.522168,16.228027],[-61.528906,16.433789],[-61.471191,16.506641],[-61.355469,16.363184],[-61.172607,16.256104],[-61.327148,16.23042]]],[[[-61.589551,16.006934],[-61.670459,15.962061],[-61.759424,16.062061],[-61.794092,16.300977],[-61.748047,16.355273],[-61.552344,16.270898],[-61.589551,16.006934]]],[[[-61.230469,15.889941],[-61.310742,15.894678],[-61.318408,15.954883],[-61.25,16.006299],[-61.203418,15.92124],[-61.230469,15.889941]]],[[[-54.61626,2.326758],[-54.402002,2.461523],[-54.195508,2.817871],[-54.203125,3.138184],[-54.00957,3.448535],[-53.990479,3.589551],[-54.350732,4.054102],[-54.449609,4.48501],[-54.47334,4.914697],[-54.331641,5.187402],[-54.085303,5.411816],[-53.919922,5.768994],[-53.847168,5.782227],[-53.454443,5.563477],[-52.899316,5.425049],[-52.453955,5.021338],[-52.290527,4.942187],[-52.324609,4.770898],[-52.219971,4.862793],[-52.058105,4.717383],[-51.961914,4.514404],[-52.00293,4.352295],[-51.927686,4.436133],[-51.880273,4.63374],[-51.827539,4.635693],[-51.66582,4.228809],[-51.652539,4.061279],[-51.76709,3.992676],[-51.990625,3.702002],[-52.162598,3.364697],[-52.327881,3.181738],[-52.559473,2.573145],[-52.700635,2.363672],[-53.009717,2.181738],[-53.229785,2.204883],[-53.334424,2.339746],[-53.508984,2.253125],[-53.734717,2.308545],[-53.767773,2.354834],[-54.130078,2.121045],[-54.433105,2.20752],[-54.61626,2.326758]]]]}},{"type":"Feature","properties":{"sigla":"FIN","nome":"Finlândia"},"geometry":{"type":"MultiPolygon","coordinates":[[[[24.155469,65.805273],[23.907324,66.148242],[23.751465,66.191162],[23.700293,66.252637],[23.701172,66.480762],[23.865527,66.576611],[23.894141,66.706885],[23.988574,66.810547],[23.641504,67.129395],[23.626074,67.233936],[23.774902,67.328613],[23.733594,67.4229],[23.454883,67.460254],[23.541309,67.614307],[23.501855,67.875195],[23.638867,67.954395],[23.318555,68.130322],[23.18252,68.136621],[23.097852,68.257568],[22.854102,68.367334],[21.997461,68.520605],[20.918555,68.906934],[20.895117,68.979834],[20.622168,69.036865],[20.675879,69.069482],[21.065723,69.041748],[21.127832,69.080811],[21.066113,69.214111],[21.266797,69.273682],[21.59375,69.273584],[22.300391,68.855859],[22.410938,68.719873],[23.324023,68.648975],[23.707031,68.713867],[23.854004,68.805908],[24.941406,68.593262],[25.086914,68.6396],[25.249121,68.821338],[25.575293,68.887158],[25.74834,68.990137],[25.767188,69.282666],[26.011523,69.652637],[26.525391,69.915039],[27.127539,69.906494],[27.591699,70.042236],[27.889941,70.06167],[28.411719,69.822754],[29.141602,69.671436],[29.333398,69.472998],[28.846289,69.176904],[28.832617,69.118994],[28.96582,69.021973],[28.414062,68.90415],[28.744824,68.856445],[28.777637,68.813818],[28.470703,68.488379],[28.685156,68.189795],[29.343848,68.061865],[29.988086,67.668262],[29.941211,67.547461],[29.243359,67.096582],[29.087012,66.970947],[29.066211,66.891748],[29.903418,66.091064],[30.0875,65.786523],[30.095313,65.681689],[29.715918,65.624561],[29.819434,65.56875],[29.728027,65.473438],[29.714844,65.336963],[29.608008,65.248682],[29.810547,65.204736],[29.826953,65.145068],[29.622461,65.039502],[29.604199,64.968408],[29.783203,64.804297],[30.110254,64.732568],[30.120117,64.644629],[29.986621,64.524268],[30.108105,64.366113],[30.487891,64.236523],[30.526074,64.077295],[30.210254,63.80332],[29.991504,63.735156],[30.418555,63.504053],[31.180859,63.208301],[31.509277,62.955322],[31.533984,62.8854],[31.186719,62.481396],[29.25166,61.287793],[28.407422,60.896924],[27.797656,60.536133],[27.462402,60.464844],[27.205273,60.543457],[26.534668,60.412891],[26.519727,60.471582],[26.606445,60.62793],[26.569336,60.624561],[26.377734,60.424072],[26.204688,60.406592],[25.955957,60.474219],[26.03584,60.341504],[25.758008,60.267529],[25.656445,60.333203],[25.155859,60.194092],[24.600488,60.114258],[24.445605,60.021289],[23.463574,59.98623],[23.181445,59.844922],[22.963867,59.826367],[23.188477,59.972217],[23.198438,60.021826],[23.080176,60.047266],[22.86709,60.21582],[22.793457,60.076807],[22.462695,60.029199],[22.442676,60.156885],[22.589941,60.228369],[22.512305,60.281348],[22.584961,60.380566],[22.25791,60.400928],[21.854297,60.50542],[21.805273,60.594141],[21.613281,60.530957],[21.436035,60.596387],[21.360547,60.96748],[21.513477,61.281201],[21.506641,61.484326],[21.565039,61.484326],[21.498242,61.551953],[21.605957,61.591553],[21.384863,61.914941],[21.255957,61.989648],[21.343359,62.277393],[21.323438,62.342578],[21.165625,62.414062],[21.103613,62.622949],[21.143848,62.73999],[21.45752,62.95],[21.473535,63.033252],[21.650977,63.039307],[21.545117,63.204297],[21.895703,63.210254],[22.319727,63.310449],[22.243262,63.437939],[22.345996,63.442383],[22.318652,63.504395],[22.398047,63.491162],[22.527637,63.57998],[22.532324,63.647852],[22.75625,63.68335],[23.493945,64.034473],[23.598926,64.040918],[23.65293,64.13418],[24.27832,64.515283],[24.55791,64.801025],[24.942188,64.884033],[25.288184,64.860352],[25.228027,64.951025],[25.372656,65.009473],[25.340234,65.098633],[25.255859,65.143262],[25.347852,65.479248],[25.241797,65.546289],[24.674902,65.670703],[24.581543,65.757129],[24.628027,65.85918],[24.404297,65.780469],[24.155469,65.805273]]],[[[21.994238,60.33667],[21.818652,60.381836],[21.827246,60.469922],[21.994238,60.33667]]],[[[21.217773,63.241309],[21.421973,63.245898],[21.415625,63.197363],[21.253418,63.152002],[21.083887,63.277539],[21.236328,63.277734],[21.217773,63.241309]]],[[[22.175098,60.370752],[22.35498,60.355859],[22.415527,60.303369],[22.312891,60.269971],[22.360547,60.165576],[22.258301,60.165625],[22.077148,60.286328],[22.175098,60.370752]]],[[[21.450879,60.52959],[21.436914,60.483057],[21.3,60.479785],[21.214551,60.603857],[21.268066,60.638281],[21.450879,60.52959]]],[[[21.833203,60.140527],[21.69502,60.114355],[21.764258,60.198828],[21.864355,60.201807],[21.833203,60.140527]]],[[[21.62832,60.107812],[21.486035,60.126807],[21.634082,60.168994],[21.62832,60.107812]]],[[[24.848242,64.991016],[24.578613,64.978564],[24.576563,65.042871],[24.786035,65.086426],[24.997559,65.038721],[24.848242,64.991016]]]]}},{"type":"Feature","properties":{"sigla":"EST","nome":"Estônia"},"geometry":{"type":"MultiPolygon","coordinates":[[[[27.351953,57.528125],[26.966016,57.609131],[26.462109,57.544482],[26.298047,57.601074],[25.991113,57.838184],[25.282617,58.048486],[25.258301,57.996143],[25.111035,58.063428],[24.322559,57.870605],[24.463867,58.105957],[24.4875,58.261621],[24.549707,58.30459],[24.529102,58.354248],[24.336914,58.381396],[24.235645,58.289551],[24.114844,58.266113],[23.767578,58.36084],[23.691504,58.505615],[23.509277,58.658545],[23.530664,58.71626],[23.680762,58.787158],[23.503613,58.789844],[23.432031,58.920654],[23.515039,58.999219],[23.467773,59.032178],[23.516992,59.107568],[23.494434,59.195654],[23.78252,59.275146],[24.083398,59.291895],[24.053613,59.372314],[24.175391,59.375928],[24.380371,59.472656],[25.44375,59.521143],[25.520898,59.559473],[25.509277,59.639014],[26.625,59.553906],[26.974707,59.450635],[27.892578,59.414209],[28.0125,59.484277],[28.151074,59.374414],[27.897656,59.277637],[27.757617,59.052002],[27.43418,58.787256],[27.531348,58.435254],[27.502441,58.221338],[27.673438,57.934619],[27.778516,57.870703],[27.54209,57.799414],[27.4,57.666797],[27.351953,57.528125]]],[[[22.617383,58.62124],[22.964258,58.605713],[23.323242,58.45083],[23.127148,58.435986],[22.730273,58.230664],[22.37168,58.217139],[22.269336,58.160742],[22.152441,57.966797],[21.996875,57.931348],[21.985547,57.995166],[22.187695,58.154346],[21.882129,58.262354],[21.854492,58.30166],[21.984082,58.38667],[21.862305,58.497168],[22.266602,58.507959],[22.328125,58.580859],[22.617383,58.62124]]],[[[22.92373,58.826904],[22.841699,58.777441],[22.767285,58.820898],[22.661426,58.70918],[22.542188,58.68999],[22.472656,58.712061],[22.411035,58.863379],[22.05625,58.943604],[22.462598,58.974316],[22.649414,59.087109],[22.725488,59.015088],[22.909863,58.991211],[23.008691,58.833936],[22.92373,58.826904]]],[[[23.343555,58.550342],[23.063477,58.611084],[23.16543,58.678125],[23.332813,58.648584],[23.343555,58.550342]]]]}},{"type":"Feature","properties":{"sigla":"DNK","nome":"Dinamarca"},"geometry":{"type":"MultiPolygon","coordinates":[[[[12.56875,55.785059],[12.545215,55.655811],[12.320605,55.587842],[12.215039,55.466504],[12.385156,55.385645],[12.413086,55.286182],[12.089941,55.188135],[12.050391,54.815332],[11.862305,54.772607],[11.740918,54.915332],[11.653809,55.186914],[11.286328,55.204443],[11.170703,55.328613],[11.189746,55.465625],[11.120996,55.600732],[11.008789,55.644434],[10.978906,55.721533],[11.322266,55.752539],[11.463672,55.879297],[11.474707,55.943457],[11.627734,55.956885],[11.695898,55.90791],[11.690918,55.729004],[11.819727,55.697656],[11.93457,55.895898],[11.866406,55.968164],[12.218945,56.118652],[12.578711,56.064062],[12.608398,56.033008],[12.524805,55.918457],[12.56875,55.785059]]],[[[9.739746,54.825537],[9.61582,54.85542],[9.25498,54.808008],[8.90293,54.896924],[8.670313,54.903418],[8.572949,55.134277],[8.669824,55.155664],[8.615918,55.418213],[8.132129,55.599805],[8.202344,55.982373],[8.121484,56.139893],[8.163965,56.606885],[8.55293,56.560303],[8.67168,56.495654],[8.736133,56.627441],[8.888086,56.735059],[9.06709,56.793848],[9.196387,56.70166],[9.254883,57.011719],[9.110449,57.043652],[8.992773,57.016113],[8.771973,56.725293],[8.468359,56.664551],[8.268262,56.754004],[8.266309,56.815332],[8.618555,57.111279],[9.433594,57.174316],[9.962305,57.580957],[10.259082,57.617041],[10.609961,57.736914],[10.480957,57.648682],[10.444629,57.562207],[10.537109,57.448535],[10.524121,57.243213],[10.296094,56.999121],[10.282715,56.620508],[10.490234,56.520508],[10.845898,56.521729],[10.926172,56.443262],[10.856445,56.295508],[10.753418,56.241992],[10.538965,56.200342],[10.426953,56.276172],[10.31875,56.212891],[10.183008,55.865186],[9.903711,55.842822],[10.023633,55.761426],[9.591113,55.493213],[9.670996,55.266406],[9.453711,55.039551],[9.64541,55.022803],[9.732324,54.968018],[9.739746,54.825537]]],[[[10.645117,55.609814],[10.819238,55.321875],[10.785254,55.133398],[10.623828,55.052441],[10.442773,55.048779],[9.98877,55.163184],[9.858984,55.357227],[9.860645,55.515479],[10.286133,55.61084],[10.505078,55.558057],[10.645117,55.609814]]],[[[11.361426,54.89165],[11.739551,54.807422],[11.765918,54.679443],[11.457422,54.628857],[11.035547,54.773096],[11.058594,54.940576],[11.258496,54.951807],[11.361426,54.89165]]],[[[10.734082,54.750732],[10.689746,54.745068],[10.62168,54.851416],[10.951074,55.156201],[10.734082,54.750732]]],[[[12.549219,54.965771],[12.118848,54.914404],[12.274023,55.064111],[12.549219,54.965771]]],[[[12.665723,55.596533],[12.550879,55.55625],[12.520313,55.6146],[12.62002,55.679346],[12.665723,55.596533]]],[[[10.484375,54.847559],[10.340527,54.858936],[10.199902,54.962744],[10.484375,54.847559]]],[[[10.06123,54.886377],[9.80625,54.906006],[9.771191,55.059912],[9.998828,54.986475],[10.06123,54.886377]]],[[[10.607324,55.783057],[10.526953,55.783789],[10.547168,55.991943],[10.661719,55.877588],[10.607324,55.783057]]],[[[11.052148,57.252539],[10.873828,57.262256],[10.93457,57.308594],[11.174512,57.3229],[11.052148,57.252539]]],[[[15.087695,55.021875],[14.68418,55.102246],[14.713672,55.238037],[14.765332,55.296729],[15.132617,55.144531],[15.087695,55.021875]]]]}},{"type":"Feature","properties":{"sigla":"CZE","nome":"Chéquia"},"geometry":{"type":"Polygon","coordinates":[[[18.832227,49.510791],[18.596484,49.491455],[18.160938,49.257373],[18.085938,49.065137],[17.758496,48.888135],[17.482617,48.827783],[17.135645,48.841064],[16.953125,48.598828],[16.883691,48.703711],[16.543555,48.79624],[16.367285,48.738965],[16.057227,48.754785],[15.825195,48.864453],[14.993457,49.001123],[14.922559,48.771387],[14.785938,48.747363],[14.691309,48.599219],[14.488672,48.625537],[14.189844,48.578564],[14.049121,48.60249],[13.98877,48.692432],[13.547656,48.959668],[13.440723,48.955566],[12.916699,49.330469],[12.813379,49.329346],[12.681152,49.414502],[12.390527,49.739648],[12.512012,49.895801],[12.207813,50.09751],[12.089844,50.301758],[12.174805,50.288379],[12.277344,50.181445],[12.549023,50.393408],[12.76543,50.430957],[12.942676,50.406445],[13.016406,50.490381],[13.181152,50.510498],[13.374609,50.621729],[13.436133,50.601074],[13.556738,50.704639],[14.369043,50.89873],[14.255859,51.001855],[14.283203,51.029492],[14.545703,50.993945],[14.623828,50.914746],[14.613574,50.855566],[14.72334,50.814697],[14.98291,50.886572],[14.99375,51.014355],[15.258594,50.958545],[15.354395,50.811768],[15.730566,50.739697],[16.007227,50.611621],[16.282227,50.655615],[16.359961,50.621387],[16.419727,50.573633],[16.379102,50.516895],[16.210352,50.42373],[16.63916,50.102148],[16.989648,50.236914],[16.880078,50.427051],[17.151953,50.37832],[17.415234,50.254785],[17.702246,50.307178],[17.735449,50.230762],[17.589355,50.157471],[17.627051,50.116406],[17.83125,49.983301],[18.02832,50.035254],[18.305273,49.914062],[18.562402,49.879346],[18.594629,49.757812],[18.806934,49.613721],[18.832227,49.510791]]]}},{"type":"Feature","properties":{"sigla":"HRV","nome":"Croácia"},"geometry":{"type":"MultiPolygon","coordinates":[[[[13.57793,45.516895],[13.878711,45.428369],[13.992773,45.509424],[14.369922,45.481445],[14.568848,45.657227],[14.793066,45.478223],[15.339453,45.467041],[15.283594,45.579687],[15.353711,45.659912],[15.277051,45.732617],[15.652148,45.862158],[15.675586,45.983691],[15.596875,46.109229],[15.608984,46.171924],[16.000684,46.305371],[16.066504,46.371338],[16.227441,46.372852],[16.236719,46.483838],[16.321191,46.534619],[16.748047,46.416406],[17.310645,45.996143],[17.607031,45.91377],[17.807129,45.79043],[18.358301,45.753027],[18.533594,45.796143],[18.666016,45.907471],[18.905371,45.931738],[18.839063,45.835742],[18.947266,45.655811],[18.917871,45.60083],[19.064258,45.51499],[19.004688,45.399512],[19.330273,45.268066],[19.400977,45.189062],[19.136914,45.19624],[19.129688,45.151709],[19.062891,45.137207],[19.085254,44.926758],[18.941309,44.865186],[18.788379,44.914893],[18.746094,45.026514],[18.662598,45.077441],[17.996289,45.141797],[17.812793,45.078125],[17.653516,45.163477],[17.502637,45.120361],[17.125391,45.171777],[16.918652,45.276562],[16.79082,45.196875],[16.530664,45.216699],[16.293359,45.008838],[16.02832,45.1896],[15.888281,45.215723],[15.788086,45.178955],[15.736621,44.76582],[16.103418,44.520996],[16.214258,44.215137],[16.300098,44.124512],[17.08457,43.516553],[17.273828,43.445752],[17.293066,43.305615],[17.650488,43.006592],[17.585156,42.938379],[16.903125,43.392432],[16.393945,43.543359],[15.985547,43.519775],[15.941504,43.656641],[15.499414,43.908789],[15.18584,44.172119],[15.122949,44.256787],[15.470996,44.271973],[14.981348,44.60293],[14.895215,44.706592],[14.906543,44.971387],[14.85459,45.081006],[14.550488,45.297705],[14.312695,45.337793],[14.236328,45.159668],[13.96582,44.835645],[13.860742,44.837402],[13.629297,45.108203],[13.517188,45.481787],[13.57793,45.516895]]],[[[16.650684,42.996582],[17.093652,42.964355],[17.188281,42.917041],[16.850684,42.895508],[16.696387,42.933691],[16.650684,42.996582]]],[[[17.194043,43.125781],[16.679199,43.123145],[16.376465,43.21377],[16.521387,43.229248],[17.194043,43.125781]]],[[[16.785254,43.270654],[16.423145,43.317236],[16.448926,43.387061],[16.891309,43.314648],[16.785254,43.270654]]],[[[15.231055,44.062305],[15.24668,44.027051],[15.06582,44.157666],[15.231055,44.062305]]],[[[14.810254,44.977051],[14.687012,44.955615],[14.437891,45.098633],[14.571094,45.224756],[14.810254,44.977051]]],[[[14.831445,44.758936],[14.856641,44.714844],[14.660352,44.799805],[14.690527,44.848145],[14.754199,44.844824],[14.831445,44.758936]]],[[[15.188477,44.335742],[15.162598,44.30918],[14.912793,44.48584],[14.741895,44.697363],[15.239941,44.350195],[15.188477,44.335742]]],[[[15.18877,43.922363],[15.13584,43.907275],[14.865039,44.167969],[15.18877,43.922363]]],[[[15.371387,43.973828],[15.437207,43.899512],[15.27002,44.010742],[15.371387,43.973828]]],[[[14.488086,44.660059],[14.480371,44.62124],[14.419531,44.670312],[14.312402,44.900391],[14.340039,45.019971],[14.28584,45.144629],[14.33125,45.16499],[14.467383,44.970215],[14.488086,44.660059]]],[[[17.607813,42.769043],[17.744238,42.700342],[17.344141,42.790381],[17.607813,42.769043]]],[[[18.436328,42.559717],[18.51748,42.43291],[17.823828,42.797412],[17.04541,43.014893],[17.219824,43.025879],[17.723633,42.850684],[17.667578,42.897119],[17.801953,42.902246],[18.123926,42.690576],[18.436328,42.559717]]]]}},{"type":"Feature","properties":{"sigla":"BGR","nome":"Bulgária"},"geometry":{"type":"Polygon","coordinates":[[[28.014453,41.969043],[27.879199,41.986621],[27.534863,41.920801],[27.244336,42.093262],[26.615332,41.964893],[26.511426,41.826367],[26.360352,41.801562],[26.320898,41.716553],[26.107422,41.725684],[26.066016,41.673242],[26.143555,41.521533],[26.135352,41.385742],[25.92334,41.311914],[25.784961,41.33042],[25.251172,41.243555],[24.993555,41.36499],[24.846875,41.394238],[24.77373,41.356104],[24.595996,41.442725],[24.487891,41.555225],[24.056055,41.527246],[24.011328,41.460059],[23.635156,41.386768],[23.239844,41.384961],[23.155957,41.32207],[22.916016,41.336279],[23.003613,41.739844],[22.943945,41.775098],[22.836816,41.993604],[22.582715,42.104834],[22.344043,42.313965],[22.42207,42.328857],[22.523535,42.440967],[22.43623,42.629102],[22.466797,42.84248],[22.706152,42.883936],[22.942285,43.09707],[22.976855,43.187988],[22.499121,43.518848],[22.369629,43.781299],[22.399023,43.969531],[22.597461,44.075293],[22.626563,44.194092],[22.705078,44.237793],[23.028516,44.077979],[22.868262,43.9479],[22.867676,43.864551],[22.919043,43.834473],[23.224609,43.873877],[25.49707,43.670801],[25.818848,43.766846],[26.21582,44.007275],[27.086914,44.167383],[27.425391,44.020508],[27.738574,43.956299],[27.884277,43.987354],[28.05,43.822412],[28.221973,43.772852],[28.585352,43.742236],[28.561816,43.501318],[28.46543,43.389307],[28.319629,43.426855],[28.133691,43.395605],[27.928906,43.186133],[27.888867,42.749707],[27.753711,42.706543],[27.484766,42.468066],[27.708203,42.349951],[28.014453,41.969043]]]}},{"type":"Feature","properties":{"sigla":"BIH","nome":"Bósnia e Herzegovina"},"geometry":{"type":"Polygon","coordinates":[[[19.348633,44.880908],[19.291895,44.696777],[19.151367,44.527344],[19.118457,44.359961],[19.583789,44.043457],[19.549512,43.987109],[19.24502,43.965039],[19.488184,43.703564],[19.47998,43.595166],[18.950684,43.52666],[19.02666,43.292432],[18.851074,43.346338],[18.674219,43.230811],[18.623633,43.027686],[18.443848,42.968457],[18.466016,42.777246],[18.545898,42.641602],[18.436328,42.559717],[18.123926,42.690576],[17.801953,42.902246],[17.585156,42.938379],[17.650488,43.006592],[17.293066,43.305615],[17.273828,43.445752],[17.08457,43.516553],[16.300098,44.124512],[16.214258,44.215137],[16.103418,44.520996],[15.736621,44.76582],[15.822852,45.202783],[16.02832,45.1896],[16.293359,45.008838],[16.530664,45.216699],[16.79082,45.196875],[16.918652,45.276562],[17.125391,45.171777],[17.502637,45.120361],[17.653516,45.163477],[17.812793,45.078125],[17.996289,45.141797],[18.662598,45.077441],[18.836426,44.883252],[19.236816,44.914258],[19.348633,44.880908]]]}},{"type":"Feature","properties":{"sigla":"BEL","nome":"Bélgica"},"geometry":{"type":"Polygon","coordinates":[[[4.226172,51.386475],[4.37373,51.356006],[4.384766,51.427588],[4.503418,51.474707],[4.633984,51.421729],[4.755664,51.491113],[4.848047,51.403271],[5.030957,51.469092],[5.099902,51.346484],[5.21416,51.278955],[5.476855,51.285059],[5.827148,51.125635],[5.75,50.950244],[5.639453,50.843604],[5.74707,50.75957],[5.993945,50.750439],[6.235938,50.59668],[6.178711,50.52251],[6.340918,50.451758],[6.364453,50.316162],[6.175098,50.232666],[6.116504,50.120996],[5.97627,50.167187],[5.744043,49.919629],[5.725,49.808301],[5.880371,49.644775],[5.81543,49.553809],[5.507324,49.510889],[5.278809,49.67793],[4.867578,49.788135],[4.790039,49.95957],[4.860547,50.135889],[4.818652,50.153174],[4.54502,49.960254],[4.149316,49.971582],[4.192188,50.094141],[4.135254,50.143799],[4.174609,50.246484],[3.949707,50.335938],[3.748047,50.343506],[3.689355,50.306055],[3.59541,50.477344],[3.27334,50.531543],[3.234961,50.662939],[3.106836,50.779443],[2.839746,50.711768],[2.759375,50.750635],[2.596777,50.875928],[2.524902,51.097119],[3.350098,51.377686],[3.43252,51.245752],[3.580273,51.286182],[3.902051,51.207666],[4.172559,51.30708],[4.226172,51.386475]]]}},{"type":"Feature","properties":{"sigla":"BLR","nome":"Bielorrússia"},"geometry":{"type":"Polygon","coordinates":[[[31.763379,52.101074],[31.345996,52.105371],[31.217969,52.050244],[31.079297,52.076953],[30.755273,51.895166],[30.533008,51.596338],[30.63252,51.35542],[30.544531,51.265039],[30.333398,51.325537],[30.308984,51.399609],[30.160742,51.477881],[29.346484,51.382568],[29.102051,51.627539],[28.849512,51.540186],[28.73125,51.433398],[28.647754,51.456543],[28.599023,51.542627],[28.183789,51.607861],[28.010742,51.559766],[27.858594,51.592383],[27.7,51.477979],[27.689746,51.572412],[27.296289,51.597412],[27.141992,51.752051],[25.785742,51.923828],[25.066699,51.930518],[24.361914,51.867529],[23.97832,51.591309],[23.706836,51.641309],[23.608594,51.610498],[23.605273,51.51792],[23.539648,51.618896],[23.544824,51.710254],[23.625684,51.809326],[23.652441,52.040381],[23.597949,52.103076],[23.175098,52.286621],[23.410938,52.516211],[23.844727,52.664209],[23.91543,52.770264],[23.85918,53.112109],[23.598926,53.599219],[23.484668,53.939795],[23.733691,53.912256],[24.191309,53.950439],[24.317969,53.892969],[24.620703,53.979834],[24.768164,53.974658],[24.869531,54.145166],[25.046094,54.133057],[25.461133,54.292773],[25.527344,54.215137],[25.510352,54.159619],[25.749219,54.156982],[25.748145,54.259668],[25.547363,54.331836],[25.724805,54.564258],[25.722461,54.717871],[25.859277,54.919287],[26.175195,55.003271],[26.291797,55.1396],[26.601172,55.130176],[26.775684,55.273096],[26.457617,55.34248],[26.593555,55.667529],[26.822461,55.709229],[26.953027,55.812939],[27.052539,55.830566],[27.576758,55.798779],[27.642285,55.911719],[27.896289,56.076172],[28.117871,56.145801],[28.284277,56.055908],[28.563965,56.091992],[28.794727,55.942578],[29.031738,56.021777],[29.375,55.938721],[29.397949,55.881055],[29.353418,55.784375],[29.482227,55.68457],[29.937012,55.845264],[30.233594,55.845215],[30.45625,55.786816],[30.625586,55.66626],[30.906836,55.57002],[30.900586,55.397412],[30.810547,55.306982],[30.958887,55.137598],[30.977734,55.050488],[30.829883,54.91499],[30.798828,54.783252],[31.152148,54.625342],[31.074805,54.491797],[31.184766,54.452979],[31.403613,54.195947],[31.825977,54.030713],[31.754199,53.810449],[32.200391,53.78125],[32.450195,53.69292],[32.425195,53.617285],[32.469629,53.546973],[32.706445,53.419434],[32.704297,53.336328],[32.469336,53.270312],[32.42627,53.210596],[32.141992,53.091162],[31.849707,53.106201],[31.668262,53.200928],[31.417871,53.196045],[31.258789,53.016699],[31.564844,52.759229],[31.519434,52.69873],[31.615918,52.546191],[31.577344,52.312305],[31.763379,52.101074]]]}},{"type":"Feature","properties":{"sigla":"AUT","nome":"Áustria"},"geometry":{"type":"Polygon","coordinates":[[[9.527539,47.270752],[9.625879,47.467041],[9.524023,47.524219],[9.748926,47.575537],[9.971582,47.505322],[10.059863,47.449072],[10.066309,47.393359],[10.200293,47.363428],[10.183008,47.278809],[10.369141,47.366064],[10.439453,47.551562],[10.873047,47.520215],[10.980859,47.398145],[11.041992,47.393115],[11.297949,47.424902],[11.716797,47.583496],[12.185645,47.619531],[12.209277,47.718262],[12.48291,47.637305],[12.68584,47.669336],[12.771387,47.639404],[12.809375,47.542187],[13.014355,47.478076],[13.054102,47.655127],[13.033594,47.69873],[12.897656,47.721875],[12.953516,47.890625],[12.760059,48.075977],[12.814258,48.16084],[13.374609,48.361377],[13.486621,48.581836],[13.723926,48.542383],[13.785352,48.587451],[13.814746,48.766943],[13.98877,48.692432],[14.049121,48.60249],[14.691309,48.599219],[14.785938,48.747363],[14.922559,48.771387],[14.993457,49.001123],[15.825195,48.864453],[16.057227,48.754785],[16.367285,48.738965],[16.543555,48.79624],[16.883691,48.703711],[16.953125,48.598828],[16.86543,48.386914],[17.147363,48.005957],[17.030078,47.837109],[17.066602,47.707568],[16.785938,47.678662],[16.590918,47.750537],[16.421289,47.674463],[16.639746,47.608887],[16.676563,47.536035],[16.623047,47.447559],[16.442871,47.399512],[16.462598,47.273145],[16.416895,47.223437],[16.492676,47.122656],[16.46123,47.022461],[16.252539,46.971924],[16.037207,46.844824],[15.976855,46.801367],[15.957617,46.677637],[15.766895,46.711279],[15.439258,46.629639],[14.893262,46.605908],[14.549805,46.399707],[12.479199,46.67251],[12.388281,46.702637],[12.154102,46.935254],[12.130762,46.984766],[12.20127,47.060889],[12.169434,47.082129],[11.775684,46.986084],[11.244434,46.975684],[11.133887,46.936182],[11.025098,46.796973],[10.927344,46.769482],[10.452832,46.864941],[10.414941,46.964404],[10.349414,46.984766],[10.133496,46.851514],[9.877734,46.937695],[9.845313,47.007373],[9.580273,47.057373],[9.610547,47.107129],[9.527539,47.270752]]]}},{"type":"Feature","properties":{"sigla":"AND","nome":"Andorra"},"geometry":{"type":"Polygon","coordinates":[[[1.706055,42.50332],[1.448828,42.437451],[1.414844,42.548389],[1.458887,42.62168],[1.568164,42.63501],[1.709863,42.604443],[1.740234,42.556738],[1.706055,42.50332]]]}},{"type":"Feature","properties":{"sigla":"ALB","nome":"Albânia"},"geometry":{"type":"Polygon","coordinates":[[[19.342383,41.869092],[19.361426,42.069092],[19.280664,42.172559],[19.703418,42.647949],[19.788281,42.476172],[20.063965,42.547266],[20.240527,42.338965],[20.408301,42.274951],[20.522852,42.171484],[20.581445,41.917432],[20.505176,41.706494],[20.516211,41.574756],[20.448633,41.521289],[20.488965,41.272607],[20.709277,40.928369],[20.933496,40.903125],[21.030859,40.622461],[20.950195,40.494385],[20.806055,40.445459],[20.657422,40.117383],[20.311133,39.979443],[20.382422,39.802637],[20.306152,39.79668],[20.206836,39.653516],[20.00127,39.709424],[19.964844,39.872266],[19.851855,40.043555],[19.48457,40.209961],[19.322266,40.40708],[19.45918,40.405371],[19.3375,40.663818],[19.46123,40.933301],[19.480078,41.236377],[19.440625,41.424756],[19.575684,41.64043],[19.577539,41.7875],[19.342383,41.869092]]]}}]}