{"type":"FeatureCollection","features":[{"type":"Feature","properties":{"sigla":"VAT","nome":"Vaticano"},"geometry":{"type":"Polygon","coordinates":[[[12.43916,41.898389],[12.427539,41.900732],[12.438379,41.906201],[12.43916,41.898389]]]}},{"type":"Feature","properties":{"sigla":"GBR","nome":"Reino Unido"},"geometry":{"type":"MultiPolygon","coordinates":[[[[-2.667676,51.622998],[-3.562354,51.413818],[-4.23457,51.569092],[-4.091016,51.659912],[-4.386279,51.741064],[-4.902295,51.62627],[-5.262305,51.880176],[-4.149365,52.32627],[-3.980322,52.541748],[-4.101465,52.915479],[-4.683057,52.806152],[-4.268555,53.144531],[-3.764209,53.307617],[-3.097559,53.260303],[-3.064746,53.426855],[-2.749512,53.310205],[-3.0646,53.512842],[-2.867578,54.177246],[-3.165967,54.12793],[-3.592041,54.564355],[-3.03623,54.953076],[-3.95791,54.780957],[-4.818066,54.846143],[-4.91123,54.689453],[-5.135498,54.85752],[-5.172705,54.985889],[-4.676758,55.501318],[-4.891846,55.699121],[-4.826074,55.929541],[-4.584082,55.938672],[-4.844092,56.051172],[-4.800293,56.15835],[-5.2146,55.888867],[-5.222949,56.06582],[-4.996973,56.23335],[-5.383447,56.019238],[-5.556445,55.3896],[-5.768213,55.362646],[-5.504492,55.802393],[-5.622852,55.813135],[-5.534961,56.25083],[-5.188379,56.758057],[-5.652441,56.531982],[-6.132764,56.718018],[-5.730615,56.853076],[-5.861426,56.902686],[-5.561914,57.232715],[-5.794922,57.378809],[-5.581787,57.546777],[-5.744922,57.668311],[-5.60835,57.881348],[-5.157227,57.881348],[-5.413184,58.069727],[-5.338281,58.238721],[-5.008301,58.262646],[-5.016748,58.566553],[-3.053076,58.634814],[-3.212354,58.32124],[-3.990039,57.959033],[-4.035596,57.852002],[-3.857129,57.818555],[-4.134521,57.577734],[-3.294531,57.710156],[-1.867383,57.612354],[-1.780664,57.474023],[-2.500977,56.636572],[-3.309961,56.363477],[-2.885156,56.39751],[-2.674268,56.253418],[-3.362256,56.027637],[-3.789062,56.095215],[-2.14707,55.902979],[-1.655371,55.570361],[-1.232422,54.703711],[-0.084375,54.118066],[-0.205566,54.021729],[0.115332,53.609277],[-0.659912,53.724023],[-0.293701,53.692334],[0.270996,53.335498],[0.355762,53.159961],[0.045898,52.905615],[0.279785,52.808691],[0.558789,52.966943],[1.271289,52.924561],[1.743359,52.578516],[1.591406,52.119775],[1.232422,51.97124],[1.274414,51.845361],[0.752246,51.72959],[0.890918,51.571436],[0.424512,51.465625],[1.414941,51.363281],[1.397559,51.182031],[0.960156,50.925879],[0.205078,50.763037],[-1.416455,50.896875],[-1.334473,50.820801],[-1.60083,50.732861],[-2.031055,50.725391],[-2.03584,50.603076],[-2.999414,50.716602],[-3.40459,50.632422],[-3.679785,50.239941],[-4.19458,50.393311],[-5.118506,50.03833],[-5.622119,50.050684],[-4.188184,51.188525],[-3.135986,51.205029],[-2.667676,51.622998]]],[[[-4.196777,53.321436],[-4.049365,53.305762],[-4.373047,53.13418],[-4.567871,53.386475],[-4.196777,53.321436]]],[[[-2.548877,59.231348],[-2.662061,59.230176],[-2.603613,59.289307],[-2.406982,59.297559],[-2.548877,59.231348]]],[[[-1.042529,60.513867],[-1.165527,60.603906],[-1.093311,60.720215],[-0.99165,60.686035],[-1.049023,60.646924],[-1.042529,60.513867]]],[[[-1.308105,60.5375],[-1.052441,60.444482],[-1.299463,59.878662],[-1.290918,60.153467],[-1.66377,60.28252],[-1.374609,60.33291],[-1.571777,60.494434],[-1.308105,60.5375]]],[[[-0.774268,60.811963],[-0.825488,60.683936],[-0.922266,60.697266],[-0.91582,60.810449],[-0.774268,60.811963]]],[[[-3.164941,58.794189],[-3.278809,58.781934],[-3.394727,58.909619],[-3.271924,58.905273],[-3.164941,58.794189]]],[[[-2.929395,58.741602],[-3.035449,58.822656],[-2.896436,58.827588],[-2.929395,58.741602]]],[[[-3.057422,59.029639],[-2.762451,58.955811],[-3.166602,58.919092],[-3.331641,58.97124],[-3.310352,59.130811],[-3.057422,59.029639]]],[[[-2.729395,59.186768],[-2.815234,59.161914],[-2.861426,59.246826],[-3.052051,59.323877],[-2.975537,59.347119],[-2.730664,59.226758],[-2.729395,59.186768]]],[[[-6.607617,56.58501],[-6.668555,56.593604],[-6.483691,56.665771],[-6.607617,56.58501]]],[[[-5.10542,55.448828],[-5.331494,55.481055],[-5.370801,55.666943],[-5.185449,55.690967],[-5.10542,55.448828]]],[[[-5.777881,56.344336],[-6.313428,56.293652],[-6.138867,56.490625],[-6.319678,56.569434],[-6.102734,56.645654],[-5.76084,56.490674],[-5.777881,56.344336]]],[[[-6.128906,55.930566],[-6.088379,55.65752],[-6.305078,55.606934],[-6.301758,55.780615],[-6.491357,55.697314],[-6.128906,55.930566]]],[[[-5.970068,55.814551],[-6.071973,55.893115],[-5.725146,56.118555],[-5.970068,55.814551]]],[[[-6.198682,58.363281],[-6.55459,58.092871],[-6.425195,58.021289],[-7.083447,57.81377],[-6.856836,57.923535],[-7.05708,58.003174],[-7.028418,58.222314],[-6.726465,58.189404],[-6.776465,58.301514],[-6.237451,58.502832],[-6.198682,58.363281]]],[[[-6.279053,56.964697],[-6.34624,56.954297],[-6.432617,57.01792],[-6.322363,57.050537],[-6.261279,57.009521],[-6.279053,56.964697]]],[[[-6.144727,57.50498],[-6.135547,57.314258],[-5.668652,57.226904],[-5.987305,57.044434],[-6.034375,57.201221],[-6.761133,57.442383],[-6.357666,57.666797],[-6.144727,57.50498]]],[[[-7.205566,57.682959],[-7.092773,57.62666],[-7.182617,57.533301],[-7.514746,57.601953],[-7.205566,57.682959]]],[[[-7.249854,57.115332],[-7.381494,57.130664],[-7.410547,57.381104],[-7.267139,57.371777],[-7.249854,57.115332]]],[[[-7.416895,56.96543],[-7.542969,56.972363],[-7.455469,57.018945],[-7.416895,56.96543]]],[[[-6.218018,54.088721],[-6.649805,54.058643],[-7.007715,54.406689],[-7.324512,54.133447],[-7.606543,54.143848],[-8.144824,54.453516],[-7.754395,54.594922],[-7.910596,54.69834],[-7.550391,54.767969],[-7.218652,55.091992],[-6.12915,55.217383],[-5.716846,54.81748],[-5.878613,54.641309],[-5.58252,54.663428],[-5.47041,54.500195],[-5.671094,54.549756],[-5.606787,54.272559],[-6.218018,54.088721]]],[[[-1.065576,50.690234],[-1.251465,50.588818],[-1.563428,50.666113],[-1.312793,50.773486],[-1.065576,50.690234]]]]}},{"type":"Feature","properties":{"sigla":"UKR","nome":"Ucr\u00e2nia"},"geometry":{"type":"MultiPolygon","coordinates":[[[[38.214355,47.091455],[37.543359,47.074561],[36.794824,46.714404],[35.827148,46.624316],[35.014551,46.106006],[35.280176,46.279492],[35.230371,46.440625],[34.849609,46.189893],[34.946428,45.728686],[34.686878,45.97695],[33.806667,46.208288],[33.429883,46.057617],[33.202246,46.175732],[32.476758,46.083691],[31.83125,46.281689],[32.008496,46.42998],[31.554883,46.554297],[32.361328,46.474951],[32.578027,46.615625],[32.044336,46.64248],[31.75918,47.212842],[31.872852,46.649756],[31.532129,46.664746],[31.563379,46.777295],[30.796289,46.552002],[30.219043,45.866748],[29.628418,45.722461],[29.705859,45.259912],[29.403711,45.419678],[28.760742,45.234131],[28.2125,45.450439],[28.499023,45.517725],[28.491602,45.665771],[28.947754,46.049951],[28.958398,46.458496],[30.131055,46.423096],[29.924316,46.538867],[29.877832,46.828906],[29.571973,46.964014],[29.53916,47.270996],[29.134863,47.489697],[29.125391,47.964551],[27.549219,48.477734],[26.84707,48.387158],[26.305664,48.20376],[26.162695,47.992529],[24.893359,47.717773],[24.484082,47.947119],[23.139453,48.087402],[22.87666,47.947266],[22.131836,48.405322],[22.142871,48.568506],[22.538672,49.072705],[22.839746,49.038916],[22.705664,49.171191],[22.706152,49.606201],[24.089941,50.530469],[23.978418,50.785596],[24.095801,50.872754],[23.664453,51.310059],[23.608594,51.610498],[23.97832,51.591309],[24.361914,51.867529],[25.925293,51.913525],[27.141992,51.752051],[27.7,51.477979],[28.183789,51.607861],[28.73125,51.433398],[29.102051,51.627539],[29.346484,51.382568],[30.160742,51.477881],[30.544531,51.265039],[30.583887,51.688965],[30.980664,52.046191],[32.122266,52.050586],[32.435449,52.307227],[33.735254,52.344775],[34.397852,51.78042],[34.121094,51.67915],[34.213867,51.255371],[35.064063,51.203418],[35.311914,51.043896],[35.411621,50.539697],[35.591113,50.36875],[36.116406,50.408545],[36.619434,50.209229],[37.422852,50.411475],[38.046875,49.92002],[38.258594,50.052344],[40.080664,49.576855],[40.108789,49.251562],[39.686523,49.00791],[40.003613,48.82207],[39.792871,48.807715],[39.644727,48.591211],[39.835645,48.542773],[39.95791,48.268896],[39.778711,47.887549],[38.900293,47.855127],[38.368848,47.609961],[38.214355,47.091455]]],[[[32.012207,46.203906],[32.150098,46.154687],[31.563867,46.257764],[31.508789,46.373145],[31.638477,46.272559],[32.012207,46.203906]]]]}},{"type":"Feature","properties":{"sigla":"CHE","nome":"Su\u00ed\u00e7a"},"geometry":{"type":"Polygon","coordinates":[[[9.524023,47.524219],[9.625879,47.467041],[9.487695,47.062256],[10.133496,46.851514],[10.45459,46.899414],[10.430664,46.550049],[10.087012,46.599902],[10.12832,46.238232],[9.939258,46.361816],[9.528711,46.306201],[9.304395,46.495557],[8.953711,45.830029],[8.818555,46.077148],[8.458398,46.245898],[8.422559,46.446045],[7.787891,45.921826],[7.055762,45.903809],[6.77207,46.165137],[6.758105,46.415771],[6.428906,46.430518],[5.971484,46.151221],[6.160742,46.611035],[7.053418,47.489355],[8.454004,47.596191],[8.572656,47.775635],[9.524023,47.524219]]]}},{"type":"Feature","properties":{"sigla":"SWE","nome":"Su\u00e9cia"},"geometry":{"type":"MultiPolygon","coordinates":[[[[19.076465,57.835938],[18.813867,57.706201],[18.90791,57.39834],[18.146387,56.920508],[18.285352,57.083203],[18.105078,57.271875],[18.136523,57.556641],[18.537402,57.830566],[19.076465,57.835938]]],[[[16.528516,56.290527],[16.40127,56.310889],[16.412305,56.568994],[17.117676,57.319824],[16.528516,56.290527]]],[[[11.388281,59.036523],[11.642773,58.926074],[11.798145,59.289893],[11.680762,59.592285],[12.486133,60.106787],[12.588672,60.450732],[12.294141,61.002686],[12.706055,61.059863],[12.880762,61.352295],[12.155371,61.720752],[12.303516,62.285596],[12.114551,62.591895],[12.218164,63.000635],[11.999902,63.291699],[12.175195,63.595947],[12.792773,64],[13.960547,64.014014],[14.141211,64.173535],[14.077637,64.464014],[13.650293,64.581543],[14.479688,65.301465],[14.63457,65.793262],[14.543262,66.129346],[15.483789,66.305957],[15.422949,66.489844],[16.403516,67.05498],[16.193555,67.505176],[17.324609,68.103809],[17.916699,67.964893],[18.17666,68.200635],[18.162598,68.528418],[19.969824,68.356396],[20.240039,68.477539],[19.968848,68.542041],[20.348047,68.84873],[20.116699,69.020898],[20.895117,68.979834],[21.997461,68.520605],[22.854102,68.367334],[23.638867,67.954395],[23.501855,67.875195],[23.454883,67.460254],[23.733594,67.4229],[23.641504,67.129395],[23.988574,66.810547],[23.701172,66.480762],[23.700293,66.252637],[24.155469,65.805273],[23.102344,65.735352],[22.400977,65.862109],[22.254004,65.597559],[21.565527,65.408105],[21.60918,65.261377],[21.410352,65.317432],[21.573926,65.125781],[21.138184,64.808691],[21.519629,64.463086],[20.762695,63.867822],[18.606445,63.178271],[18.312891,62.996387],[18.463086,62.89585],[17.87959,62.873193],[18.037305,62.600537],[17.378418,62.462793],[17.633691,62.233008],[17.374512,61.866309],[17.46543,61.684473],[17.196387,61.724561],[17.130762,61.575732],[17.250977,60.700781],[17.955762,60.589795],[18.99043,59.827783],[17.964258,59.359375],[18.617578,59.327051],[18.285352,59.109375],[16.978125,58.65415],[16.214258,58.63667],[16.923828,58.492578],[16.651953,58.434326],[16.769922,58.214258],[16.555371,57.812256],[16.652246,57.500684],[16.475977,57.265137],[16.52793,57.068164],[15.99668,56.222607],[14.713965,56.134131],[14.754785,56.033154],[14.215039,55.832617],[14.341699,55.527734],[14.17373,55.396631],[12.88584,55.411377],[12.973926,55.748145],[12.471191,56.290527],[12.80166,56.263916],[12.656445,56.440576],[12.857422,56.452393],[12.883691,56.617725],[12.421484,56.906396],[11.734961,57.717676],[11.703223,57.973193],[11.449316,58.118359],[11.431543,58.33999],[11.248242,58.369141],[11.147168,58.988623],[11.388281,59.036523]]],[[[19.156348,57.922607],[19.138379,57.860254],[19.039258,57.911035],[19.134863,57.981348],[19.331445,57.962891],[19.156348,57.922607]]],[[[18.416211,59.029102],[18.349902,59.022607],[18.397559,59.089111],[18.485547,59.10459],[18.416211,59.029102]]],[[[18.59541,59.470361],[18.570312,59.437256],[18.545117,59.477832],[18.572363,59.52583],[18.698438,59.534619],[18.59541,59.470361]]]]}},{"type":"Feature","properties":{"sigla":"ESP","nome":"Espanha"},"geometry":{"type":"MultiPolygon","coordinates":[[[[1.593945,38.67207],[1.405762,38.670996],[1.401953,38.711426],[1.436328,38.768213],[1.593945,38.67207]]],[[[3.145313,39.790088],[3.461816,39.697754],[3.072852,39.30127],[2.37002,39.57207],[3.158691,39.970508],[3.145313,39.790088]]],[[[4.293652,39.841846],[3.853418,40.063037],[4.225781,40.032373],[4.293652,39.841846]]],[[[1.445215,38.918701],[1.22334,38.903857],[1.348633,39.080811],[1.613184,39.087402],[1.445215,38.918701]]],[[[-1.794043,43.407324],[-1.410693,43.240088],[-1.42876,43.036768],[-0.041162,42.689111],[0.631641,42.6896],[0.696875,42.845117],[1.349414,42.690674],[1.448828,42.437451],[3.211426,42.431152],[3.248047,41.944238],[2.082617,41.287402],[1.03291,41.062061],[0.714648,40.822852],[0.891113,40.722363],[0.596094,40.614502],[-0.327002,39.519873],[-0.204932,39.062598],[0.201563,38.75918],[-0.520801,38.317285],[-0.814648,37.769922],[-0.721582,37.631055],[-1.640967,37.386963],[-2.111523,36.77666],[-4.366846,36.718115],[-5.171484,36.423779],[-5.625488,36.025928],[-6.040674,36.188428],[-6.384131,36.637012],[-6.216797,36.913574],[-6.396191,36.831641],[-6.86377,37.278906],[-7.406152,37.179443],[-7.443945,37.728271],[-6.957568,38.187891],[-7.343018,38.457422],[-6.997949,39.056445],[-7.535693,39.661572],[-6.975391,39.798389],[-6.896094,40.021826],[-7.032617,40.16792],[-6.810156,40.343115],[-6.928467,41.009131],[-6.2125,41.532031],[-6.542187,41.67251],[-6.618262,41.942383],[-8.15249,41.811963],[-8.266064,42.137402],[-8.852344,41.926904],[-8.887207,42.105273],[-8.690918,42.27417],[-8.81582,42.285254],[-8.811523,42.640332],[-9.033105,42.593848],[-8.927197,42.798584],[-9.235205,42.976904],[-9.178076,43.174023],[-7.698145,43.764551],[-7.060986,43.553955],[-5.84668,43.645068],[-4.523047,43.415723],[-3.604639,43.519482],[-3.045605,43.371582],[-1.794043,43.407324]]],[[[-16.334473,28.379932],[-16.658008,28.007178],[-16.905322,28.3396],[-16.123633,28.575977],[-16.334473,28.379932]]],[[[-13.715967,28.91123],[-13.859912,28.869092],[-13.788184,29.056104],[-13.463574,29.237207],[-13.47793,29.006592],[-13.715967,28.91123]]],[[[-14.196777,28.169287],[-14.491797,28.100928],[-14.231982,28.21582],[-14.003369,28.706689],[-13.857227,28.738037],[-13.928027,28.253467],[-14.196777,28.169287]]],[[[-15.400586,28.147363],[-15.436768,27.810693],[-15.807324,27.887549],[-15.682764,28.154053],[-15.400586,28.147363]]],[[[-17.184668,28.021973],[-17.258594,28.203174],[-17.10376,28.111133],[-17.184668,28.021973]]],[[[-17.887939,27.80957],[-17.984766,27.646387],[-18.160547,27.761475],[-17.887939,27.80957]]],[[[-17.834277,28.493213],[-17.928809,28.84458],[-17.726562,28.724463],[-17.834277,28.493213]]]]}},{"type":"Feature","properties":{"sigla":"SVK","nome":"Eslov\u00e1quia"},"geometry":{"type":"Polygon","coordinates":[[[22.538672,49.072705],[22.111328,48.393359],[21.721484,48.346582],[21.451367,48.552246],[20.490039,48.526904],[19.950391,48.146631],[19.625391,48.223096],[18.791895,48.000293],[18.724219,47.787158],[17.635254,47.809912],[17.085938,48.039551],[16.86543,48.386914],[17.135645,48.841064],[17.758496,48.888135],[18.596484,49.491455],[19.149414,49.4],[19.441602,49.597705],[19.802246,49.192334],[20.362988,49.385254],[21.350488,49.42876],[22.538672,49.072705]]]}},{"type":"Feature","properties":{"sigla":"SVN","nome":"Eslov\u00eania"},"geometry":{"type":"Polygon","coordinates":[[[16.516211,46.499902],[15.635938,46.200732],[15.652148,45.862158],[15.277051,45.732617],[15.24209,45.441406],[14.793066,45.478223],[14.568848,45.657227],[14.369922,45.481445],[13.615234,45.476758],[13.874707,45.614844],[13.487695,45.987109],[13.63252,46.177051],[13.378223,46.261621],[13.7,46.520264],[14.549805,46.399707],[14.893262,46.605908],[15.957617,46.677637],[16.093066,46.863281],[16.283594,46.857275],[16.516211,46.499902]]]}},{"type":"Feature","properties":{"sigla":"SRB","nome":"S\u00e9rvia"},"geometry":{"type":"Polygon","coordinates":[[[21.360059,44.82666],[22.093066,44.541943],[22.497656,44.70625],[22.720898,44.605518],[22.502344,44.4896],[22.705078,44.237793],[22.369629,43.781299],[22.55459,43.454492],[22.976855,43.187988],[22.466797,42.84248],[22.42207,42.328857],[21.5625,42.24751],[21.75293,42.669824],[21.390625,42.751416],[20.800586,43.261084],[20.344336,42.82793],[19.21875,43.449951],[19.495117,43.642871],[19.24502,43.965039],[19.583789,44.043457],[19.118457,44.359961],[19.348633,44.880908],[18.995508,44.904004],[19.136914,45.19624],[19.4,45.2125],[19.004688,45.399512],[18.839063,45.835742],[19.530762,46.155176],[20.210156,46.126025],[20.775,45.749805],[20.794043,45.467871],[21.490234,45.1479],[21.35293,45.008984],[21.532324,44.900684],[21.360059,44.82666]]]}},{"type":"Feature","properties":{"sigla":"SMR","nome":"San Marino"},"geometry":{"type":"Polygon","coordinates":[[[12.485254,43.901416],[12.396875,43.93457],[12.503711,43.989746],[12.485254,43.901416]]]}},{"type":"Feature","properties":{"sigla":"RUS","nome":"R\u00fassia"},"geometry":{"type":"MultiPolygon","coordinates":[[[[145.881543,43.459521],[145.943555,43.426465],[145.893945,43.419824],[145.881543,43.459521]]],[[[146.358789,43.625391],[146.273828,43.629834],[146.310156,43.651855],[146.358789,43.625391]]],[[[146.045605,43.409326],[146.028027,43.420361],[146.100781,43.440186],[146.045605,43.409326]]],[[[137.178613,55.100439],[137.055273,54.926758],[136.714648,54.956152],[137.178613,55.100439]]],[[[150.589941,59.01875],[150.470215,59.054053],[150.712695,59.122461],[150.589941,59.01875]]],[[[120.261328,73.089844],[119.79209,73.04541],[119.64043,73.124316],[119.964453,73.167676],[120.261328,73.089844]]],[[[124.542969,73.850098],[124.366406,73.874609],[124.336523,73.928369],[124.547656,73.933838],[124.65293,73.888037],[124.542969,73.850098]]],[[[106.27041,78.206201],[106.023633,78.220117],[106.058398,78.264648],[106.350586,78.272607],[106.456836,78.340039],[106.719629,78.294189],[106.27041,78.206201]]],[[[107.414746,77.242676],[107.269531,77.289014],[107.366406,77.346631],[107.679492,77.268262],[107.414746,77.242676]]],[[[97.588379,76.599365],[97.430371,76.590723],[97.310352,76.6896],[97.381641,76.706689],[97.588379,76.599365]]],[[[96.853906,76.19917],[96.739355,76.206934],[96.835254,76.344824],[97.053027,76.302588],[96.853906,76.19917]]],[[[100.135938,79.614209],[99.91543,79.601611],[99.955762,79.690332],[100.300293,79.670264],[100.135938,79.614209]]],[[[76.756055,73.445801],[76.083105,73.523486],[76.250684,73.555273],[76.756055,73.445801]]],[[[82.709961,74.090869],[82.612793,74.056445],[82.329395,74.131104],[82.525586,74.161426],[82.709961,74.090869]]],[[[84.758984,74.459424],[84.710449,74.399805],[84.389453,74.454443],[84.872852,74.515527],[84.758984,74.459424]]],[[[86.653125,74.981299],[87.124316,74.939893],[86.390527,74.850879],[86.653125,74.981299]]],[[[59.313086,81.305225],[58.610156,81.337256],[59.075,81.397705],[59.374609,81.325049],[59.313086,81.305225]]],[[[-179.798535,68.94043],[-178.873877,68.754102],[-178.538525,68.585645],[-178.751465,68.660449],[-178.692627,68.545996],[-178.097461,68.424805],[-178.055811,68.264893],[-177.796777,68.337988],[-178.373047,68.565674],[-177.589209,68.224219],[-175.345215,67.678076],[-175.23252,67.44668],[-175.374707,67.357373],[-174.849854,67.348877],[-174.938135,67.093018],[-174.771191,66.784326],[-174.924902,66.623145],[-174.50376,66.537939],[-174.394092,66.344238],[-174.084766,66.473096],[-174.065039,66.22959],[-173.773975,66.434668],[-174.231592,66.631885],[-174.005518,66.778613],[-174.086426,66.942871],[-174.550098,67.090625],[-173.679688,67.144775],[-173.157813,67.069092],[-173.323535,66.954834],[-173.258936,66.840088],[-173.193018,66.993604],[-172.520117,66.95249],[-173.00752,67.064893],[-171.795557,66.931738],[-170.473096,66.320264],[-170.604443,66.248926],[-170.301221,66.294043],[-169.72915,66.058105],[-170.540674,65.86543],[-170.666309,65.621533],[-171.451172,65.794238],[-171.054248,65.549951],[-171.169971,65.5021],[-172.783301,65.681055],[-172.232812,65.455713],[-172.309277,65.275635],[-172.661914,65.248535],[-172.286035,65.205713],[-172.213184,65.048145],[-173.066211,64.847168],[-172.801074,64.790527],[-172.900879,64.628857],[-172.37876,64.431543],[-172.903174,64.526074],[-172.915869,64.369434],[-173.157422,64.279736],[-173.375684,64.354883],[-173.32749,64.539551],[-173.729736,64.364502],[-174.570557,64.717773],[-175.442139,64.816699],[-175.853857,65.01084],[-175.856152,65.232812],[-176.093262,65.471045],[-177.05625,65.613623],[-178.4125,65.495557],[-178.502344,65.74043],[-178.939063,66.032764],[-178.746729,66.013672],[-178.526563,66.401562],[-178.868115,66.187061],[-179.143408,66.375049],[-179.327197,66.162598],[-179.683301,66.184131],[-179.789697,65.900879],[-179.3521,65.516748],[-180,65.067236],[-179.999951,68.983447],[-179.798535,68.94043]]],[[[130.687305,42.302539],[130.424805,42.727051],[131.068555,42.902246],[131.257324,43.378076],[131.255273,44.071582],[130.981641,44.844336],[131.446875,44.984033],[131.851855,45.326855],[132.936035,45.029932],[133.113477,45.130713],[133.186035,45.494824],[133.436426,45.604687],[133.861328,46.247754],[134.167676,47.302197],[134.752344,47.71543],[134.566016,48.02251],[134.665234,48.253906],[134.293359,48.373437],[133.144043,48.105664],[132.47627,47.71499],[130.961914,47.709326],[130.732617,48.019238],[130.804297,48.341504],[130.552148,48.60249],[130.553125,48.861182],[130.195996,48.89165],[129.498145,49.388818],[129.065137,49.374658],[128.704004,49.600146],[127.999609,49.568604],[127.550781,49.801807],[127.590234,50.208984],[127.337207,50.350146],[127.307031,50.707959],[126.924805,51.100146],[126.048145,52.739453],[125.649023,53.042285],[124.812305,53.133838],[123.607813,53.546533],[120.985449,53.28457],[120.094531,52.787207],[120.067578,52.63291],[120.656152,52.56665],[120.681445,51.973047],[120.066895,51.600684],[119.163672,50.406006],[119.346289,50.278955],[119.259863,50.066406],[117.873438,49.513477],[116.216797,50.009277],[115.429199,49.896484],[114.743164,50.233691],[114.29707,50.274414],[112.806445,49.523584],[110.709766,49.142969],[108.613672,49.322803],[107.96543,49.653516],[107.916602,49.947803],[107.233301,49.989404],[106.711133,50.312598],[105.383594,50.47373],[104.078711,50.154248],[103.304395,50.200293],[102.288379,50.585107],[102.111523,51.353467],[99.92168,51.755518],[98.893164,52.117285],[98.037598,51.449951],[97.835742,51.05166],[98.029785,50.644629],[98.279492,50.533252],[98.250293,50.302441],[98.003906,50.014258],[97.359766,49.741455],[96.065527,49.99873],[94.614746,50.02373],[94.354688,50.221826],[94.251074,50.556396],[93.103125,50.603906],[92.941309,50.778223],[92.62666,50.688281],[92.354785,50.86416],[92.192383,50.700586],[90.053711,50.09375],[89.643848,49.903027],[89.654102,49.71748],[89.109473,49.501367],[88.192578,49.451709],[87.988086,49.186914],[87.416699,49.076611],[86.626465,49.562695],[86.675488,49.777295],[86.180859,49.499316],[85.232617,49.61582],[84.989453,50.061426],[84.323242,50.23916],[83.945117,50.774658],[83.357324,50.99458],[82.493945,50.727588],[81.465918,50.739844],[81.388281,50.956494],[81.071484,50.96875],[81.127246,51.191064],[80.735254,51.293408],[80.448047,51.18335],[80.423633,50.946289],[79.98623,50.774561],[77.859961,53.269189],[76.484766,54.022559],[76.42168,54.151514],[76.65459,54.145264],[76.837305,54.442383],[75.437207,54.089648],[74.351562,53.487646],[73.858984,53.619727],[73.406934,53.447559],[73.305664,53.707227],[73.712402,54.042383],[73.229883,53.957812],[72.622266,54.134326],[72.446777,53.941846],[72.186035,54.325635],[72.004492,54.205664],[71.093164,54.212207],[71.185547,54.599316],[70.738086,55.305176],[70.182422,55.162451],[68.977246,55.3896],[68.20625,55.160937],[68.155859,54.976709],[65.476953,54.623291],[65.088379,54.340186],[64.46123,54.38418],[61.928711,53.946484],[61.231055,54.019482],[60.979492,53.621729],[61.534961,53.523291],[61.228906,53.445898],[61.199219,53.287158],[62.082715,53.00542],[61.047461,52.972461],[60.774414,52.675781],[60.994531,52.336865],[60.030273,51.933252],[60.464746,51.651172],[61.554688,51.324609],[61.389453,50.861035],[60.942285,50.695508],[60.424805,50.67915],[60.058594,50.850293],[59.523047,50.492871],[59.452344,50.62041],[58.883691,50.694434],[58.35918,51.063818],[57.838867,51.09165],[57.442188,50.888867],[57.011719,51.065186],[56.491406,51.019531],[55.68623,50.582861],[54.641602,51.011572],[54.555273,50.535791],[54.139746,51.040771],[53.338086,51.482373],[52.571191,51.481641],[52.219141,51.709375],[51.344531,51.475342],[50.793945,51.729199],[50.309277,51.321582],[48.625098,50.612695],[48.758984,49.92832],[48.334961,49.858252],[47.705762,50.377979],[47.429199,50.357959],[46.889551,49.696973],[46.802051,49.36709],[47.031348,49.150293],[46.702637,48.805566],[46.660938,48.412256],[47.064648,48.232471],[47.292383,47.740918],[48.166992,47.708789],[48.959375,46.774609],[48.558398,46.757129],[48.541211,46.605615],[49.245898,46.291602],[48.683691,46.086182],[48.72959,45.896826],[48.487012,45.934863],[47.633301,45.584033],[47.463281,45.679688],[47.514551,45.490918],[47.083789,44.816992],[46.716113,44.560693],[47.307031,44.103125],[47.462793,43.555029],[47.646484,43.884619],[47.463184,43.035059],[48.572852,41.844482],[47.861133,41.212744],[47.520605,41.229053],[46.749316,41.812598],[45.638574,42.205078],[45.655566,42.517676],[44.870996,42.756396],[44.771094,42.616797],[44.505859,42.748633],[43.825977,42.571533],[43.782617,42.747021],[42.760645,43.16958],[41.580566,43.219238],[40.648047,43.533887],[40.150195,43.569775],[39.97832,43.419824],[38.717285,44.288086],[36.650781,45.126465],[36.941211,45.289697],[36.79375,45.409717],[37.213574,45.272314],[37.647168,45.377197],[37.612402,45.564697],[37.933105,46.001709],[38.492285,46.090527],[37.766504,46.636133],[38.500977,46.663672],[38.438672,46.813086],[39.270703,47.044141],[39.195703,47.268848],[38.214355,47.091455],[38.201367,47.320801],[38.287402,47.55918],[38.822266,47.837012],[39.778711,47.887549],[39.95791,48.268896],[39.835645,48.542773],[39.644727,48.591211],[39.792871,48.807715],[40.003613,48.82207],[39.686523,49.00791],[40.108789,49.251562],[40.080664,49.576855],[38.258594,50.052344],[38.046875,49.92002],[37.422852,50.411475],[36.619434,50.209229],[36.116406,50.408545],[35.591113,50.36875],[35.411621,50.539697],[35.311914,51.043896],[35.064063,51.203418],[34.213867,51.255371],[34.121094,51.67915],[34.397852,51.78042],[33.735254,52.344775],[32.435449,52.307227],[32.122266,52.050586],[31.763379,52.101074],[31.577344,52.312305],[31.564844,52.759229],[31.258789,53.016699],[31.417871,53.196045],[32.141992,53.091162],[32.706445,53.419434],[32.450195,53.69292],[31.754199,53.810449],[31.825977,54.030713],[31.403613,54.195947],[31.074805,54.491797],[31.152148,54.625342],[30.798828,54.783252],[30.977734,55.050488],[30.810547,55.306982],[30.906836,55.57002],[30.233594,55.845215],[29.482227,55.68457],[29.283008,55.967871],[28.284277,56.055908],[27.881543,56.82417],[27.639453,56.845654],[27.828613,57.293311],[27.354297,57.550293],[27.778516,57.870703],[27.502441,58.221338],[27.43418,58.787256],[28.151074,59.374414],[28.0125,59.484277],[28.058008,59.781543],[28.33457,59.692529],[29.147266,59.999756],[30.172656,59.957129],[29.721191,60.195312],[29.069141,60.191455],[28.643164,60.375293],[28.491602,60.540137],[28.650586,60.610986],[28.512793,60.677295],[27.797656,60.536133],[31.186719,62.481396],[31.536523,62.921631],[29.991504,63.735156],[30.526074,64.077295],[29.986621,64.524268],[30.110254,64.732568],[29.604199,64.968408],[29.826953,65.145068],[29.608008,65.248682],[29.819434,65.56875],[29.715918,65.624561],[30.0875,65.786523],[29.066211,66.891748],[29.988086,67.668262],[29.343848,68.061865],[28.685156,68.189795],[28.470703,68.488379],[28.772852,68.840039],[28.414062,68.90415],[29.994043,69.39248],[30.159766,69.629883],[30.860742,69.538428],[30.869727,69.783447],[31.546973,69.696924],[31.997949,69.809912],[31.98457,69.953662],[33.007812,69.722119],[32.915039,69.601709],[32.176758,69.674023],[32.377734,69.479102],[33.454297,69.428174],[33.141211,69.068701],[33.684375,69.310254],[35.85791,69.191748],[40.966406,67.713477],[41.133887,67.266943],[41.358789,67.209668],[41.188965,66.826172],[40.10332,66.299951],[38.653906,66.069043],[34.482617,66.550342],[33.150195,66.843945],[32.847559,67.021533],[32.930469,67.086816],[31.895313,67.161426],[33.655957,66.442627],[33.360547,66.329541],[34.112695,66.225244],[34.691797,65.951855],[34.776953,65.768262],[34.406445,65.395752],[34.803516,64.985986],[34.952246,64.755957],[34.869531,64.56001],[35.035352,64.440234],[37.442188,63.813379],[38.062207,64.091016],[37.953711,64.320117],[37.183691,64.408496],[36.578711,64.790967],[36.53457,64.938623],[36.882812,65.172363],[39.758008,64.577051],[40.057813,64.770752],[40.444922,64.778711],[39.798047,65.349854],[39.816504,65.597949],[41.475781,66.123437],[42.210547,66.519678],[43.233203,66.415527],[43.653125,66.250977],[43.541895,66.123389],[44.104395,66.008594],[44.097168,66.235059],[44.488672,66.671777],[44.429297,66.937744],[43.782422,67.254492],[44.225391,67.995605],[44.204688,68.25376],[43.333203,68.673389],[45.891992,68.479687],[46.69043,67.848828],[45.528711,67.757568],[44.902148,67.413135],[45.562207,67.185596],[45.885352,66.891064],[46.492383,66.800195],[47.655859,66.975928],[47.874707,67.58418],[48.833203,67.681494],[48.754297,67.895947],[49.155273,67.87041],[51.994727,68.53877],[52.39668,68.351709],[52.722656,68.484033],[52.344043,68.608154],[53.801953,68.995898],[54.491211,68.992334],[53.797656,68.907471],[53.970605,68.844287],[53.758887,68.633984],[53.930859,68.435547],[53.260547,68.26748],[54.861328,68.201855],[54.923047,68.373828],[55.418066,68.567822],[57.126855,68.554004],[59.057324,69.006055],[59.370508,68.738379],[59.112305,68.616309],[59.099023,68.444336],[59.725684,68.351611],[59.922852,68.471338],[59.895996,68.706348],[60.48916,68.728955],[60.933594,68.986768],[60.170605,69.590918],[60.909082,69.847119],[64.19043,69.534668],[64.896289,69.247803],[67.002441,68.873584],[68.504199,68.348438],[69.140527,68.950635],[68.542773,68.96709],[68.005859,69.480029],[67.624121,69.584424],[67.064453,69.693701],[66.89668,69.553809],[66.80293,69.740137],[66.926367,70.014258],[67.239258,70.108057],[67.146484,70.219922],[67.284766,70.738721],[66.702246,70.818506],[66.84707,71.063721],[66.639648,71.081396],[68.269238,71.682812],[69.391406,72.955518],[71.500195,72.913672],[72.812109,72.691406],[72.574121,72.012549],[71.867285,71.457373],[72.704492,70.963232],[72.7,70.457324],[72.469434,70.274951],[72.576758,68.968701],[73.591699,68.481885],[73.139453,68.181348],[73.066797,67.766943],[71.847461,67.007617],[71.365234,66.961523],[71.539551,66.683105],[70.724902,66.519434],[70.382812,66.60249],[70.690723,66.745312],[69.013477,66.78833],[69.194336,66.578662],[69.982422,66.401416],[72.067578,66.25332],[72.321582,66.332129],[72.417383,66.560791],[73.79209,66.995312],[74.074512,67.414111],[74.769531,67.766357],[74.742676,68.073535],[74.391406,68.420605],[74.57959,68.751221],[75.124609,68.861719],[76.45918,68.978271],[77.238477,68.46958],[77.174414,67.778516],[77.771582,67.570264],[78.922461,67.589111],[77.588281,67.751904],[77.664844,68.190381],[77.995117,68.259473],[77.650684,68.903027],[76.000977,69.235059],[74.814844,69.090576],[73.775684,69.198242],[73.890918,69.417969],[73.578125,69.802979],[74.343359,70.578711],[73.08623,71.444922],[73.671777,71.845068],[74.992188,72.144824],[75.060352,72.548779],[74.786816,72.811865],[75.369336,72.796631],[75.603516,72.581055],[75.741406,72.29624],[75.273828,71.958936],[75.247461,71.813379],[75.503223,71.654639],[75.280273,71.430078],[75.733594,71.265918],[79.01543,70.950195],[78.491406,71.025391],[78.212598,71.266309],[76.433398,71.55249],[76.032422,71.9104],[76.871387,72.033008],[77.550781,71.84209],[78.186914,71.90708],[78.016406,72.092041],[77.41084,72.107764],[78.482617,72.394971],[79.42207,72.380762],[80.7625,72.08916],[81.661621,71.715967],[83.106641,71.720508],[83.233594,71.668164],[82.977051,71.451367],[82.322852,71.26001],[82.335938,70.807373],[82.163184,70.598145],[82.221191,70.395703],[82.59248,70.889941],[83.010156,70.89541],[83.030176,70.580518],[82.682324,70.217725],[83.080762,70.093018],[83.073828,70.276709],[83.735938,70.546484],[83.15127,71.103613],[83.534375,71.683936],[82.64541,71.925244],[82.093652,72.26543],[80.827051,72.488281],[80.65625,72.712012],[80.841602,72.94917],[80.424512,73.231152],[80.583203,73.568457],[86.892969,73.887109],[87.029492,73.82417],[85.792578,73.43833],[86.677051,73.106787],[85.938965,73.456494],[87.571191,73.810742],[86.571094,74.24375],[86.001367,74.316016],[86.395801,74.450098],[87.229688,74.363867],[85.791016,74.645117],[86.20127,74.816211],[86.862891,74.717871],[87.419336,74.940918],[86.939063,75.068115],[87.005957,75.169824],[87.671387,75.12959],[90.184961,75.591064],[94.075195,75.912891],[92.89043,75.909961],[92.971582,76.075098],[93.259277,76.098779],[95.578711,76.137305],[96.075488,76.081982],[95.65332,75.892188],[96.49707,75.891211],[98.662012,76.242676],[99.77041,76.02876],[99.540723,75.798584],[99.851367,75.930273],[99.825391,76.135937],[98.805664,76.480664],[101.597754,76.439209],[100.928027,76.556738],[101.099316,76.704004],[100.92041,76.82251],[100.989941,76.990479],[102.610156,77.508545],[104.014551,77.73042],[106.05957,77.390527],[104.202441,77.101807],[107.429785,76.926563],[106.413574,76.512256],[107.722168,76.522314],[108.181641,76.737842],[111.114844,76.723047],[112.093945,76.480322],[111.942676,76.380469],[112.619531,76.383545],[112.798438,76.129639],[112.65625,76.053564],[113.272656,76.25166],[113.563867,75.89165],[113.857227,75.921289],[113.567578,75.568408],[112.466113,75.843652],[112.955664,75.571924],[113.726172,75.450635],[112.924902,75.015039],[109.840332,74.321973],[109.810254,74.169189],[108.199512,73.694092],[107.271094,73.621045],[106.679395,73.330664],[106.188672,73.308008],[105.143945,72.777051],[106.47793,73.139404],[109.855273,73.472461],[110.868164,73.730713],[109.752734,73.722559],[109.665625,73.800244],[109.869141,73.930615],[110.261426,74.017432],[111.550586,74.028516],[111.228125,73.968555],[111.400391,73.827734],[112.147266,73.708936],[112.79541,73.746094],[112.939648,73.835645],[112.835938,73.962061],[113.032813,73.913867],[113.416211,73.647607],[113.156934,73.45957],[113.490918,73.346094],[113.474609,73.047852],[113.127832,72.830664],[113.664551,72.634521],[113.215527,72.805859],[113.558887,73.232617],[113.88623,73.345801],[113.510352,73.50498],[114.060547,73.584668],[115.337695,73.702588],[118.450195,73.589795],[118.936426,73.481201],[118.457031,73.464404],[118.430273,73.246533],[119.750391,72.979102],[122.5375,72.877783],[122.751953,72.906494],[122.526758,73.016699],[123.160352,72.954883],[123.622266,73.193262],[123.322656,73.430811],[123.416211,73.636865],[124.541211,73.75127],[125.598535,73.447412],[126.254492,73.548193],[126.29248,73.394189],[126.552539,73.334912],[127.031348,73.547461],[127.740332,73.481543],[129.100586,73.112354],[128.599023,72.895166],[129.250391,72.705176],[128.418262,72.535156],[129.281348,72.437695],[129.411719,72.315479],[129.283496,72.092041],[127.726074,72.413184],[128.911426,71.755322],[129.210254,71.916943],[129.46084,71.739307],[128.843262,71.663477],[129.761914,71.119531],[130.537109,70.892529],[130.757129,70.962354],[131.021582,70.746094],[131.562012,70.901025],[132.653906,71.925977],[133.688867,71.434229],[134.702734,71.386816],[136.090332,71.61958],[137.939648,71.133398],[137.844043,71.226807],[138.314063,71.325537],[137.918359,71.384082],[138.23418,71.596338],[139.98418,71.491504],[139.695117,71.700439],[139.722949,71.884961],[139.359277,71.951367],[140.187695,72.191309],[139.176367,72.163477],[139.14082,72.329736],[139.601172,72.496094],[141.079297,72.586914],[140.652344,72.842822],[140.808203,72.890967],[146.25293,72.442236],[144.897461,72.39624],[144.169238,72.258789],[144.470703,72.174756],[146.831836,72.29541],[146.113281,71.944971],[146.230273,72.1375],[145.758594,72.225879],[145.756738,71.941309],[145.063965,71.926074],[144.989648,71.753369],[145.188574,71.695801],[146.073242,71.80835],[147.261816,72.327881],[149.501563,72.164307],[150.016895,71.895654],[148.92334,71.714648],[150.599805,71.520117],[150.097656,71.226562],[150.967773,71.380469],[151.582422,71.286963],[152.092773,71.023291],[151.762012,70.982471],[152.508789,70.834473],[155.895215,71.095508],[158.702148,70.93501],[159.911816,70.506104],[160.006445,70.309668],[159.729395,69.870215],[159.83252,69.784961],[160.910742,69.606348],[161.035547,69.098193],[161.340625,68.905176],[160.856055,68.53833],[161.565625,68.905176],[161.536914,69.379541],[162.166016,69.611572],[163.201367,69.714746],[166.820312,69.499561],[167.856836,69.728223],[168.15,69.577393],[168.303027,69.271484],[169.310645,69.079541],[169.609863,68.786035],[170.537598,68.825391],[170.99668,69.134717],[170.582227,69.58335],[170.160938,69.626563],[170.503125,69.856543],[170.486816,70.107568],[173.277441,69.823828],[173.438672,69.946826],[175.921484,69.895313],[178.84834,69.387207],[180,68.983447],[180,65.067236],[178.519531,64.602979],[177.748633,64.717041],[176.880859,65.081934],[176.341016,65.047314],[177.037305,64.999658],[177.222852,64.86167],[177.06875,64.78667],[176.061133,64.960889],[174.548828,64.683887],[176.056543,64.904736],[176.350977,64.705127],[176.140918,64.58584],[177.3875,64.774023],[177.43291,64.444482],[177.6875,64.304736],[178.381445,64.260889],[178.731445,63.66709],[178.44043,63.605566],[179.332324,63.190186],[179.405078,63.077734],[179.25957,63.008301],[179.570508,62.6875],[179.120703,62.320361],[177.292578,62.599023],[177.338965,62.781348],[177.023535,62.777246],[176.964746,62.658643],[177.159473,62.560986],[174.514355,61.823633],[173.623438,61.716064],[173.131836,61.406641],[172.856543,61.469189],[172.908008,61.311621],[172.392773,61.061768],[170.608203,60.434912],[170.350977,59.965527],[169.226758,60.595947],[167.226758,60.406299],[166.273047,59.85625],[166.136035,59.979346],[166.352148,60.484814],[165.08457,60.098584],[164.953711,59.843604],[164.525293,60.061279],[164.113281,59.897559],[163.743848,60.028027],[163.364844,59.781445],[163.272852,59.302588],[162.141602,58.447412],[161.960059,58.076904],[162.391406,57.717236],[162.654297,57.948242],[163.225781,57.790381],[162.761523,57.243945],[162.802637,56.811475],[163.256543,56.688037],[163.335547,56.23252],[162.840332,56.065625],[162.628125,56.232275],[163.038379,56.521875],[162.671484,56.490088],[162.488672,56.399121],[162.528223,56.260693],[162.084961,56.089648],[161.723926,55.496143],[162.105566,54.752148],[161.624805,54.51626],[160.772656,54.541357],[160.074414,54.18916],[159.84375,53.783643],[160.025098,53.12959],[159.585938,53.237695],[158.74541,52.908936],[158.47207,53.032373],[158.608789,52.873633],[158.493164,52.383154],[158.103516,51.809619],[156.747754,50.969287],[156.521191,51.380273],[156.364746,52.509375],[156.110352,52.866162],[155.563867,55.199121],[155.98252,56.695215],[156.848828,57.290186],[156.976758,57.466309],[156.829883,57.779639],[157.450391,57.799268],[157.666406,58.019775],[158.275195,58.008984],[162.068164,60.466406],[163.709961,60.916797],[163.553516,61.025635],[164.005469,61.343799],[163.804395,61.461377],[164.207227,62.292236],[164.59834,62.470557],[165.208105,62.373975],[165.396582,62.493896],[164.418359,62.704639],[163.331738,62.550928],[163.017676,61.891064],[163.257812,61.699463],[163.085254,61.570557],[162.855957,61.705029],[162.392578,61.662109],[160.766602,60.75332],[160.173633,60.638428],[160.378906,61.025488],[159.79043,60.956641],[160.309375,61.894385],[159.552344,61.719482],[159.189258,61.929395],[157.08418,61.675684],[154.293066,59.83335],[154.149805,59.528516],[154.971289,59.449609],[155.166699,59.360156],[155.160449,59.190137],[154.010938,59.075537],[153.361133,59.214795],[152.817871,58.92627],[152.319629,59.030762],[151.326758,58.875098],[151.121094,59.08252],[152.169531,59.27793],[151.348242,59.561133],[150.483594,59.494385],[150.667285,59.556348],[149.642578,59.77041],[149.065234,59.630518],[149.20498,59.488184],[148.79707,59.532324],[148.744141,59.373535],[148.964648,59.369141],[148.72666,59.25791],[148.257422,59.414209],[147.514453,59.268555],[146.537207,59.456982],[146.049512,59.170557],[145.55459,59.413525],[143.86875,59.411377],[142.580273,59.240137],[142.025391,58.999658],[140.790234,58.303467],[140.446875,57.813672],[139.181641,57.261523],[137.691504,56.139355],[135.211523,54.84082],[135.851562,54.583936],[136.797266,54.620996],[136.683008,53.931299],[136.802637,53.781982],[137.155371,53.82168],[137.258008,54.025244],[137.141602,54.182227],[137.666016,54.283301],[137.339258,54.100537],[137.834766,53.946729],[137.253711,53.546143],[137.950488,53.603564],[138.52793,53.959863],[138.569141,53.818799],[138.249707,53.524023],[138.450684,53.537012],[138.699414,53.869727],[138.657227,54.29834],[139.707422,54.277148],[141.37373,53.292773],[141.18125,53.015283],[140.839648,53.087891],[141.255859,52.840137],[141.132422,52.435693],[141.485254,52.178516],[140.932617,51.619922],[140.520898,50.800195],[140.624512,50.082422],[140.462695,49.911475],[140.37832,48.964111],[140.113281,48.422656],[138.586816,47.057227],[138.336914,46.543408],[137.685449,45.818359],[135.874609,44.373535],[135.131055,43.525732],[133.159961,42.696973],[132.303809,42.883301],[132.30957,43.313525],[131.866602,43.095166],[131.938965,43.301953],[131.158301,42.626025],[130.709375,42.656396],[130.83418,42.522949],[130.687305,42.302539]]],[[[47.441992,80.853662],[48.445703,80.806006],[48.683594,80.633252],[47.705273,80.765186],[46.141406,80.446729],[44.90498,80.611279],[47.441992,80.853662]]],[[[50.278125,80.927246],[51.703613,80.687646],[48.896094,80.369189],[48.677051,80.300049],[48.977539,80.162598],[47.737305,80.081689],[47.977539,80.212549],[46.644434,80.300342],[47.895801,80.529053],[49.087793,80.515771],[49.244336,80.821387],[50.278125,80.927246]]],[[[67.765332,76.237598],[61.355957,75.314844],[60.276855,75.007568],[60.501367,74.904639],[59.747266,74.745898],[59.674023,74.610156],[59.240137,74.692969],[59.04043,74.485547],[58.534668,74.498926],[58.617871,74.227393],[57.767383,74.013818],[57.872266,73.850439],[57.755957,73.769189],[57.313086,73.838037],[57.542578,73.658203],[56.63418,73.304297],[55.006836,73.453857],[54.299902,73.350977],[53.762891,73.766162],[54.642676,73.95957],[55.340918,74.419629],[56.137109,74.496094],[55.582227,74.627686],[56.49873,74.95708],[55.810059,75.124902],[56.570312,75.097754],[56.87627,75.244385],[56.844434,75.351416],[57.606836,75.34126],[58.058301,75.663086],[60.279297,76.09624],[60.942188,76.071289],[61.20166,76.282031],[64.463477,76.378174],[67.534961,77.007764],[68.485742,76.933691],[68.941699,76.707666],[68.899805,76.572949],[67.765332,76.237598]]],[[[55.319824,73.308301],[56.42959,73.201172],[56.12168,72.806592],[55.40332,72.549072],[55.518066,72.220654],[55.297852,71.935352],[56.454395,71.107373],[57.625391,70.728809],[57.145898,70.589111],[56.260059,70.714746],[56.561328,70.593555],[56.43457,70.562988],[53.722363,70.814453],[53.383594,70.873535],[53.613574,70.914648],[53.587793,71.052295],[54.155664,71.125488],[53.409961,71.340137],[53.411621,71.530127],[51.937891,71.474707],[51.438672,71.776807],[51.58252,72.071191],[52.62207,72.300977],[52.916602,72.668896],[52.550586,72.768555],[53.369824,72.916748],[53.251172,73.182959],[54.803906,73.387646],[55.319824,73.308301]]],[[[96.526563,81.075586],[97.831836,80.798291],[97.856445,80.698096],[97.113086,80.614063],[97.025391,80.535547],[97.416992,80.323145],[97.175195,80.241016],[93.872363,80.010107],[91.523828,80.358545],[92.826758,80.618555],[93.2625,80.79126],[92.610156,80.81001],[93.358691,81.031689],[95.800684,81.280469],[96.526563,81.075586]]],[[[97.674512,80.158252],[98.017773,80.022852],[97.65166,79.760645],[98.596484,80.052197],[100.06123,79.7771],[99.781641,79.628271],[99.680664,79.32334],[99.041797,79.293018],[99.814648,79.09585],[99.929297,78.961426],[99.439551,78.834229],[97.555469,78.826562],[95.133203,79.049609],[94.21875,79.402344],[93.070801,79.495312],[94.987305,80.096826],[97.674512,80.158252]]],[[[102.884766,79.253955],[102.412305,78.835449],[103.800781,79.149268],[104.633203,78.835156],[105.145996,78.818848],[105.312598,78.499902],[104.741797,78.339746],[101.204102,78.191943],[99.84502,77.956836],[99.287109,78.038086],[100.018945,78.338916],[100.416406,78.753174],[100.955762,78.788477],[100.85625,78.897754],[101.052246,79.123242],[101.590625,79.350439],[102.25127,79.256055],[102.180664,79.373389],[102.404883,79.433203],[103.097949,79.299121],[102.884766,79.253955]]],[[[140.04873,75.828955],[140.815918,75.630713],[140.985352,75.964502],[141.485449,76.137158],[145.359961,75.530469],[144.019727,75.044678],[142.820117,75.267822],[142.699609,75.448877],[142.941797,75.713281],[142.30791,75.691699],[142.08623,75.660645],[142.198828,75.392676],[143.12793,74.970313],[142.472754,74.82041],[141.987305,74.99126],[140.267871,74.846924],[139.68125,74.964062],[139.099121,74.656543],[138.092285,74.797461],[137.00625,75.23501],[136.982422,75.365332],[137.289746,75.348633],[137.268848,75.749414],[137.706543,75.75957],[137.560547,75.955225],[138.919531,76.196729],[140.04873,75.828955]]],[[[146.795215,75.370752],[148.432422,75.413525],[148.590137,75.236377],[150.822363,75.156543],[150.580273,74.918945],[149.050195,74.772461],[146.148535,75.198291],[146.438477,75.558203],[146.750977,75.510449],[146.795215,75.370752]]],[[[178.861523,70.826416],[178.683887,71.105664],[180,71.537744],[180,70.993018],[178.861523,70.826416]]],[[[142.761035,54.393945],[142.976172,54.140967],[142.917969,53.794238],[143.324707,52.963086],[143.190625,51.944482],[143.816016,50.282617],[144.71377,48.640283],[144.04873,49.24917],[143.10498,49.198828],[142.574219,48.072168],[142.556934,47.737891],[143.217676,46.794873],[143.485645,46.752051],[143.580664,46.360693],[143.431641,46.028662],[143.282324,46.558984],[142.578027,46.700781],[142.077148,45.917041],[141.830371,46.451074],[142.038672,47.140283],[141.964063,47.587451],[142.181738,48.013379],[141.866309,48.750098],[142.142285,49.569141],[142.066016,50.630469],[142.206738,51.222559],[141.722363,51.736328],[141.66084,52.272949],[141.855566,52.793506],[141.823535,53.339502],[142.141992,53.495605],[142.526172,53.447461],[142.705957,53.895703],[142.334961,54.280713],[142.761035,54.393945]]],[[[-178.876465,71.577051],[-177.498486,71.219141],[-179.156885,70.939844],[-179.999951,70.993018],[-179.999951,71.537744],[-178.876465,71.577051]]],[[[35.816113,65.18208],[35.778711,64.97666],[35.528906,65.151074],[35.816113,65.18208]]],[[[42.713672,66.701709],[42.460059,66.770361],[42.631445,66.782227],[42.713672,66.701709]]],[[[52.90332,71.36499],[53.192578,71.215283],[53.022656,70.968701],[52.239844,71.325049],[52.90332,71.36499]]],[[[168.039062,54.56499],[168.081348,54.512744],[167.488086,54.794971],[167.441504,54.855859],[167.882617,54.690479],[168.039062,54.56499]]],[[[160.718945,70.822705],[160.504785,70.819727],[160.436914,70.851025],[160.44043,70.922656],[160.56582,70.923779],[160.718945,70.822705]]],[[[161.46709,68.900977],[161.136523,69.110254],[161.082813,69.405664],[161.505176,69.639453],[161.609277,69.500928],[161.350879,69.369336],[161.46709,68.900977]]],[[[152.885938,76.121729],[152.786328,76.085791],[152.558594,76.143604],[152.799414,76.194824],[152.885938,76.121729]]],[[[149.150195,76.659912],[148.398633,76.648242],[149.406445,76.78208],[149.150195,76.659912]]],[[[137.959863,71.507666],[137.711816,71.423242],[137.457813,71.483496],[137.265527,71.455908],[137.064063,71.529883],[137.281836,71.579932],[137.816797,71.587891],[137.959863,71.507666]]],[[[107.695508,78.130908],[107.481641,78.057764],[107.343848,78.098584],[106.415527,78.139844],[107.508301,78.189404],[107.695508,78.130908]]],[[[112.478027,76.620898],[112.66084,76.50957],[112.531641,76.450049],[111.968945,76.626172],[112.478027,76.620898]]],[[[96.532422,76.278125],[96.300586,76.121729],[95.311133,76.214746],[96.532422,76.278125]]],[[[96.285449,77.02666],[95.270312,77.018848],[96.528418,77.205518],[96.285449,77.02666]]],[[[89.514258,77.188818],[89.141699,77.226807],[89.67959,77.280322],[89.514258,77.188818]]],[[[74.660547,72.873437],[74.100195,73.021533],[74.961523,73.0625],[74.660547,72.873437]]],[[[75.503711,73.456641],[75.344336,73.432275],[75.569727,73.540625],[76.051562,73.549268],[75.827148,73.459131],[75.503711,73.456641]]],[[[83.549023,74.071777],[83.410645,74.039551],[82.817773,74.091602],[83.149805,74.151611],[83.618359,74.089453],[83.549023,74.071777]]],[[[67.344922,69.529834],[67.263965,69.442529],[67.025879,69.483203],[67.216113,69.575391],[67.328906,69.572119],[67.344922,69.529834]]],[[[66.560938,70.541748],[66.407617,70.615771],[66.440234,70.772656],[66.560938,70.541748]]],[[[70.020703,66.502197],[69.469336,66.715967],[70.07666,66.695898],[70.020703,66.502197]]],[[[50.051758,80.074316],[49.556055,80.158936],[50.250977,80.219482],[50.051758,80.074316]]],[[[51.409277,79.944238],[50.091406,79.980566],[50.936328,80.094238],[51.409277,79.944238]]],[[[50.753711,81.047412],[50.368457,81.12251],[50.715918,81.170654],[50.946191,81.108154],[50.753711,81.047412]]],[[[55.479688,80.273828],[55.195117,80.226807],[54.979688,80.256445],[55.240039,80.325391],[55.479688,80.273828]]],[[[54.415332,80.472803],[53.811914,80.476221],[53.877246,80.605273],[54.415332,80.472803]]],[[[59.688867,79.955811],[58.919238,79.984619],[59.544531,80.118848],[59.911035,79.994287],[59.688867,79.955811]]],[[[58.622363,81.04165],[58.930566,80.831689],[58.641895,80.767969],[57.210938,81.01709],[58.622363,81.04165]]],[[[47.983008,45.488232],[47.920313,45.562061],[47.947168,45.64707],[47.983008,45.488232]]],[[[50.265234,69.185596],[50.220605,69.048779],[50.093945,69.125537],[49.62627,68.859717],[48.910352,68.743066],[48.439063,68.804883],[48.278809,69.040332],[48.413867,69.345654],[48.95332,69.509277],[50.265234,69.185596]]],[[[63.373828,80.700098],[62.520313,80.821875],[64.095703,80.99834],[64.310156,81.175195],[65.171973,81.144043],[65.437402,80.930713],[63.373828,80.700098]]],[[[57.95625,80.123242],[57.332324,80.158105],[57.011133,80.468311],[59.255469,80.343213],[58.397949,80.31875],[57.95625,80.123242]]],[[[62.167773,80.834766],[62.075781,80.616943],[61.05127,80.418604],[59.649805,80.43125],[59.288184,80.572656],[59.71582,80.836377],[62.167773,80.834766]]],[[[61.14082,80.950342],[60.058203,80.984619],[61.457422,81.103955],[61.14082,80.950342]]],[[[53.521387,80.185205],[52.213379,80.263721],[53.185645,80.412646],[53.85166,80.268359],[53.521387,80.185205]]],[[[57.078711,80.350928],[56.986914,80.071484],[55.724023,80.104736],[56.012207,80.203906],[56.024414,80.341309],[57.078711,80.350928]]],[[[57.810254,81.546045],[58.563867,81.418408],[57.858691,81.368066],[58.015332,81.254834],[57.450977,81.135547],[55.716699,81.188477],[55.466016,81.311182],[57.810254,81.546045]]],[[[54.718945,81.115967],[57.694141,80.792285],[55.883398,80.628418],[54.668164,80.738672],[54.04541,80.871973],[54.718945,81.115967]]],[[[63.650977,81.609326],[62.884961,81.608887],[62.106445,81.679346],[62.794922,81.718945],[63.70957,81.687305],[63.782422,81.649805],[63.650977,81.609326]]],[[[58.29541,81.715186],[57.909277,81.721924],[58.13457,81.827979],[59.408496,81.825439],[58.29541,81.715186]]],[[[92.683496,79.685205],[91.070312,79.981494],[93.803125,79.904541],[92.683496,79.685205]]],[[[91.567187,81.141211],[91.222852,81.063818],[89.975781,81.113135],[89.901172,81.170703],[90.069922,81.213721],[91.108984,81.199121],[91.477832,81.183936],[91.567187,81.141211]]],[[[141.010254,73.999463],[140.409473,73.92168],[140.101562,74.184277],[140.944336,74.264648],[141.097461,74.167822],[141.010254,73.999463]]],[[[142.184863,73.895898],[143.34375,73.56875],[143.491309,73.246436],[139.685547,73.425732],[140.380664,73.483008],[141.084766,73.865869],[142.184863,73.895898]]],[[[135.948633,75.40957],[135.451953,75.389551],[135.698633,75.845264],[136.168945,75.605566],[135.948633,75.40957]]],[[[136.197461,73.913623],[135.387012,74.253369],[136.036816,74.090332],[136.197461,73.913623]]],[[[137.940527,55.092627],[138.206152,55.033545],[137.721484,54.663232],[137.462695,54.873389],[137.23291,54.790576],[137.577344,55.197021],[137.940527,55.092627]]],[[[169.200781,69.580469],[167.788867,69.836865],[168.35791,70.015674],[169.420703,69.856055],[169.200781,69.580469]]],[[[163.635156,58.603369],[163.431836,58.546143],[163.760938,59.015039],[164.572656,59.221143],[164.615723,58.885596],[163.635156,58.603369]]],[[[166.650293,54.839062],[166.645117,54.694092],[165.751074,55.294531],[166.275781,55.311963],[166.248047,55.16543],[166.650293,54.839062]]],[[[154.810449,49.312012],[154.612988,49.380615],[154.824902,49.646924],[154.810449,49.312012]]],[[[156.405078,50.657617],[156.167969,50.731885],[156.455859,50.85957],[156.405078,50.657617]]],[[[155.921094,50.302197],[155.397168,50.04126],[155.195117,50.264551],[155.680176,50.400732],[156.096875,50.771875],[155.921094,50.302197]]],[[[154.08125,48.790283],[154.042969,48.73877],[153.992285,48.77251],[154.126367,48.904443],[154.228418,48.89209],[154.08125,48.790283]]],[[[155.644824,50.821924],[155.553516,50.810596],[155.467383,50.913574],[155.639648,50.910498],[155.644824,50.821924]]],[[[153.101074,47.762939],[153.053809,47.706104],[152.984277,47.72793],[153.079199,47.80874],[153.101074,47.762939]]],[[[152.002051,46.897168],[151.715332,46.852686],[152.288867,47.142187],[152.002051,46.897168]]],[[[149.687695,45.642041],[149.44707,45.593359],[149.665918,45.839795],[150.553125,46.208545],[149.687695,45.642041]]],[[[148.599512,45.317627],[147.657813,44.977148],[146.897461,44.404297],[147.924023,45.383301],[148.324219,45.282422],[148.812207,45.51001],[148.837109,45.362695],[148.599512,45.317627]]],[[[146.713965,43.743799],[146.608594,43.740479],[146.621973,43.812988],[146.824609,43.860498],[146.899023,43.80415],[146.713965,43.743799]]],[[[146.207617,44.497656],[146.516211,44.374658],[145.914062,44.103711],[145.555859,43.6646],[145.439258,43.737061],[146.207617,44.497656]]],[[[113.387207,74.400439],[112.782422,74.095068],[111.503418,74.353076],[111.879785,74.363818],[112.084473,74.548975],[113.387207,74.400439]]],[[[76.248926,79.651074],[77.588965,79.501904],[76.649512,79.493408],[76.153711,79.57876],[76.051562,79.644727],[76.248926,79.651074]]],[[[80.02666,80.848145],[78.977637,80.848242],[79.806641,80.975391],[80.42793,80.927686],[80.02666,80.848145]]],[[[70.673926,73.09502],[69.920117,73.084521],[69.995898,73.359375],[70.35,73.477637],[71.023242,73.504199],[71.630469,73.224805],[70.673926,73.09502]]],[[[77.63252,72.29126],[76.871094,72.317041],[77.578711,72.630859],[78.365137,72.482422],[77.63252,72.29126]]],[[[79.501465,72.721924],[78.633203,72.850732],[79.164258,73.094336],[79.541309,72.918652],[79.501465,72.721924]]],[[[82.172363,75.419385],[81.978516,75.247119],[81.500586,75.36792],[82.021875,75.513477],[82.172363,75.419385]]],[[[60.450488,69.934863],[60.440234,69.725928],[59.724609,69.706201],[59.502637,69.866211],[58.952734,69.892773],[58.473047,70.266846],[59.048047,70.460498],[60.450488,69.934863]]],[[[20.957813,55.278906],[20.594824,54.982373],[20.8875,54.909473],[21.188867,54.935205],[21.235742,55.264111],[22.567285,55.059131],[22.824707,54.871289],[22.684473,54.562939],[22.766211,54.356787],[19.604395,54.45918],[19.974512,54.921191],[20.520313,54.994873],[20.957813,55.278906]]],[[[33.594141,46.09624],[33.806667,46.208288],[34.686878,45.97695],[35.45752,45.316309],[36.575,45.393555],[36.393359,45.065381],[35.472559,45.098486],[35.087695,44.802637],[34.716895,44.807129],[34.074414,44.423828],[33.755664,44.398926],[33.450684,44.553662],[33.555176,45.097656],[32.508008,45.403809],[33.664844,45.94707],[33.594141,46.09624]]]]}},{"type":"Feature","properties":{"sigla":"ROU","nome":"Rom\u00eania"},"geometry":{"type":"Polygon","coordinates":[[[28.2125,45.450439],[28.760742,45.234131],[29.403711,45.419678],[29.705859,45.259912],[29.55752,44.843408],[29.048242,44.757568],[29.095313,44.975049],[28.891504,44.918652],[28.585352,43.742236],[27.086914,44.167383],[26.21582,44.007275],[25.49707,43.670801],[22.919043,43.834473],[23.028516,44.077979],[22.494531,44.435449],[22.720898,44.605518],[22.497656,44.70625],[22.093066,44.541943],[21.360059,44.82666],[21.532324,44.900684],[21.35293,45.008984],[21.490234,45.1479],[20.794043,45.467871],[20.775,45.749805],[20.241797,46.108594],[21.12168,46.282422],[21.999707,47.505029],[23.139453,48.087402],[24.578906,47.931055],[24.893359,47.717773],[26.162695,47.992529],[26.305664,48.20376],[26.71377,48.263477],[26.980762,48.155029],[28.071777,46.978418],[28.239453,46.64082],[28.074707,45.598975],[28.2125,45.450439]]]}},{"type":"Feature","properties":{"sigla":"PRT","nome":"Portugal"},"geometry":{"type":"MultiPolygon","coordinates":[[[[-17.190869,32.868604],[-16.693262,32.758008],[-17.018262,32.662793],[-17.190869,32.868604]]],[[[-8.777148,41.941064],[-8.266064,42.137402],[-8.15249,41.811963],[-6.618262,41.942383],[-6.542187,41.67251],[-6.2125,41.532031],[-6.928467,41.009131],[-6.810156,40.343115],[-7.032617,40.16792],[-6.896094,40.021826],[-6.975391,39.798389],[-7.535693,39.661572],[-6.997949,39.056445],[-7.343018,38.457422],[-6.957568,38.187891],[-7.443945,37.728271],[-7.406152,37.179443],[-7.834131,37.005713],[-8.997803,37.032275],[-8.81416,37.430811],[-8.881104,38.44668],[-8.668311,38.424316],[-9.213281,38.448096],[-9.250391,38.656738],[-8.791602,39.078174],[-9.135791,38.742773],[-9.474121,38.730859],[-9.374756,39.338281],[-8.837842,40.115674],[-8.684619,40.752539],[-8.75542,41.698389],[-8.887598,41.7646],[-8.777148,41.941064]]],[[[-25.027344,36.959961],[-25.159912,36.943359],[-25.198389,36.996533],[-25.08291,37.024023],[-25.027344,36.959961]]],[[[-31.137109,39.406934],[-31.181348,39.358936],[-31.282959,39.394092],[-31.26084,39.496777],[-31.199854,39.52085],[-31.138623,39.479443],[-31.137109,39.406934]]],[[[-27.075244,38.643457],[-27.385937,38.76582],[-27.127002,38.789844],[-27.075244,38.643457]]],[[[-27.778467,38.555615],[-28.092334,38.620557],[-28.310645,38.743896],[-27.778467,38.555615]]],[[[-28.641309,38.525],[-28.743848,38.522363],[-28.842041,38.598437],[-28.697754,38.638477],[-28.605811,38.550732],[-28.641309,38.525]]],[[[-28.147266,38.452686],[-28.064795,38.412744],[-28.454492,38.408643],[-28.548828,38.518555],[-28.402148,38.553369],[-28.147266,38.452686]]],[[[-25.648975,37.840918],[-25.181934,37.837891],[-25.439014,37.715332],[-25.734473,37.762891],[-25.845898,37.894043],[-25.648975,37.840918]]]]}},{"type":"Feature","properties":{"sigla":"POL","nome":"Pol\u00f4nia"},"geometry":{"type":"Polygon","coordinates":[[[23.605273,51.51792],[24.095801,50.872754],[23.978418,50.785596],[24.089941,50.530469],[22.706152,49.606201],[22.809766,49.020752],[21.639648,49.411963],[20.362988,49.385254],[20.057617,49.181299],[19.756641,49.204395],[19.773926,49.372168],[19.441602,49.597705],[18.968359,49.39624],[18.562402,49.879346],[17.627051,50.116406],[17.702246,50.307178],[16.880078,50.427051],[16.989648,50.236914],[16.63916,50.102148],[16.210352,50.42373],[16.419727,50.573633],[16.282227,50.655615],[16.007227,50.611621],[14.99375,51.014355],[14.809375,50.858984],[15.016602,51.252734],[14.60166,51.832373],[14.752539,52.081836],[14.55459,52.359668],[14.619434,52.528516],[14.128613,52.878223],[14.410938,53.199023],[14.258887,53.729639],[14.583496,53.639355],[14.558398,53.823193],[14.198242,53.919043],[18.085645,54.83584],[18.759277,54.68457],[18.43623,54.744727],[18.669629,54.430908],[18.97627,54.348926],[19.604395,54.45918],[22.893945,54.390527],[23.453613,54.143457],[23.887109,53.027539],[23.90127,52.703613],[23.175098,52.286621],[23.652441,52.040381],[23.605273,51.51792]]]}},{"type":"Feature","properties":{"sigla":"NOR","nome":"Noruega"},"geometry":{"type":"MultiPolygon","coordinates":[[[[20.622168,69.036865],[20.116699,69.020898],[20.348047,68.84873],[19.968848,68.542041],[20.240039,68.477539],[19.969824,68.356396],[18.303027,68.55542],[18.162598,68.528418],[18.17666,68.200635],[17.916699,67.964893],[17.324609,68.103809],[16.783594,67.89502],[16.574121,67.61958],[16.127441,67.42583],[16.403516,67.05498],[15.422949,66.489844],[15.483789,66.305957],[14.543262,66.129346],[14.63457,65.793262],[14.479688,65.301465],[13.650293,64.581543],[14.077637,64.464014],[14.063281,64.095508],[12.792773,64],[12.175195,63.595947],[11.999902,63.291699],[12.218164,63.000635],[12.114551,62.591895],[12.303516,62.285596],[12.155371,61.720752],[12.880762,61.352295],[12.706055,61.059863],[12.294141,61.002686],[12.588672,60.450732],[12.486133,60.106787],[11.680762,59.592285],[11.798145,59.289893],[11.642773,58.926074],[10.834473,59.183936],[10.595313,59.764551],[10.179395,59.009277],[9.842578,58.958496],[9.557227,59.112695],[9.656934,58.971191],[8.166113,58.145313],[7.004883,58.024219],[6.877051,58.150732],[6.590527,58.097314],[6.659863,58.262744],[6.054688,58.375146],[5.517285,58.726514],[5.612207,59.012891],[6.099023,58.870264],[6.363281,59.000928],[6.099414,58.951953],[5.88916,59.097949],[5.951855,59.299072],[6.403906,59.560986],[5.362305,59.166357],[5.131641,59.226465],[5.304883,59.642578],[6.216602,59.818359],[5.730469,59.863086],[6.140527,60.233496],[6.518066,60.407568],[6.526855,60.15293],[6.995703,60.511963],[6.15332,60.34624],[5.145801,59.638818],[5.205664,60.087939],[5.688574,60.123193],[5.28584,60.205713],[5.137109,60.445605],[5.64834,60.687988],[5.11582,60.635986],[5.008594,61.038184],[6.777832,61.142432],[7.038672,60.95293],[7.040137,61.091162],[7.604492,61.210547],[7.346582,61.300586],[7.442578,61.434619],[7.173535,61.165967],[6.599902,61.289648],[6.383496,61.133887],[5.106738,61.187549],[5.002734,61.433594],[5.338672,61.485498],[4.927832,61.710693],[4.930078,61.87832],[6.730762,61.869775],[5.266895,61.935596],[5.096484,62.02666],[5.143164,62.159912],[5.908301,62.416016],[6.580078,62.407275],[6.136133,62.407471],[6.35293,62.611133],[7.570117,62.548193],[7.690723,62.585596],[7.538379,62.67207],[8.095508,62.731836],[6.734961,62.720703],[6.94043,62.930469],[7.571875,63.099512],[8.100586,63.090967],[8.623145,62.84624],[8.158008,63.161523],[8.635547,63.342334],[8.360742,63.498877],[8.576172,63.601172],[9.13584,63.593652],[9.156055,63.459326],[9.696875,63.624561],[10.020996,63.39082],[10.760156,63.461279],[10.725293,63.625],[11.370703,63.804834],[11.175586,63.898877],[11.457617,64.002979],[11.306641,64.048877],[10.914258,63.921094],[11.047266,63.845215],[10.934863,63.770215],[10.055078,63.512695],[9.567285,63.706152],[9.614746,63.794824],[10.565625,64.418311],[11.63291,64.813916],[11.296777,64.754785],[11.489355,64.97583],[12.159668,65.178955],[12.508398,65.099414],[12.915527,65.339258],[12.417578,65.184082],[12.133887,65.27915],[12.688867,65.902197],[13.033105,65.95625],[12.783789,66.100439],[14.03418,66.297559],[13.118848,66.230664],[13.211426,66.64082],[13.959473,66.794336],[13.651563,66.90708],[14.108789,67.119238],[15.415723,67.202441],[14.441699,67.271387],[14.961914,67.574268],[15.594434,67.348535],[15.691504,67.521387],[15.24873,67.602148],[15.303906,67.765283],[14.781348,67.674902],[14.798926,67.809326],[15.134277,67.972705],[15.621387,67.948291],[15.292871,68.036475],[16.00791,68.228711],[16.312305,67.881445],[16.391992,68.091602],[16.203809,68.316748],[17.552832,68.42627],[16.514355,68.532568],[18.101465,69.156299],[18.259766,69.470605],[18.858984,69.314453],[18.614453,69.490576],[19.687012,69.804736],[19.641504,69.424023],[19.960547,69.824609],[20.324219,69.945312],[20.338184,69.61665],[20.107227,69.341211],[20.739453,69.520508],[20.532715,69.692334],[20.62207,69.913916],[21.43291,70.013184],[21.974707,69.83457],[21.802734,70.066064],[21.355762,70.233398],[22.68457,70.374756],[23.353906,69.983398],[23.379395,70.247461],[24.038477,70.485352],[24.42002,70.702002],[24.263477,70.826318],[24.764746,71.008447],[25.781445,70.816797],[25.273535,70.552393],[25.043848,70.109033],[26.506934,70.912793],[26.733984,70.853564],[26.558203,70.669141],[26.585059,70.41001],[26.989355,70.511377],[27.183691,70.744043],[27.546484,70.804004],[27.235254,70.947217],[27.59707,71.091309],[28.392285,70.975293],[27.898047,70.67793],[28.271777,70.667969],[28.192969,70.248584],[28.831543,70.863965],[30.065137,70.702979],[30.213184,70.543311],[30.926367,70.401123],[30.944141,70.274414],[30.262988,70.124707],[28.781152,70.14541],[29.601367,69.976758],[29.694629,69.74458],[30.869727,69.783447],[30.89668,69.56123],[30.159766,69.629883],[30.087305,69.432861],[29.388281,69.298145],[28.96582,69.021973],[28.846289,69.176904],[29.333398,69.472998],[29.141602,69.671436],[27.747852,70.064844],[26.525391,69.915039],[26.072461,69.691553],[25.767188,69.282666],[25.74834,68.990137],[24.941406,68.593262],[23.854004,68.805908],[23.324023,68.648975],[22.410938,68.719873],[21.59375,69.273584],[21.066113,69.214111],[21.065723,69.041748],[20.622168,69.036865]]],[[[4.958691,61.08457],[4.799023,61.082715],[4.824414,61.178223],[4.91543,61.199365],[4.973242,61.148242],[4.958691,61.08457]]],[[[5.08584,60.307568],[4.996973,60.197754],[4.957227,60.447266],[5.08584,60.307568]]],[[[29.956152,69.796777],[29.744238,69.791602],[29.83584,69.905566],[29.956152,69.796777]]],[[[11.967969,65.626514],[11.901855,65.595703],[11.765137,65.630957],[11.875391,65.705908],[12.003223,65.679443],[11.967969,65.626514]]],[[[8.470801,63.667139],[8.287109,63.687158],[8.733398,63.801318],[8.80918,63.771436],[8.786523,63.703467],[8.470801,63.667139]]],[[[8.102734,63.337598],[7.804004,63.413916],[8.073535,63.470801],[8.102734,63.337598]]],[[[23.440527,70.815771],[22.829102,70.541553],[21.994531,70.657129],[23.440527,70.815771]]],[[[25.586328,71.14209],[26.146875,71.039502],[25.314941,71.034131],[25.586328,71.14209]]],[[[23.615332,70.549316],[23.270703,70.296484],[22.917871,70.384668],[23.615332,70.549316]]],[[[24.017578,70.567383],[23.663281,70.675244],[23.956445,70.699609],[24.017578,70.567383]]],[[[13.872852,68.265332],[14.118848,68.246826],[13.229395,67.995361],[13.300195,68.160449],[13.872852,68.265332]]],[[[12.971777,67.874121],[12.824023,67.82124],[12.957715,68.015479],[13.122852,68.049414],[12.971777,67.874121]]],[[[15.207129,68.943115],[15.396582,68.783594],[15.22207,68.616309],[14.373438,68.711426],[15.037793,69.000537],[15.207129,68.943115]]],[[[19.76748,70.216699],[20.088477,70.102051],[19.780859,70.077441],[19.599023,70.266162],[19.76748,70.216699]]],[[[20.779199,70.089746],[20.405078,70.119141],[20.654883,70.230859],[20.819434,70.205469],[20.779199,70.089746]]],[[[19.255078,70.066406],[19.592285,69.970166],[18.784766,69.579004],[18.061523,69.6021],[18.674023,69.781641],[19.132715,70.244141],[19.255078,70.066406]]],[[[12.50957,65.901953],[12.429492,65.899072],[12.430176,65.939941],[12.548828,66.001904],[12.778809,65.991699],[12.50957,65.901953]]],[[[12.419922,66.043262],[12.327344,66.036621],[12.461328,66.18501],[12.620801,66.17793],[12.576367,66.071924],[12.419922,66.043262]]],[[[11.231445,64.865869],[10.739844,64.870312],[11.020996,64.978711],[11.231445,64.865869]]],[[[17.503027,69.59624],[18.004102,69.50498],[17.950684,69.198145],[16.810449,69.070703],[17.001758,69.361914],[17.36084,69.381494],[17.229883,69.477686],[17.503027,69.59624]]],[[[15.760352,68.56123],[16.150586,68.842383],[16.425195,68.841553],[16.519238,68.633008],[15.975293,68.40249],[14.25752,68.190771],[15.412598,68.61582],[15.564258,68.87373],[15.483008,69.043457],[15.892676,69.277881],[16.129492,69.273926],[15.811719,69.024219],[15.92793,68.733203],[15.760352,68.56123]]],[[[-8.953564,70.83916],[-8.343701,71.140137],[-7.978809,71.116895],[-8.953564,70.83916]]],[[[19.219336,74.391016],[18.797461,74.485693],[19.18291,74.51792],[19.219336,74.391016]]],[[[26.875977,78.648926],[26.45957,78.720264],[26.407715,78.784326],[26.585938,78.811475],[26.78877,78.723975],[27.007617,78.69751],[26.875977,78.648926]]],[[[32.525977,80.119141],[31.481934,80.10791],[33.098633,80.228711],[33.629297,80.217432],[32.525977,80.119141]]],[[[21.608105,78.595703],[22.043164,78.576953],[22.299512,78.228174],[23.451953,78.149463],[23.116699,77.991504],[24.901855,77.756592],[22.801758,77.275781],[22.426953,77.315918],[22.685352,77.553516],[20.928125,77.459668],[20.873145,77.565332],[21.653125,77.923535],[20.22793,78.477832],[21.608105,78.595703]]],[[[20.897852,80.249951],[22.289746,80.049219],[22.450781,80.402246],[23.008008,80.473975],[23.31543,80.425244],[23.114551,80.186963],[24.402637,80.355176],[26.86084,80.16001],[27.198633,79.906592],[25.641211,79.403027],[23.947754,79.194287],[22.903711,79.230664],[22.695703,79.329053],[22.865527,79.411865],[20.861133,79.397852],[19.674609,79.591162],[20.784082,79.748584],[18.324707,79.859717],[18.855957,80.036621],[17.916895,80.143115],[19.343359,80.116406],[19.537109,80.163232],[19.17832,80.331543],[19.751074,80.227197],[19.810352,80.326807],[19.614355,80.462549],[20.897852,80.249951]]],[[[16.786719,79.906738],[17.83457,79.800049],[17.956152,79.704248],[17.66875,79.385937],[18.397363,79.605176],[18.815234,79.42666],[18.677832,79.261719],[19.893555,79.056201],[20.611035,79.106641],[20.767188,79.059131],[20.500684,78.981396],[21.38877,78.74043],[19.676758,78.60957],[19.150488,78.379395],[18.995117,78.081494],[18.439258,78.025049],[18.22793,77.522607],[17.62334,77.399365],[17.152539,77.048926],[17.249023,76.969189],[16.97666,76.811621],[17.062695,76.658984],[16.700488,76.579297],[14.36582,77.234473],[13.995703,77.508203],[17.033301,77.797705],[16.914062,77.897998],[14.089941,77.771387],[13.680566,78.028125],[17.171973,78.417139],[16.448633,78.503564],[16.782617,78.663623],[15.417383,78.473242],[15.254199,78.589062],[15.38418,78.771191],[15.016309,78.630127],[14.689258,78.720947],[14.467188,78.675391],[14.431836,78.49248],[14.638281,78.4146],[13.150195,78.2375],[11.36543,78.950391],[12.40332,78.953223],[11.981836,79.025293],[11.892773,79.152344],[12.083984,79.267529],[11.97832,79.292676],[11.208105,79.129639],[10.737598,79.520166],[10.682129,79.758252],[13.692871,79.860986],[13.91416,79.816943],[13.777539,79.715283],[12.555371,79.569482],[13.333789,79.574805],[13.957227,79.339648],[14.039844,79.585645],[14.831836,79.766406],[16.34375,78.976123],[15.825781,79.709033],[16.245703,80.049463],[16.786719,79.906738]]],[[[11.250293,78.610693],[12.116406,78.232568],[11.121289,78.463281],[10.558203,78.90293],[10.96084,78.846387],[11.250293,78.610693]]],[[[18.741602,80.300928],[18.525,80.245605],[18.162207,80.288184],[18.291699,80.35835],[18.741602,80.300928]]],[[[29.04707,78.912061],[29.69668,78.904736],[29.310547,78.8521],[28.494531,78.887207],[28.037891,78.828711],[27.889063,78.852148],[28.511133,78.967334],[28.845215,78.97085],[29.04707,78.912061]]]]}},{"type":"Feature","properties":{"sigla":"NLD","nome":"Pa\u00edses Baixos"},"geometry":{"type":"MultiPolygon","coordinates":[[[[5.993945,50.750439],[5.639453,50.843604],[5.796484,51.153076],[5.21416,51.278955],[5.030957,51.469092],[4.37373,51.356006],[3.448926,51.540771],[4.274121,51.471631],[4.004785,51.59585],[4.182617,51.610303],[3.946875,51.810547],[4.482813,52.30918],[4.76875,52.941309],[5.873535,53.375195],[6.816211,53.441162],[7.197266,53.282275],[7.033008,52.651367],[6.691602,52.530176],[7.001855,52.418994],[7.019629,52.266016],[6.724512,52.080225],[6.741797,51.910889],[5.94873,51.802686],[6.198828,51.45],[6.12998,51.147412],[5.85752,51.030127],[6.048438,50.904883],[5.993945,50.750439]]],[[[4.226172,51.386475],[3.902051,51.207666],[3.43252,51.245752],[3.350098,51.377686],[4.226172,51.386475]]],[[[6.333398,53.510742],[6.193262,53.476807],[6.159277,53.483936],[6.333398,53.510742]]],[[[5.929297,53.458838],[5.732031,53.442627],[5.654297,53.466504],[5.929297,53.458838]]],[[[5.108594,53.308008],[4.90791,53.24624],[5.027051,53.310205],[5.108594,53.308008]]],[[[5.325781,53.385742],[5.190234,53.391797],[5.582617,53.438086],[5.325781,53.385742]]],[[[4.886133,53.070703],[4.70918,53.036035],[4.886426,53.183301],[4.886133,53.070703]]],[[[3.949121,51.739453],[4.075098,51.648779],[3.950977,51.627051],[3.699023,51.709912],[3.949121,51.739453]]],[[[6.734766,53.58252],[6.64209,53.579199],[6.800879,53.625488],[6.734766,53.58252]]],[[[-68.205811,12.14458],[-68.254346,12.03208],[-68.369238,12.301953],[-68.205811,12.14458]]],[[[-62.9375,17.495654],[-62.983105,17.476904],[-62.999609,17.530371],[-62.9375,17.495654]]],[[[-63.232666,17.623145],[-63.254492,17.628662],[-63.24165,17.651807],[-63.232666,17.623145]]]]}},{"type":"Feature","properties":{"sigla":"MNE","nome":"Montenegro"},"geometry":{"type":"Polygon","coordinates":[[[19.194336,43.533301],[20.347656,42.852783],[20.054297,42.760059],[19.939063,42.506689],[19.654492,42.628564],[19.280664,42.172559],[19.342383,41.869092],[18.438086,42.522949],[18.545898,42.641602],[18.460156,42.9979],[18.851074,43.346338],[19.02666,43.292432],[18.950684,43.52666],[19.194336,43.533301]]]}},{"type":"Feature","properties":{"sigla":"MDA","nome":"Mold\u00e1via"},"geometry":{"type":"Polygon","coordinates":[[[26.618945,48.259863],[27.549219,48.477734],[29.125391,47.964551],[29.134863,47.489697],[29.53916,47.270996],[29.571973,46.964014],[29.877832,46.828906],[29.924316,46.538867],[30.131055,46.423096],[28.958398,46.458496],[28.947754,46.049951],[28.491602,45.665771],[28.499023,45.517725],[28.2125,45.450439],[28.074707,45.598975],[28.239453,46.64082],[28.071777,46.978418],[26.980762,48.155029],[26.618945,48.259863]]]}},{"type":"Feature","properties":{"sigla":"MCO","nome":"M\u00f4naco"},"geometry":{"type":"Polygon","coordinates":[[[7.438672,43.750439],[7.377734,43.731738],[7.39502,43.765332],[7.438672,43.750439]]]}},{"type":"Feature","properties":{"sigla":"MLT","nome":"Malta"},"geometry":{"type":"MultiPolygon","coordinates":[[[[14.566211,35.852734],[14.436426,35.82168],[14.352344,35.872266],[14.35127,35.978418],[14.44834,35.957422],[14.566211,35.852734]]],[[[14.313477,36.027588],[14.180371,36.0604],[14.263281,36.075781],[14.313477,36.027588]]]]}},{"type":"Feature","properties":{"sigla":"MKD","nome":"Maced\u00f4nia do Norte"},"geometry":{"type":"Polygon","coordinates":[[[21.5625,42.24751],[22.239746,42.358154],[22.796094,42.025684],[23.003613,41.739844],[22.929688,41.356104],[22.603613,41.140186],[21.993359,41.130957],[21.575781,40.868945],[20.74082,40.905273],[20.488965,41.272607],[20.553125,41.862354],[20.725,41.873535],[20.778125,42.071045],[21.5625,42.24751]]]}},{"type":"Feature","properties":{"sigla":"LUX","nome":"Luxemburgo"},"geometry":{"type":"Polygon","coordinates":[[[6.116504,50.120996],[6.487305,49.798486],[6.344336,49.452734],[5.789746,49.538281],[5.880371,49.644775],[5.744043,49.919629],[5.97627,50.167187],[6.116504,50.120996]]]}},{"type":"Feature","properties":{"sigla":"LTU","nome":"Litu\u00e2nia"},"geometry":{"type":"MultiPolygon","coordinates":[[[[20.957813,55.278906],[20.899805,55.28667],[21.014063,55.401953],[21.114844,55.616504],[21.103906,55.487744],[20.957813,55.278906]]],[[[22.766211,54.356787],[22.684473,54.562939],[22.824707,54.871289],[22.567285,55.059131],[21.235742,55.264111],[21.046094,56.070068],[21.653516,56.314551],[22.875586,56.396436],[24.120703,56.264258],[24.841016,56.411182],[25.069922,56.200391],[25.663184,56.104834],[26.593555,55.667529],[26.457617,55.34248],[26.775684,55.273096],[25.859277,54.919287],[25.547363,54.331836],[25.748145,54.259668],[25.680566,54.140479],[25.461133,54.292773],[24.869531,54.145166],[24.768164,53.974658],[23.559082,53.919824],[23.370117,54.200488],[22.766211,54.356787]]]]}},{"type":"Feature","properties":{"sigla":"LIE","nome":"Liechtenstein"},"geometry":{"type":"Polygon","coordinates":[[[9.580273,47.057373],[9.487695,47.062256],[9.527539,47.270752],[9.610547,47.107129],[9.580273,47.057373]]]}},{"type":"Feature","properties":{"sigla":"LVA","nome":"Let\u00f4nia"},"geometry":{"type":"Polygon","coordinates":[[[26.593555,55.667529],[25.663184,56.104834],[25.069922,56.200391],[24.841016,56.411182],[24.120703,56.264258],[22.08457,56.406738],[21.046094,56.070068],[21.031445,56.636572],[21.728711,57.570996],[22.55459,57.724268],[23.287305,57.089746],[23.647754,56.971045],[24.382617,57.250049],[24.322559,57.870605],[25.340039,58.039453],[26.462109,57.544482],[27.469727,57.524023],[27.828613,57.293311],[27.639453,56.845654],[27.848633,56.853418],[28.103125,56.545703],[28.147949,56.14292],[27.576758,55.798779],[27.052539,55.830566],[26.593555,55.667529]]]}},{"type":"Feature","properties":{"sigla":"KOS","nome":"Kosovo"},"geometry":{"type":"Polygon","coordinates":[[[20.344336,42.82793],[20.800586,43.261084],[21.390625,42.751416],[21.752148,42.651514],[21.5625,42.24751],[20.778125,42.071045],[20.578516,41.866211],[20.485449,42.223389],[20.063965,42.547266],[20.054297,42.760059],[20.344336,42.82793]]]}},{"type":"Feature","properties":{"sigla":"ITA","nome":"It\u00e1lia"},"geometry":{"type":"MultiPolygon","coordinates":[[[[7.021094,45.925781],[7.787891,45.921826],[8.422559,46.446045],[8.458398,46.245898],[9.02373,45.845703],[9.304395,46.495557],[9.528711,46.306201],[9.939258,46.361816],[10.080566,46.227979],[10.087012,46.599902],[10.430664,46.550049],[10.452832,46.864941],[10.993262,46.777002],[11.244434,46.975684],[12.169434,47.082129],[12.388281,46.702637],[13.7,46.520264],[13.378223,46.261621],[13.63252,46.177051],[13.487695,45.987109],[13.874707,45.614844],[13.206348,45.771387],[12.274316,45.446045],[12.225684,45.241504],[12.523438,44.967969],[12.24834,44.72251],[12.396289,44.223877],[13.56416,43.571289],[14.010449,42.689551],[14.540723,42.244287],[15.16875,41.934033],[16.164648,41.896191],[15.900488,41.512061],[17.95498,40.655176],[18.460645,40.221045],[18.393457,39.903613],[18.07793,39.936963],[17.865039,40.280176],[16.928223,40.458057],[16.521875,39.747559],[17.114551,39.380615],[17.174609,38.998096],[16.616699,38.800146],[16.545605,38.409082],[16.056836,37.941846],[15.724512,37.939111],[15.643066,38.175391],[16.209961,38.941113],[15.692773,39.990186],[14.950879,40.239014],[14.765723,40.668408],[14.339941,40.598828],[14.460547,40.728711],[14.044336,40.812256],[13.733398,41.235645],[13.088672,41.243848],[11.637305,42.287549],[11.103223,42.416602],[11.167773,42.535156],[10.514844,42.967529],[10.245801,43.8521],[10.047656,44.019971],[8.76582,44.422314],[8.00498,43.876758],[7.493164,43.767139],[7.637207,44.164844],[6.900195,44.335742],[6.992676,44.827295],[6.634766,45.068164],[7.146387,45.381738],[6.790918,45.740869],[7.021094,45.925781]],[[12.43916,41.898389],[12.438379,41.906201],[12.427539,41.900732],[12.43916,41.898389]],[[12.485254,43.901416],[12.503711,43.989746],[12.396875,43.93457],[12.485254,43.901416]]],[[[10.395117,42.858154],[10.419336,42.713184],[10.109766,42.785059],[10.395117,42.858154]]],[[[13.938281,40.705615],[13.867676,40.70874],[13.871191,40.761816],[13.962109,40.739404],[13.938281,40.705615]]],[[[12.05127,36.757031],[11.940625,36.780371],[11.936426,36.828613],[12.024219,36.820947],[12.05127,36.757031]]],[[[15.576563,38.220312],[15.099512,37.458594],[15.295703,37.055176],[15.112598,36.687842],[14.501855,36.798682],[14.259082,37.046436],[12.640234,37.594336],[12.435547,37.819775],[12.734375,38.183057],[12.902734,38.034863],[13.291113,38.191455],[13.788867,37.981201],[15.576563,38.220312]]],[[[9.632031,40.882031],[9.805273,40.499561],[9.642969,40.268408],[9.5625,39.166016],[9.056348,39.23916],[8.966602,38.963721],[8.648535,38.926562],[8.418164,39.205713],[8.547754,39.839209],[8.407813,39.917236],[8.471289,40.292676],[8.189941,40.651611],[8.224219,40.91333],[8.571875,40.850195],[9.228418,41.25708],[9.632031,40.882031]]],[[[8.478906,39.067529],[8.421484,38.968652],[8.358594,39.098779],[8.478906,39.067529]]],[[[8.286035,41.039844],[8.205664,40.997461],[8.320215,41.121875],[8.286035,41.039844]]]]}},{"type":"Feature","properties":{"sigla":"IRL","nome":"Irlanda"},"geometry":{"type":"MultiPolygon","coordinates":[[[[-9.948193,53.913135],[-10.265723,53.977686],[-10.181055,54.016846],[-9.996387,54.003613],[-9.948193,53.913135]]],[[[-7.218652,55.091992],[-7.550391,54.767969],[-7.910596,54.69834],[-7.754395,54.594922],[-8.144824,54.453516],[-7.606543,54.143848],[-7.324512,54.133447],[-7.007715,54.406689],[-6.649805,54.058643],[-6.175732,54.053516],[-6.347607,53.941309],[-6.027393,52.9271],[-6.463184,52.345361],[-6.325,52.24668],[-6.965771,52.249512],[-8.057812,51.825586],[-8.40918,51.88877],[-8.407812,51.712061],[-9.296484,51.498242],[-9.835352,51.48335],[-9.579834,51.689258],[-10.120752,51.600684],[-9.598828,51.874414],[-10.341064,51.798926],[-9.909668,52.122949],[-10.356689,52.206934],[-9.772119,52.250098],[-9.906055,52.403711],[-9.632227,52.546924],[-8.783447,52.679639],[-9.916602,52.569727],[-9.464893,52.823193],[-9.299219,53.097559],[-8.930127,53.20708],[-10.09126,53.412842],[-10.116992,53.548535],[-9.720654,53.604492],[-9.901611,53.727197],[-9.578223,53.80542],[-9.914062,53.863721],[-9.856445,54.095361],[-10.092676,54.155762],[-10.056396,54.257812],[-8.545557,54.241211],[-8.623145,54.346875],[-8.133447,54.64082],[-8.763916,54.681201],[-8.377295,54.889453],[-8.274609,55.146289],[-7.66709,55.256494],[-7.556641,55.122217],[-7.65874,54.970947],[-7.365967,55.360205],[-6.96167,55.237891],[-7.218652,55.091992]]]]}},{"type":"Feature","properties":{"sigla":"ISL","nome":"Isl\u00e2ndia"},"geometry":{"type":"Polygon","coordinates":[[[-15.543115,66.228516],[-14.59585,66.381543],[-15.116406,66.102441],[-14.698193,66.020215],[-14.8271,65.764258],[-14.391846,65.787402],[-14.318164,65.684473],[-14.473389,65.575342],[-13.617871,65.519336],[-13.804785,65.354785],[-13.569678,65.068115],[-14.044434,64.741895],[-14.385107,64.745215],[-14.628223,64.415967],[-18.653613,63.406689],[-20.198145,63.555811],[-20.494043,63.687354],[-20.413965,63.805176],[-20.650928,63.737402],[-21.105957,63.939844],[-22.652197,63.827734],[-22.701172,64.083203],[-22.187598,64.039209],[-21.46333,64.37915],[-22.053369,64.313916],[-21.950342,64.51499],[-21.590625,64.626367],[-22.106006,64.533057],[-22.467041,64.794971],[-23.818994,64.73916],[-24.026172,64.863428],[-21.892139,65.048779],[-21.763721,65.17373],[-22.509082,65.196777],[-21.844385,65.447363],[-22.90249,65.580469],[-23.899902,65.407568],[-24.475684,65.525195],[-23.856738,65.538379],[-24.092627,65.776465],[-23.285352,65.75],[-23.832617,65.849219],[-23.524951,65.880029],[-23.777344,66.017578],[-23.434473,66.024219],[-23.598535,66.108838],[-23.452539,66.181006],[-22.441699,65.908301],[-22.445312,66.07002],[-22.9479,66.212744],[-22.484424,66.266309],[-23.116943,66.338721],[-22.889209,66.440625],[-22.426123,66.430127],[-21.406885,66.025586],[-21.51665,65.967578],[-21.308789,65.895313],[-21.374902,65.741895],[-21.658447,65.723584],[-21.129687,65.266602],[-20.804346,65.636426],[-20.454834,65.571045],[-20.356592,66.033252],[-20.20752,66.100098],[-19.489697,65.768066],[-19.382959,66.075684],[-18.845898,66.183936],[-18.141943,65.734082],[-18.297168,66.157422],[-17.550439,65.964404],[-17.153027,66.202832],[-16.48501,66.195947],[-16.540674,66.446729],[-16.249316,66.5229],[-15.543115,66.228516]]]}},{"type":"Feature","properties":{"sigla":"HUN","nome":"Hungria"},"geometry":{"type":"Polygon","coordinates":[[[22.131836,48.405322],[22.87666,47.947266],[21.999707,47.505029],[21.039844,46.242236],[19.613477,46.169189],[18.437305,45.767334],[17.963867,45.770264],[17.310645,45.996143],[16.516211,46.499902],[16.283594,46.857275],[16.093066,46.863281],[16.453418,47.006787],[16.442871,47.399512],[16.676563,47.536035],[16.421289,47.674463],[17.066602,47.707568],[17.147363,48.005957],[17.761914,47.770166],[18.724219,47.787158],[18.791895,48.000293],[19.625391,48.223096],[19.950391,48.146631],[20.490039,48.526904],[22.131836,48.405322]]]}},{"type":"Feature","properties":{"sigla":"GRC","nome":"Gr\u00e9cia"},"geometry":{"type":"MultiPolygon","coordinates":[[[[27.860156,36.553906],[27.785742,36.60752],[27.8625,36.641162],[27.860156,36.553906]]],[[[20.612305,38.38335],[20.761328,38.070557],[20.352539,38.179883],[20.563184,38.474951],[20.612305,38.38335]]],[[[20.888477,37.805371],[20.993945,37.708008],[20.818555,37.664746],[20.619531,37.855029],[20.888477,37.805371]]],[[[20.686719,38.608691],[20.554688,38.582568],[20.694141,38.844238],[20.686719,38.608691]]],[[[20.758691,38.329443],[20.709277,38.318604],[20.623633,38.480322],[20.70127,38.451416],[20.758691,38.329443]]],[[[20.07793,39.432715],[19.646484,39.76709],[19.926074,39.77373],[19.84668,39.668115],[20.07793,39.432715]]],[[[23.41543,38.958643],[24.127539,38.648486],[24.275781,38.22002],[24.578516,38.020166],[24.359473,38.018555],[24.040137,38.38999],[23.650781,38.443066],[23.252148,38.801221],[22.870313,38.870508],[23.41543,38.958643]]],[[[23.779785,39.114404],[23.666113,39.095361],[23.593945,39.208594],[23.779785,39.114404]]],[[[23.887988,39.158301],[23.841211,39.146582],[23.970898,39.267725],[23.887988,39.158301]]],[[[24.674707,38.809229],[24.541016,38.788672],[24.485645,38.980273],[24.674707,38.809229]]],[[[24.774219,40.615186],[24.516699,40.687207],[24.719141,40.786279],[24.774219,40.615186]]],[[[23.550977,37.925879],[23.419336,37.93125],[23.483691,37.991113],[23.550977,37.925879]]],[[[23.053809,36.189795],[22.91084,36.220996],[22.950488,36.383936],[23.053809,36.189795]]],[[[27.176074,35.465283],[27.070703,35.597754],[27.223145,35.820459],[27.176074,35.465283]]],[[[27.019727,36.959033],[26.919922,36.945215],[26.937695,37.024609],[26.888672,37.087256],[27.040137,37.001562],[27.019727,36.959033]]],[[[26.949609,36.7271],[26.918359,36.725928],[26.955566,36.774219],[27.214941,36.898633],[27.352148,36.868896],[26.949609,36.7271]]],[[[25.545898,36.967578],[25.361914,37.07041],[25.525293,37.196387],[25.545898,36.967578]]],[[[25.278906,37.068408],[25.199414,36.991309],[25.105469,37.034961],[25.235059,37.148535],[25.275293,37.137842],[25.278906,37.068408]]],[[[25.482422,36.392627],[25.435938,36.340088],[25.370508,36.358936],[25.408984,36.47373],[25.482422,36.392627]]],[[[25.381738,36.674023],[25.259961,36.758447],[25.295898,36.78916],[25.406934,36.717334],[25.381738,36.674023]]],[[[26.824414,37.811426],[27.055078,37.709277],[26.581055,37.72373],[26.824414,37.811426]]],[[[26.029297,37.529395],[25.982422,37.525586],[26.086328,37.634912],[26.351367,37.674316],[26.204883,37.568506],[26.029297,37.529395]]],[[[25.859375,36.79043],[25.743164,36.789746],[26.000684,36.937402],[26.064453,36.902734],[25.859375,36.79043]]],[[[26.460645,36.5854],[26.331445,36.511377],[26.27002,36.546924],[26.269824,36.59541],[26.337012,36.580566],[26.37002,36.638574],[26.460645,36.5854]]],[[[24.355957,37.576855],[24.288965,37.528271],[24.32041,37.677734],[24.379102,37.682715],[24.355957,37.576855]]],[[[24.435742,37.344434],[24.378906,37.314111],[24.369727,37.419629],[24.43125,37.475195],[24.481445,37.408008],[24.435742,37.344434]]],[[[24.535742,36.76377],[24.530664,36.683984],[24.325977,36.655615],[24.357422,36.744287],[24.425195,36.712939],[24.535742,36.76377]]],[[[24.942871,37.493506],[24.911523,37.390576],[24.906543,37.508887],[24.942871,37.493506]]],[[[24.991699,37.759619],[24.962207,37.692383],[24.714355,37.898877],[24.700195,37.96167],[24.79043,37.990137],[24.855078,37.913672],[24.956348,37.904785],[24.991699,37.759619]]],[[[25.255859,37.599609],[25.21875,37.535107],[25.156348,37.545068],[24.996484,37.676904],[25.255859,37.599609]]],[[[24.720898,36.921436],[24.681445,37.021631],[24.763184,36.949219],[24.720898,36.921436]]],[[[26.094043,38.218066],[25.891895,38.243311],[25.991406,38.353516],[25.846094,38.574023],[26.160352,38.540723],[26.094043,38.218066]]],[[[26.410156,39.329443],[26.547168,38.994141],[26.16084,39.025879],[26.273145,39.197559],[26.072363,39.095605],[25.844141,39.200049],[26.410156,39.329443]]],[[[25.685742,40.426562],[25.572656,40.400439],[25.448047,40.482812],[25.568555,40.515869],[25.685742,40.426562]]],[[[25.437695,39.983301],[25.357031,39.808105],[25.062207,39.852393],[25.058008,39.999658],[25.437695,39.983301]]],[[[25.402734,37.419141],[25.307129,37.412988],[25.312695,37.489307],[25.462988,37.471094],[25.402734,37.419141]]],[[[24.523535,37.125098],[24.424805,37.131982],[24.441211,37.186865],[24.529102,37.192334],[24.523535,37.125098]]],[[[27.842773,35.929297],[27.716309,36.171582],[28.231836,36.433643],[28.087793,36.065332],[27.842773,35.929297]]],[[[23.852246,35.535449],[24.166016,35.595215],[24.108984,35.495801],[24.354004,35.359473],[25.730176,35.348584],[25.791309,35.122852],[26.320215,35.315137],[26.165625,35.018604],[24.799805,34.934473],[24.463672,35.160352],[23.592773,35.257227],[23.569824,35.534766],[23.736914,35.655518],[23.852246,35.535449]]],[[[26.320898,41.716553],[26.581348,41.60127],[26.624902,41.401758],[26.330664,41.23877],[26.354102,40.99707],[26.10918,40.749658],[25.104492,40.994727],[23.762793,40.747803],[23.866797,40.418555],[24.343359,40.147705],[23.72793,40.329736],[23.94707,39.965576],[23.42627,40.263965],[23.674121,39.958887],[23.395605,39.989844],[23.312012,40.216455],[22.896484,40.399902],[22.922266,40.590869],[22.629492,40.495557],[22.592188,40.036914],[23.327734,39.174902],[23.154688,39.101465],[23.161719,39.257764],[22.921387,39.306348],[23.066699,39.037939],[22.569141,38.86748],[23.966992,38.275],[24.055371,37.709619],[23.501758,38.034863],[23.036328,37.878369],[23.489258,37.440186],[23.161523,37.333838],[22.725391,37.542139],[23.160156,36.448096],[22.717188,36.793945],[22.427734,36.475781],[22.080469,37.028955],[21.892383,36.737305],[21.738086,36.863232],[21.58291,37.080957],[21.678906,37.387207],[21.124707,37.891602],[21.403711,38.19668],[21.95332,38.321191],[22.920313,37.958301],[23.183496,38.133691],[22.42168,38.438525],[21.472559,38.321387],[21.331055,38.487305],[21.182617,38.345557],[20.768555,38.874414],[21.111621,38.896289],[21.118359,39.02998],[20.779688,39.008545],[20.300781,39.3271],[20.00127,39.709424],[20.248242,39.678369],[20.382422,39.802637],[20.311133,39.979443],[20.657422,40.117383],[21.030859,40.622461],[20.964258,40.849902],[21.575781,40.868945],[21.993359,41.130957],[22.493555,41.118506],[22.783887,41.331982],[24.056055,41.527246],[24.518262,41.552539],[25.251172,41.243555],[25.92334,41.311914],[26.135352,41.385742],[26.085547,41.70415],[26.320898,41.716553]]]]}},{"type":"Feature","properties":{"sigla":"DEU","nome":"Alemanha"},"geometry":{"type":"MultiPolygon","coordinates":[[[[9.524023,47.524219],[8.572656,47.775635],[8.430078,47.592139],[7.56543,47.606543],[7.616602,48.156787],[8.134863,48.973584],[6.735449,49.160596],[6.344336,49.452734],[6.487305,49.798486],[6.108301,50.094238],[6.340918,50.451758],[5.85752,51.030127],[6.12998,51.147412],[6.198828,51.45],[5.94873,51.802686],[6.741797,51.910889],[6.724512,52.080225],[7.019629,52.266016],[7.001855,52.418994],[6.691602,52.530176],[7.013184,52.633545],[7.179492,52.966211],[7.197266,53.282275],[7.05332,53.37583],[7.206445,53.654541],[8.009277,53.690723],[8.108496,53.467676],[8.333887,53.606201],[8.495215,53.394238],[8.618945,53.875],[9.205566,53.855957],[9.783984,53.554639],[8.978125,53.926221],[8.906641,54.260791],[8.644922,54.294971],[8.957227,54.53833],[8.670313,54.903418],[9.61582,54.85542],[10.022168,54.673926],[9.868652,54.472461],[11.013379,54.37915],[11.008594,54.181152],[10.810742,54.075146],[10.917773,53.995312],[11.399609,53.944629],[12.575391,54.467383],[13.724219,54.153223],[13.865527,53.853369],[14.258887,53.729639],[14.410938,53.199023],[14.128613,52.878223],[14.619434,52.528516],[14.55459,52.359668],[14.752539,52.081836],[14.60166,51.832373],[14.724707,51.523877],[14.935547,51.435352],[14.963867,51.095117],[14.766504,50.818311],[14.319727,51.037793],[14.369043,50.89873],[12.942676,50.406445],[12.549023,50.393408],[12.277344,50.181445],[12.089746,50.268555],[12.512012,49.895801],[12.390527,49.739648],[12.632031,49.46123],[13.769922,48.815967],[13.785352,48.587451],[13.486621,48.581836],[13.374609,48.361377],[12.760352,48.106982],[13.054102,47.655127],[13.014355,47.478076],[12.209277,47.718262],[11.041992,47.393115],[10.439453,47.551562],[10.183008,47.278809],[9.971582,47.505322],[9.524023,47.524219]]],[[[13.70918,54.382715],[13.364355,54.24585],[13.162109,54.364551],[13.17666,54.544238],[13.422754,54.699316],[13.70918,54.382715]]],[[[14.211426,53.950342],[13.925781,53.879053],[13.827734,54.127246],[14.211426,53.950342]]],[[[11.282813,54.417969],[11.011719,54.466162],[11.084961,54.533398],[11.233594,54.50127],[11.282813,54.417969]]],[[[8.307715,54.786963],[8.405176,55.05874],[8.379883,54.899854],[8.62959,54.891748],[8.307715,54.786963]]],[[[8.587891,54.712695],[8.400391,54.714111],[8.509961,54.760303],[8.587891,54.712695]]]]}},{"type":"Feature","properties":{"sigla":"FRA","nome":"Fran\u00e7a"},"geometry":{"type":"MultiPolygon","coordinates":[[[[9.480371,42.80542],[9.550684,42.129736],[9.186133,41.384912],[8.80752,41.588379],[8.886816,41.700684],[8.621875,41.930713],[8.565625,42.357715],[8.814844,42.60791],[9.313379,42.713184],[9.363184,43.017383],[9.480371,42.80542]]],[[[7.615625,47.592725],[6.968359,47.453223],[7.000586,47.32251],[6.45625,46.94834],[5.97002,46.214697],[6.199414,46.193066],[6.428906,46.430518],[6.776074,46.406641],[6.77207,46.165137],[7.021094,45.925781],[6.790918,45.740869],[7.153418,45.400928],[6.634766,45.068164],[6.992676,44.827295],[6.900195,44.335742],[7.637207,44.164844],[7.493164,43.767139],[6.115918,43.072363],[5.059766,43.444531],[4.712109,43.373291],[3.91084,43.563086],[3.051758,42.915137],[3.211426,42.431152],[2.032715,42.353516],[1.709863,42.604443],[0.764453,42.838037],[0.631641,42.6896],[-0.041162,42.689111],[-1.46084,43.051758],[-1.410693,43.240088],[-1.794043,43.407324],[-1.484863,43.56377],[-1.245508,44.559863],[-1.076953,44.689844],[-1.245215,44.666699],[-1.081006,45.532422],[-0.548486,45.000586],[-0.790771,45.468018],[-1.195996,45.714453],[-1.031738,45.741064],[-1.146289,46.311377],[-1.786523,46.514844],[-2.059375,46.810303],[-2.018896,47.037646],[-2.19707,47.162939],[-1.742529,47.215967],[-2.503125,47.312061],[-2.427686,47.470898],[-2.787207,47.625537],[-4.312109,47.8229],[-4.678809,48.039502],[-4.329443,48.169971],[-4.577148,48.290039],[-4.241406,48.303662],[-4.7625,48.450244],[-4.531201,48.619971],[-3.231445,48.84082],[-2.692334,48.536816],[-1.376465,48.652588],[-1.565479,48.805518],[-1.583105,49.202393],[-1.856445,49.683789],[-1.258643,49.680176],[-1.138525,49.387891],[-0.163477,49.296777],[0.416895,49.448389],[0.129395,49.508447],[0.186719,49.703027],[1.245508,49.998242],[1.592773,50.252197],[1.672266,50.88501],[2.524902,51.097119],[2.759375,50.750635],[3.106836,50.779443],[3.689355,50.306055],[4.174609,50.246484],[4.176074,49.960254],[4.54502,49.960254],[4.818652,50.153174],[4.867578,49.788135],[5.507324,49.510889],[6.242188,49.494336],[6.735449,49.160596],[8.134863,48.973584],[7.616602,48.156787],[7.615625,47.592725]]],[[[-1.17832,45.904053],[-1.213574,45.816602],[-1.368701,45.967676],[-1.388672,46.050391],[-1.17832,45.904053]]],[[[45.180273,-12.976758],[45.092383,-12.653027],[45.223145,-12.752148],[45.180273,-12.976758]]],[[[55.797363,-21.339355],[55.362695,-21.273633],[55.311328,-20.904102],[55.661914,-20.90625],[55.797363,-21.339355]]],[[[-60.82627,14.494482],[-61.063721,14.46709],[-61.21333,14.848584],[-60.927148,14.755176],[-60.82627,14.494482]]],[[[-61.327148,16.23042],[-61.522168,16.228027],[-61.471191,16.506641],[-61.172607,16.256104],[-61.327148,16.23042]]],[[[-61.589551,16.006934],[-61.759424,16.062061],[-61.748047,16.355273],[-61.552344,16.270898],[-61.589551,16.006934]]],[[[-61.230469,15.889941],[-61.310742,15.894678],[-61.318408,15.954883],[-61.25,16.006299],[-61.203418,15.92124],[-61.230469,15.889941]]],[[[-54.61626,2.326758],[-54.195508,2.817871],[-53.990479,3.589551],[-54.350732,4.054102],[-54.47334,4.914697],[-53.919922,5.768994],[-52.899316,5.425049],[-52.290527,4.942187],[-52.324609,4.770898],[-52.219971,4.862793],[-52.058105,4.717383],[-52.00293,4.352295],[-51.827539,4.635693],[-51.652539,4.061279],[-52.327881,3.181738],[-52.700635,2.363672],[-53.009717,2.181738],[-53.767773,2.354834],[-54.130078,2.121045],[-54.61626,2.326758]]]]}},{"type":"Feature","properties":{"sigla":"FIN","nome":"Finl\u00e2ndia"},"geometry":{"type":"MultiPolygon","coordinates":[[[[24.155469,65.805273],[23.700293,66.252637],[23.701172,66.480762],[23.988574,66.810547],[23.641504,67.129395],[23.733594,67.4229],[23.454883,67.460254],[23.501855,67.875195],[23.638867,67.954395],[22.854102,68.367334],[20.622168,69.036865],[21.065723,69.041748],[21.066113,69.214111],[21.59375,69.273584],[22.410938,68.719873],[23.324023,68.648975],[23.854004,68.805908],[24.941406,68.593262],[25.74834,68.990137],[26.011523,69.652637],[26.525391,69.915039],[27.889941,70.06167],[29.141602,69.671436],[29.333398,69.472998],[28.846289,69.176904],[28.96582,69.021973],[28.414062,68.90415],[28.777637,68.813818],[28.470703,68.488379],[28.685156,68.189795],[29.343848,68.061865],[29.988086,67.668262],[29.066211,66.891748],[30.0875,65.786523],[29.715918,65.624561],[29.819434,65.56875],[29.608008,65.248682],[29.826953,65.145068],[29.604199,64.968408],[30.110254,64.732568],[29.986621,64.524268],[30.526074,64.077295],[29.991504,63.735156],[31.180859,63.208301],[31.533984,62.8854],[31.186719,62.481396],[27.797656,60.536133],[26.534668,60.412891],[26.569336,60.624561],[26.377734,60.424072],[25.955957,60.474219],[26.03584,60.341504],[25.758008,60.267529],[22.963867,59.826367],[23.198438,60.021826],[22.86709,60.21582],[22.462695,60.029199],[22.584961,60.380566],[21.436035,60.596387],[21.360547,60.96748],[21.605957,61.591553],[21.255957,61.989648],[21.343359,62.277393],[21.103613,62.622949],[21.473535,63.033252],[21.650977,63.039307],[21.545117,63.204297],[22.319727,63.310449],[22.243262,63.437939],[22.532324,63.647852],[23.598926,64.040918],[24.55791,64.801025],[25.288184,64.860352],[25.347852,65.479248],[24.674902,65.670703],[24.628027,65.85918],[24.155469,65.805273]]],[[[21.994238,60.33667],[21.818652,60.381836],[21.827246,60.469922],[21.994238,60.33667]]],[[[21.217773,63.241309],[21.421973,63.245898],[21.415625,63.197363],[21.253418,63.152002],[21.083887,63.277539],[21.236328,63.277734],[21.217773,63.241309]]],[[[22.175098,60.370752],[22.415527,60.303369],[22.360547,60.165576],[22.077148,60.286328],[22.175098,60.370752]]],[[[21.450879,60.52959],[21.436914,60.483057],[21.3,60.479785],[21.214551,60.603857],[21.268066,60.638281],[21.450879,60.52959]]],[[[21.833203,60.140527],[21.69502,60.114355],[21.764258,60.198828],[21.864355,60.201807],[21.833203,60.140527]]],[[[21.62832,60.107812],[21.486035,60.126807],[21.634082,60.168994],[21.62832,60.107812]]],[[[24.848242,64.991016],[24.578613,64.978564],[24.576563,65.042871],[24.786035,65.086426],[24.997559,65.038721],[24.848242,64.991016]]]]}},{"type":"Feature","properties":{"sigla":"EST","nome":"Est\u00f4nia"},"geometry":{"type":"MultiPolygon","coordinates":[[[[27.351953,57.528125],[26.462109,57.544482],[25.282617,58.048486],[24.322559,57.870605],[24.529102,58.354248],[23.767578,58.36084],[23.509277,58.658545],[23.680762,58.787158],[23.432031,58.920654],[23.494434,59.195654],[24.380371,59.472656],[25.44375,59.521143],[25.509277,59.639014],[28.0125,59.484277],[28.151074,59.374414],[27.43418,58.787256],[27.502441,58.221338],[27.778516,57.870703],[27.351953,57.528125]]],[[[22.617383,58.62124],[23.323242,58.45083],[22.37168,58.217139],[21.996875,57.931348],[22.187695,58.154346],[21.882129,58.262354],[21.984082,58.38667],[21.862305,58.497168],[22.617383,58.62124]]],[[[22.92373,58.826904],[22.542188,58.68999],[22.05625,58.943604],[22.649414,59.087109],[22.909863,58.991211],[22.92373,58.826904]]],[[[23.343555,58.550342],[23.063477,58.611084],[23.16543,58.678125],[23.332813,58.648584],[23.343555,58.550342]]]]}},{"type":"Feature","properties":{"sigla":"DNK","nome":"Dinamarca"},"geometry":{"type":"MultiPolygon","coordinates":[[[[12.56875,55.785059],[12.215039,55.466504],[12.413086,55.286182],[12.089941,55.188135],[12.050391,54.815332],[11.862305,54.772607],[11.653809,55.186914],[11.286328,55.204443],[10.978906,55.721533],[11.627734,55.956885],[11.819727,55.697656],[11.866406,55.968164],[12.218945,56.118652],[12.578711,56.064062],[12.56875,55.785059]]],[[[9.739746,54.825537],[8.670313,54.903418],[8.615918,55.418213],[8.132129,55.599805],[8.163965,56.606885],[8.67168,56.495654],[8.888086,56.735059],[9.196387,56.70166],[9.254883,57.011719],[9.110449,57.043652],[8.771973,56.725293],[8.268262,56.754004],[8.618555,57.111279],[9.433594,57.174316],[9.962305,57.580957],[10.609961,57.736914],[10.444629,57.562207],[10.524121,57.243213],[10.296094,56.999121],[10.282715,56.620508],[10.926172,56.443262],[10.753418,56.241992],[10.31875,56.212891],[10.183008,55.865186],[9.903711,55.842822],[10.023633,55.761426],[9.591113,55.493213],[9.670996,55.266406],[9.453711,55.039551],[9.732324,54.968018],[9.739746,54.825537]]],[[[10.645117,55.609814],[10.819238,55.321875],[10.623828,55.052441],[9.98877,55.163184],[9.858984,55.357227],[9.860645,55.515479],[10.645117,55.609814]]],[[[11.361426,54.89165],[11.739551,54.807422],[11.765918,54.679443],[11.035547,54.773096],[11.058594,54.940576],[11.361426,54.89165]]],[[[10.734082,54.750732],[10.62168,54.851416],[10.951074,55.156201],[10.734082,54.750732]]],[[[12.549219,54.965771],[12.118848,54.914404],[12.274023,55.064111],[12.549219,54.965771]]],[[[12.665723,55.596533],[12.550879,55.55625],[12.520313,55.6146],[12.62002,55.679346],[12.665723,55.596533]]],[[[10.484375,54.847559],[10.340527,54.858936],[10.199902,54.962744],[10.484375,54.847559]]],[[[10.06123,54.886377],[9.80625,54.906006],[9.771191,55.059912],[10.06123,54.886377]]],[[[10.607324,55.783057],[10.526953,55.783789],[10.547168,55.991943],[10.661719,55.877588],[10.607324,55.783057]]],[[[11.052148,57.252539],[10.873828,57.262256],[10.93457,57.308594],[11.174512,57.3229],[11.052148,57.252539]]],[[[15.087695,55.021875],[14.68418,55.102246],[14.713672,55.238037],[15.132617,55.144531],[15.087695,55.021875]]]]}},{"type":"Feature","properties":{"sigla":"CZE","nome":"Ch\u00e9quia"},"geometry":{"type":"Polygon","coordinates":[[[18.832227,49.510791],[18.160938,49.257373],[17.758496,48.888135],[17.135645,48.841064],[16.953125,48.598828],[16.543555,48.79624],[16.057227,48.754785],[14.993457,49.001123],[14.691309,48.599219],[14.189844,48.578564],[12.681152,49.414502],[12.390527,49.739648],[12.512012,49.895801],[12.089844,50.301758],[12.277344,50.181445],[12.549023,50.393408],[14.369043,50.89873],[14.283203,51.029492],[14.72334,50.814697],[14.99375,51.014355],[16.007227,50.611621],[16.359961,50.621387],[16.210352,50.42373],[16.63916,50.102148],[16.989648,50.236914],[16.880078,50.427051],[17.702246,50.307178],[17.627051,50.116406],[18.562402,49.879346],[18.832227,49.510791]]]}},{"type":"Feature","properties":{"sigla":"HRV","nome":"Cro\u00e1cia"},"geometry":{"type":"MultiPolygon","coordinates":[[[[13.57793,45.516895],[14.369922,45.481445],[14.568848,45.657227],[14.793066,45.478223],[15.339453,45.467041],[15.277051,45.732617],[15.652148,45.862158],[15.608984,46.171924],[16.227441,46.372852],[16.321191,46.534619],[17.807129,45.79043],[18.358301,45.753027],[18.905371,45.931738],[19.004688,45.399512],[19.400977,45.189062],[19.136914,45.19624],[18.941309,44.865186],[18.662598,45.077441],[16.918652,45.276562],[16.293359,45.008838],[15.788086,45.178955],[15.736621,44.76582],[16.103418,44.520996],[16.300098,44.124512],[17.273828,43.445752],[17.585156,42.938379],[16.903125,43.392432],[15.985547,43.519775],[15.18584,44.172119],[15.122949,44.256787],[15.470996,44.271973],[14.981348,44.60293],[14.85459,45.081006],[14.550488,45.297705],[14.312695,45.337793],[13.860742,44.837402],[13.629297,45.108203],[13.57793,45.516895]]],[[[16.650684,42.996582],[17.093652,42.964355],[17.188281,42.917041],[16.850684,42.895508],[16.696387,42.933691],[16.650684,42.996582]]],[[[17.194043,43.125781],[16.679199,43.123145],[16.376465,43.21377],[16.521387,43.229248],[17.194043,43.125781]]],[[[16.785254,43.270654],[16.423145,43.317236],[16.448926,43.387061],[16.891309,43.314648],[16.785254,43.270654]]],[[[15.231055,44.062305],[15.24668,44.027051],[15.06582,44.157666],[15.231055,44.062305]]],[[[14.810254,44.977051],[14.437891,45.098633],[14.571094,45.224756],[14.810254,44.977051]]],[[[14.831445,44.758936],[14.856641,44.714844],[14.660352,44.799805],[14.690527,44.848145],[14.754199,44.844824],[14.831445,44.758936]]],[[[15.188477,44.335742],[15.162598,44.30918],[14.912793,44.48584],[14.741895,44.697363],[15.239941,44.350195],[15.188477,44.335742]]],[[[15.18877,43.922363],[15.13584,43.907275],[14.865039,44.167969],[15.18877,43.922363]]],[[[15.371387,43.973828],[15.437207,43.899512],[15.27002,44.010742],[15.371387,43.973828]]],[[[14.488086,44.660059],[14.480371,44.62124],[14.419531,44.670312],[14.312402,44.900391],[14.340039,45.019971],[14.28584,45.144629],[14.33125,45.16499],[14.467383,44.970215],[14.488086,44.660059]]],[[[17.607813,42.769043],[17.744238,42.700342],[17.344141,42.790381],[17.607813,42.769043]]],[[[18.436328,42.559717],[17.04541,43.014893],[17.801953,42.902246],[18.436328,42.559717]]]]}},{"type":"Feature","properties":{"sigla":"BGR","nome":"Bulg\u00e1ria"},"geometry":{"type":"Polygon","coordinates":[[[28.014453,41.969043],[27.534863,41.920801],[27.244336,42.093262],[26.615332,41.964893],[26.107422,41.725684],[26.135352,41.385742],[25.92334,41.311914],[25.251172,41.243555],[24.487891,41.555225],[22.916016,41.336279],[23.003613,41.739844],[22.344043,42.313965],[22.523535,42.440967],[22.466797,42.84248],[22.976855,43.187988],[22.499121,43.518848],[22.399023,43.969531],[22.705078,44.237793],[23.028516,44.077979],[22.919043,43.834473],[25.49707,43.670801],[26.21582,44.007275],[27.086914,44.167383],[28.585352,43.742236],[28.46543,43.389307],[28.133691,43.395605],[27.928906,43.186133],[27.888867,42.749707],[27.484766,42.468066],[28.014453,41.969043]]]}},{"type":"Feature","properties":{"sigla":"BIH","nome":"B\u00f3snia e Herzegovina"},"geometry":{"type":"Polygon","coordinates":[[[19.348633,44.880908],[19.118457,44.359961],[19.583789,44.043457],[19.24502,43.965039],[19.47998,43.595166],[18.950684,43.52666],[19.02666,43.292432],[18.851074,43.346338],[18.443848,42.968457],[18.545898,42.641602],[18.436328,42.559717],[17.585156,42.938379],[17.273828,43.445752],[16.300098,44.124512],[16.103418,44.520996],[15.736621,44.76582],[15.822852,45.202783],[16.293359,45.008838],[16.918652,45.276562],[19.348633,44.880908]]]}},{"type":"Feature","properties":{"sigla":"BEL","nome":"B\u00e9lgica"},"geometry":{"type":"Polygon","coordinates":[[[4.226172,51.386475],[5.030957,51.469092],[5.21416,51.278955],[5.827148,51.125635],[5.639453,50.843604],[6.235938,50.59668],[6.364453,50.316162],[5.744043,49.919629],[5.81543,49.553809],[5.507324,49.510889],[4.867578,49.788135],[4.818652,50.153174],[4.54502,49.960254],[4.149316,49.971582],[4.174609,50.246484],[3.689355,50.306055],[3.106836,50.779443],[2.839746,50.711768],[2.596777,50.875928],[2.524902,51.097119],[3.350098,51.377686],[3.43252,51.245752],[3.902051,51.207666],[4.226172,51.386475]]]}},{"type":"Feature","properties":{"sigla":"BLR","nome":"Bielorr\u00fassia"},"geometry":{"type":"Polygon","coordinates":[[[31.763379,52.101074],[31.079297,52.076953],[30.755273,51.895166],[30.533008,51.596338],[30.544531,51.265039],[30.160742,51.477881],[29.346484,51.382568],[29.102051,51.627539],[28.73125,51.433398],[28.183789,51.607861],[27.7,51.477979],[27.141992,51.752051],[25.785742,51.923828],[24.361914,51.867529],[23.605273,51.51792],[23.652441,52.040381],[23.175098,52.286621],[23.91543,52.770264],[23.484668,53.939795],[24.317969,53.892969],[25.461133,54.292773],[25.749219,54.156982],[25.547363,54.331836],[25.859277,54.919287],[26.775684,55.273096],[26.457617,55.34248],[26.593555,55.667529],[27.052539,55.830566],[27.576758,55.798779],[28.117871,56.145801],[29.375,55.938721],[29.482227,55.68457],[30.233594,55.845215],[30.906836,55.57002],[30.810547,55.306982],[30.977734,55.050488],[30.798828,54.783252],[31.152148,54.625342],[31.074805,54.491797],[31.403613,54.195947],[31.825977,54.030713],[31.754199,53.810449],[32.450195,53.69292],[32.706445,53.419434],[32.141992,53.091162],[31.417871,53.196045],[31.258789,53.016699],[31.564844,52.759229],[31.577344,52.312305],[31.763379,52.101074]]]}},{"type":"Feature","properties":{"sigla":"AUT","nome":"\u00c1ustria"},"geometry":{"type":"Polygon","coordinates":[[[9.527539,47.270752],[9.625879,47.467041],[9.524023,47.524219],[9.748926,47.575537],[10.183008,47.278809],[10.439453,47.551562],[11.041992,47.393115],[12.209277,47.718262],[13.014355,47.478076],[12.814258,48.16084],[13.374609,48.361377],[13.486621,48.581836],[13.723926,48.542383],[13.814746,48.766943],[14.049121,48.60249],[14.691309,48.599219],[14.993457,49.001123],[16.883691,48.703711],[16.86543,48.386914],[17.147363,48.005957],[17.066602,47.707568],[16.421289,47.674463],[16.676563,47.536035],[16.442871,47.399512],[16.46123,47.022461],[15.957617,46.677637],[14.893262,46.605908],[14.549805,46.399707],[12.479199,46.67251],[12.154102,46.935254],[12.169434,47.082129],[11.244434,46.975684],[10.927344,46.769482],[10.349414,46.984766],[10.133496,46.851514],[9.580273,47.057373],[9.527539,47.270752]]]}},{"type":"Feature","properties":{"sigla":"AND","nome":"Andorra"},"geometry":{"type":"Polygon","coordinates":[[[1.706055,42.50332],[1.448828,42.437451],[1.414844,42.548389],[1.568164,42.63501],[1.706055,42.50332]]]}},{"type":"Feature","properties":{"sigla":"ALB","nome":"Alb\u00e2nia"},"geometry":{"type":"Polygon","coordinates":[[[19.342383,41.869092],[19.280664,42.172559],[19.703418,42.647949],[19.788281,42.476172],[20.063965,42.547266],[20.522852,42.171484],[20.488965,41.272607],[20.709277,40.928369],[20.933496,40.903125],[21.030859,40.622461],[20.657422,40.117383],[20.311133,39.979443],[20.382422,39.802637],[20.206836,39.653516],[19.322266,40.40708],[19.45918,40.405371],[19.3375,40.663818],[19.575684,41.64043],[19.577539,41.7875],[19.342383,41.869092]]]}}]}