{"type":"FeatureCollection","features":[{"type":"Feature","properties":{"sigla":"USA","nome":"Estados Unidos"},"geometry":{"type":"MultiPolygon","coordinates":[[[[-132.746875,56.525684],[-132.948047,56.567236],[-132.842529,56.794775],[-132.567969,56.57583],[-132.746875,56.525684]]],[[[-132.779883,56.247266],[-133.037646,56.364844],[-132.643359,56.435156],[-132.779883,56.247266]]],[[[-134.312744,58.228906],[-134.319873,58.204102],[-134.45625,58.206543],[-134.661572,58.290918],[-134.519971,58.33252],[-134.312744,58.228906]]],[[[-145.118506,60.337109],[-145.150488,60.312646],[-145.284277,60.336816],[-145.128125,60.401123],[-145.102441,60.388232],[-145.118506,60.337109]]],[[[-144.565625,59.818408],[-144.613574,59.812646],[-144.444922,59.950684],[-144.235742,60.015186],[-144.248975,59.982129],[-144.565625,59.818408]]],[[[-148.021777,60.065332],[-148.07417,60.034717],[-148.271875,60.053271],[-148.230664,60.113525],[-148.07959,60.15166],[-147.914209,60.092334],[-148.021777,60.065332]]],[[[-152.020752,60.361719],[-152.069043,60.358057],[-152.004492,60.407422],[-151.959717,60.50376],[-151.899414,60.490381],[-151.887305,60.472705],[-152.020752,60.361719]]],[[[-160.329297,55.337695],[-160.343311,55.258789],[-160.51748,55.333838],[-160.329297,55.337695]]],[[[-159.362012,54.972412],[-159.421338,54.978125],[-159.461914,55.058789],[-159.39043,55.040869],[-159.362012,54.972412]]],[[[-159.515137,55.151855],[-159.534961,55.059619],[-159.648486,55.074561],[-159.639648,55.123975],[-159.597949,55.125684],[-159.574756,55.217725],[-159.545068,55.225977],[-159.515137,55.151855]]],[[[-166.209766,53.723291],[-166.250732,53.767773],[-166.113721,53.843066],[-166.209766,53.723291]]],[[[-176.008984,51.812354],[-176.093359,51.790479],[-176.204443,51.834814],[-176.193652,51.886279],[-176.008984,51.812354]]],[[[-166.109863,66.227441],[-166.148633,66.221826],[-165.822217,66.328076],[-166.109863,66.227441]]],[[[-171.463037,63.640039],[-170.43042,63.698828],[-169.554541,63.373486],[-168.716016,63.310596],[-169.676367,62.956104],[-170.5271,63.379297],[-171.790967,63.424707],[-171.746387,63.703076],[-171.463037,63.640039]]],[[[-166.135449,60.383545],[-165.729688,60.314209],[-165.591797,59.913135],[-166.14873,59.764111],[-167.436426,60.206641],[-166.135449,60.383545]]],[[[-152.898047,57.823926],[-152.42876,57.825684],[-152.482617,57.70332],[-152.216211,57.577002],[-152.412207,57.454785],[-152.940771,57.498096],[-152.679053,57.345117],[-153.732568,57.052344],[-153.643311,56.960742],[-153.972705,56.774219],[-154.07085,56.820654],[-153.793213,56.989502],[-154.24375,57.143018],[-154.381104,57.096533],[-154.184326,57.005322],[-154.338965,56.920898],[-154.705957,57.335352],[-154.535303,57.559424],[-154.116162,57.651221],[-153.687695,57.305127],[-153.841553,57.862842],[-153.487939,57.730957],[-153.21748,57.795752],[-153.160449,57.971973],[-152.898047,57.823926]]],[[[-130.025098,55.888232],[-130.146533,55.654492],[-130.036572,55.2979],[-130.575342,54.769678],[-130.849609,54.807617],[-131.047852,55.157666],[-130.748193,55.318018],[-131.127686,55.960156],[-131.032764,56.088086],[-131.78418,55.876562],[-131.94502,55.55415],[-132.118994,55.569775],[-132.20752,55.753418],[-131.843848,56.160107],[-131.551367,56.206787],[-132.182031,56.420654],[-132.824609,57.055811],[-133.465869,57.172168],[-133.64873,57.642285],[-133.117041,57.566211],[-133.535205,57.832959],[-133.194336,57.877686],[-133.722314,57.844238],[-134.031104,58.072168],[-133.876758,58.518164],[-134.208838,58.232959],[-134.776123,58.453857],[-135.131836,58.842871],[-135.363672,59.419434],[-135.502344,59.202295],[-135.090234,58.24585],[-135.897559,58.400195],[-136.043115,58.821631],[-135.826367,58.897949],[-136.016602,58.873975],[-136.150049,59.048096],[-136.22583,58.765479],[-136.989014,59.034473],[-137.059033,58.87373],[-136.613916,58.809277],[-136.061475,58.452734],[-136.607422,58.243994],[-137.543994,58.581201],[-138.514893,59.165918],[-139.799121,59.54624],[-139.513037,59.698096],[-139.512305,59.953564],[-139.330957,59.877002],[-139.286719,59.610937],[-139.220801,59.819873],[-138.988086,59.83501],[-139.431445,60.012256],[-140.419824,59.710742],[-141.408301,59.902783],[-141.289941,60.00415],[-141.40874,60.117676],[-141.670166,59.969873],[-142.945654,60.096973],[-144.147217,60.016406],[-144.185498,60.150732],[-144.901318,60.335156],[-144.691113,60.669092],[-145.248291,60.380127],[-145.898877,60.478174],[-145.674902,60.651123],[-146.570459,60.72915],[-146.391992,60.81084],[-146.636035,60.992529],[-146.384375,61.13584],[-147.807617,60.8854],[-148.005127,60.968555],[-147.751855,61.218945],[-148.341895,61.0604],[-148.208691,61.029932],[-148.344434,60.853564],[-148.557373,60.80293],[-148.284229,60.609326],[-148.640137,60.489453],[-147.964111,60.484863],[-148.430713,59.989111],[-149.395264,60.105762],[-149.598047,59.770459],[-149.713867,59.91958],[-150.198047,59.566553],[-150.607373,59.563379],[-150.934521,59.249121],[-151.738184,59.188525],[-151.931689,59.342725],[-151.046484,59.771826],[-151.450098,59.650391],[-151.853223,59.78208],[-151.395996,60.274463],[-151.356445,60.722949],[-150.44126,61.023584],[-149.075098,60.876416],[-150.053271,61.171094],[-149.433545,61.500781],[-149.975684,61.279346],[-150.945508,61.198242],[-151.733984,60.910742],[-151.750488,60.754883],[-152.270703,60.528125],[-152.368848,60.336328],[-153.025,60.295654],[-152.660107,59.997217],[-153.21123,59.842725],[-153.024609,59.793994],[-153.093604,59.709131],[-153.652539,59.647021],[-154.17832,59.155566],[-153.418262,58.959961],[-153.437598,58.754834],[-154.289014,58.304346],[-154.247021,58.159424],[-155.006885,58.016064],[-156.435889,57.359961],[-156.400488,57.204834],[-156.629004,57.009961],[-158.414404,56.43584],[-158.552148,56.312695],[-158.275635,56.19624],[-158.476123,56.075488],[-158.591162,56.184521],[-159.659668,55.625928],[-159.771387,55.841113],[-161.178027,55.388867],[-161.463867,55.38252],[-161.41333,55.536133],[-161.2021,55.543555],[-161.516943,55.618408],[-162.073975,55.139307],[-162.386377,55.052344],[-162.630371,55.24668],[-162.674365,54.996582],[-163.119629,55.064697],[-163.335303,54.83916],[-163.278809,55.121826],[-161.697314,55.907227],[-161.215625,56.021436],[-160.898633,55.993652],[-161.005371,55.887158],[-160.802832,55.754443],[-160.706348,55.870459],[-160.291699,55.805078],[-160.539062,56.006299],[-160.302051,56.314111],[-158.918018,56.882178],[-158.675146,56.794873],[-158.660791,57.039404],[-158.320947,57.2979],[-157.845752,57.528076],[-157.461914,57.506201],[-157.697217,57.679443],[-157.610889,58.05083],[-157.193701,58.194189],[-157.488379,58.253711],[-157.523633,58.421338],[-156.974658,58.736328],[-156.808887,59.134277],[-157.142041,58.877637],[-158.190918,58.614258],[-158.503174,58.850342],[-158.425635,58.999316],[-158.080518,58.977441],[-158.422803,59.089844],[-158.809473,58.973877],[-158.788623,58.440967],[-158.950684,58.404541],[-159.670264,58.911133],[-159.920215,58.819873],[-160.363135,59.051172],[-161.361328,58.669531],[-162.144922,58.644238],[-161.724365,58.794287],[-161.788672,59.016406],[-161.644385,59.109668],[-161.981055,59.146143],[-161.828711,59.588623],[-162.421338,60.283984],[-161.946582,60.684814],[-162.684961,60.268945],[-162.526953,60.199121],[-162.570752,59.989746],[-163.906885,59.806787],[-165.026514,60.500635],[-165.353809,60.541211],[-164.805176,60.892041],[-164.318506,60.771289],[-164.372363,60.591846],[-163.999561,60.766064],[-163.72998,60.58999],[-163.420947,60.757422],[-163.906543,60.853809],[-163.586914,60.902979],[-165.114844,60.932812],[-164.868994,61.111768],[-165.273633,61.274854],[-165.565869,61.102344],[-165.863965,61.335693],[-165.845313,61.53623],[-166.093994,61.506738],[-166.168115,61.65083],[-165.808936,61.696094],[-166.078809,61.803125],[-165.612793,61.869287],[-165.707275,62.100439],[-165.194531,62.473535],[-164.757861,62.496729],[-164.844385,62.581055],[-164.589453,62.709375],[-164.792676,62.623193],[-164.799658,62.918066],[-164.384229,63.030469],[-164.525195,63.127637],[-164.409033,63.215039],[-163.942871,63.247217],[-163.616309,63.125146],[-163.737842,63.016406],[-163.287842,63.046436],[-162.282813,63.529199],[-161.50542,63.468164],[-160.926709,63.660547],[-160.778564,63.818945],[-160.987549,64.25127],[-161.490723,64.433789],[-160.931934,64.579102],[-160.886963,64.795557],[-161.130176,64.925439],[-161.759375,64.81626],[-162.711084,64.377539],[-163.203906,64.652002],[-163.051758,64.519727],[-163.144336,64.423828],[-163.713086,64.588232],[-164.97876,64.453662],[-166.142773,64.582764],[-166.481396,64.728076],[-166.415234,64.926514],[-166.928418,65.15708],[-166.157031,65.28584],[-167.404004,65.422119],[-168.088379,65.657764],[-166.39873,66.144434],[-165.629932,66.131201],[-165.811865,66.288477],[-164.460498,66.588428],[-163.638232,66.574658],[-163.893945,66.575879],[-163.775488,66.531104],[-164.03374,66.215527],[-163.695361,66.083838],[-161.933691,66.042871],[-161.45542,66.281396],[-161.034277,66.188818],[-161.120313,66.334326],[-161.916895,66.411816],[-162.607422,66.894385],[-162.361621,66.947314],[-161.591016,66.459521],[-160.231689,66.420264],[-160.360889,66.6125],[-161.398047,66.551855],[-161.856689,66.700342],[-161.622217,66.979346],[-161.719922,67.020557],[-163.531836,67.102588],[-164.125195,67.606738],[-166.786279,68.359619],[-166.380518,68.425146],[-166.209082,68.885352],[-164.302344,68.936475],[-163.535693,69.170117],[-163.161475,69.387939],[-162.9521,69.758105],[-161.880957,70.331738],[-161.761084,70.257666],[-162.073877,70.161963],[-160.996289,70.30459],[-160.117139,70.591211],[-159.963135,70.568164],[-160.095068,70.333301],[-159.865674,70.278857],[-159.81499,70.49707],[-159.386768,70.524512],[-160.081592,70.634863],[-159.680908,70.786768],[-157.909375,70.860107],[-156.470215,71.407666],[-156.469971,71.291553],[-155.579443,71.121094],[-156.146582,70.927832],[-155.973535,70.841992],[-154.943799,71.083057],[-154.673682,70.987109],[-154.785205,70.894287],[-154.195215,70.801123],[-153.23291,70.932568],[-152.300391,70.846777],[-152.470605,70.653613],[-151.769043,70.560156],[-151.944678,70.4521],[-149.269434,70.500781],[-147.705371,70.217236],[-144.619189,69.982129],[-143.218311,70.11626],[-141.002148,69.650781],[-141.002148,60.300244],[-139.973291,60.183154],[-139.079248,60.343701],[-139.185156,60.083594],[-137.593311,59.22627],[-137.438574,58.903125],[-136.57876,59.152246],[-136.466357,59.459082],[-136.247119,59.53291],[-136.321826,59.604834],[-135.475928,59.793262],[-135.051025,59.578662],[-134.94375,59.288281],[-133.401123,58.410889],[-132.232178,57.198535],[-132.337988,57.079443],[-132.031543,57.026562],[-132.104297,56.856787],[-131.866162,56.792822],[-131.824268,56.58999],[-130.097852,56.109277],[-130.025098,55.888232]]],[[[-163.476025,54.980713],[-163.083252,54.668994],[-164.073291,54.620996],[-164.59082,54.404346],[-164.903955,54.544775],[-164.478613,54.906836],[-163.476025,54.980713]]],[[[-133.305078,55.54375],[-133.650195,55.269287],[-133.737109,55.496924],[-133.305078,55.54375]]],[[[-131.339746,55.079834],[-131.232031,54.90376],[-131.445703,54.909326],[-131.578467,55.248779],[-131.339746,55.079834]]],[[[-132.112354,56.109375],[-132.132959,55.943262],[-132.368604,55.939746],[-132.699023,56.198193],[-132.379834,56.498779],[-132.066895,56.244238],[-132.112354,56.109375]]],[[[-130.97915,55.48916],[-131.187891,55.206299],[-131.447559,55.408789],[-131.810986,55.223096],[-131.624951,55.831689],[-131.269238,55.955371],[-130.997803,55.727637],[-130.97915,55.48916]]],[[[-133.366211,57.003516],[-133.070801,56.974268],[-132.95918,56.677051],[-133.328955,56.830078],[-133.180811,56.473975],[-133.602783,56.464111],[-133.680957,56.79751],[-133.979443,57.00957],[-133.366211,57.003516]]],[[[-132.862256,54.894434],[-132.617236,54.892432],[-132.807275,54.709131],[-133.429053,55.303809],[-133.097412,55.213721],[-132.862256,54.894434]]],[[[-146.393945,60.449658],[-146.102246,60.411182],[-146.595313,60.268457],[-146.702881,60.395605],[-146.393945,60.449658]]],[[[-147.735889,59.813232],[-147.872461,59.828369],[-147.768066,59.94375],[-147.180859,60.358252],[-146.957861,60.288867],[-147.735889,59.813232]]],[[[-147.658252,60.450488],[-147.81582,60.185156],[-147.891455,60.299414],[-147.658252,60.450488]]],[[[-147.930713,60.826172],[-148.057422,60.81792],[-148.123779,60.844336],[-148.10166,60.916113],[-148.037744,60.924121],[-147.964404,60.900146],[-147.930713,60.826172]]],[[[-153.00708,57.124854],[-153.374609,57.051904],[-153.285205,57.185059],[-153.00708,57.124854]]],[[[-152.486084,58.48501],[-152.636621,58.541699],[-152.36792,58.611084],[-152.486084,58.48501]]],[[[-153.240625,57.850098],[-153.294971,57.829492],[-153.520068,57.955762],[-153.481055,57.971045],[-153.346973,57.932812],[-153.240625,57.850098]]],[[[-155.566016,55.821191],[-155.737354,55.829785],[-155.593945,55.924316],[-155.566016,55.821191]]],[[[-154.682813,56.435791],[-154.751221,56.412158],[-154.777148,56.439893],[-154.62373,56.561328],[-154.517529,56.600537],[-154.444873,56.573193],[-154.682813,56.435791]]],[[[-154.208643,56.514893],[-154.322217,56.570605],[-154.1104,56.60293],[-154.208643,56.514893]]],[[[-160.684912,55.314795],[-160.552783,55.380762],[-160.487549,55.184863],[-160.795068,55.145215],[-160.839648,55.3354],[-160.684912,55.314795]]],[[[-162.298145,54.847021],[-162.433887,54.931543],[-162.2646,54.983496],[-162.298145,54.847021]]],[[[-162.554395,54.401367],[-162.641113,54.379541],[-162.733105,54.402295],[-162.811719,54.444385],[-162.820557,54.494531],[-162.64541,54.462061],[-162.554395,54.401367]]],[[[-159.872998,55.12876],[-160.227051,54.922705],[-160.17207,55.123047],[-159.920459,55.267529],[-159.872998,55.12876]]],[[[-165.841553,54.070654],[-166.105811,54.144824],[-165.892871,54.206982],[-165.692871,54.099902],[-165.841553,54.070654]]],[[[-165.561133,54.136719],[-165.65415,54.25332],[-165.407861,54.196826],[-165.561133,54.136719]]],[[[-160.918994,58.5771],[-161.131494,58.668213],[-160.715137,58.795215],[-160.918994,58.5771]]],[[[-172.742236,60.457373],[-172.526074,60.391748],[-172.3875,60.398486],[-172.23208,60.299121],[-172.635742,60.328857],[-173.074023,60.493213],[-173.047656,60.568311],[-172.923877,60.606836],[-172.860205,60.505664],[-172.742236,60.457373]]],[[[-170.160547,57.183936],[-170.264014,57.136768],[-170.358008,57.154199],[-170.386621,57.203027],[-170.116162,57.241797],[-170.160547,57.183936]]],[[[-169.691943,52.847363],[-169.722754,52.792334],[-169.980566,52.806006],[-169.991846,52.829834],[-169.820654,52.883398],[-169.691943,52.847363]]],[[[-170.733398,52.581494],[-170.797363,52.549756],[-170.827051,52.600732],[-170.68208,52.697559],[-170.584619,52.667578],[-170.614014,52.609619],[-170.733398,52.581494]]],[[[-172.464795,52.272266],[-172.619824,52.272852],[-172.47041,52.388037],[-172.313623,52.32959],[-172.464795,52.272266]]],[[[-169.755225,56.635059],[-169.550488,56.628125],[-169.474316,56.594043],[-169.632617,56.545703],[-169.766162,56.607959],[-169.755225,56.635059]]],[[[-176.286719,51.791992],[-176.349658,51.733301],[-176.396094,51.759863],[-176.413721,51.840576],[-176.378564,51.861133],[-176.286719,51.791992]]],[[[-176.021533,52.002441],[-176.045068,51.972998],[-176.142871,52.004297],[-176.184521,52.056055],[-176.155664,52.099414],[-176.077393,52.099951],[-175.975293,52.028955],[-176.021533,52.002441]]],[[[-177.148193,51.716748],[-177.670215,51.701074],[-177.110059,51.92876],[-177.148193,51.716748]]],[[[178.575488,51.91626],[178.511816,51.899121],[178.475,51.967725],[178.509375,51.994678],[178.570605,51.977539],[178.607324,51.953027],[178.575488,51.91626]]],[[[179.451563,51.372607],[179.278125,51.372217],[178.647949,51.643896],[178.908008,51.615576],[179.181738,51.469922],[179.451563,51.372607]]],[[[173.722754,52.35957],[173.402344,52.404785],[173.776074,52.495117],[173.722754,52.35957]]],[[[-134.969775,57.351416],[-134.620703,56.718311],[-134.681885,56.216162],[-134.980566,56.518945],[-134.883447,56.679053],[-135.330615,56.821875],[-135.199609,57.027344],[-135.454932,57.249414],[-135.812305,57.009521],[-135.822754,57.28042],[-135.448682,57.534375],[-134.969775,57.351416]]],[[[-134.680273,58.16167],[-134.240088,58.143994],[-133.822754,57.628662],[-134.306885,58.034375],[-133.908838,57.368701],[-134.435303,57.056982],[-134.613086,57.137939],[-134.486768,57.482031],[-134.907666,58.262793],[-134.680273,58.16167]]],[[[-135.730371,58.244238],[-135.613232,57.991846],[-135.346631,58.124121],[-134.954688,58.015332],[-134.970654,57.817236],[-135.338477,57.768652],[-134.978857,57.724365],[-134.931494,57.481152],[-135.564209,57.666406],[-135.691943,57.419922],[-135.910791,57.446582],[-136.568604,57.972168],[-136.321973,58.218896],[-136.14375,58.098486],[-135.730371,58.244238]]],[[[-133.566113,56.339209],[-133.202979,56.319824],[-133.096631,56.090039],[-132.597607,55.89502],[-132.172705,55.480615],[-132.511279,55.593945],[-132.631299,55.473193],[-131.976416,55.208594],[-132.02168,54.726318],[-133.118555,55.327637],[-132.958887,55.395557],[-133.033398,55.589697],[-133.680176,55.785156],[-133.241504,55.920801],[-133.37124,56.035889],[-133.742529,55.964844],[-133.530859,56.145654],[-133.566113,56.339209]]],[[[-133.9896,56.844971],[-133.738379,56.650439],[-133.949707,56.127734],[-134.1896,56.076953],[-134.084375,56.456348],[-134.373682,56.838672],[-133.9896,56.844971]]],[[[-152.416943,58.360205],[-151.974365,58.309863],[-152.109082,58.161133],[-152.268359,58.251709],[-152.928418,57.993701],[-153.381348,58.087207],[-152.771875,58.278564],[-152.841113,58.416406],[-152.416943,58.360205]]],[[[-167.964355,53.345117],[-169.088916,52.832031],[-168.689844,53.227246],[-168.38042,53.283447],[-168.287695,53.500146],[-167.828076,53.507959],[-167.964355,53.345117]]],[[[-166.615332,53.900928],[-166.230859,53.932617],[-166.549219,53.700977],[-166.309473,53.69751],[-167.628613,53.259424],[-167.808789,53.323779],[-167.136084,53.526465],[-167.015723,53.698389],[-166.81875,53.641357],[-166.74126,53.712939],[-167.071484,53.783398],[-167.038086,53.942187],[-166.615332,53.900928]]],[[[-173.55332,52.136279],[-173.0229,52.07915],[-173.835791,52.048193],[-173.99248,52.12334],[-173.55332,52.136279]]],[[[-174.677393,52.03501],[-175.295557,52.022168],[-174.306152,52.216162],[-174.435547,52.317236],[-174.168896,52.420166],[-174.018359,52.331787],[-174.120654,52.135205],[-174.677393,52.03501]]],[[[-176.593311,51.866699],[-176.452344,51.735693],[-176.961621,51.603662],[-176.69834,51.986035],[-176.593311,51.866699]]],[[[-177.879053,51.649707],[-178.194531,51.882227],[-177.644482,51.82627],[-177.879053,51.649707]]],[[[179.727734,51.90542],[179.549609,51.894043],[179.497656,51.932812],[179.503906,51.97959],[179.627148,52.03042],[179.77998,51.966846],[179.727734,51.90542]]],[[[177.41543,51.882812],[177.250293,51.90293],[177.669629,52.103027],[177.41543,51.882812]]],[[[172.811816,53.012988],[173.436035,52.852051],[172.935156,52.7521],[172.494824,52.937891],[172.811816,53.012988]]],[[[-155.581348,19.012012],[-155.881299,19.070508],[-156.048682,19.749951],[-155.820312,20.01416],[-155.831641,20.27583],[-155.198779,19.994385],[-154.804199,19.524463],[-155.581348,19.012012]]],[[[-157.213623,21.215381],[-156.712158,21.155078],[-156.859863,21.056348],[-157.290332,21.112598],[-157.213623,21.215381]]],[[[-156.486816,20.932568],[-155.989844,20.757129],[-156.408789,20.605176],[-156.697754,20.949072],[-156.486816,20.932568]]],[[[-157.799365,21.456641],[-157.6354,21.307617],[-158.110352,21.318604],[-158.273145,21.585254],[-157.9625,21.701367],[-157.799365,21.456641]]],[[[-159.372754,21.932373],[-159.78916,22.041797],[-159.352051,22.21958],[-159.372754,21.932373]]],[[[-160.180029,21.841064],[-160.200244,21.796875],[-160.234717,21.803662],[-160.220898,21.897266],[-160.100635,22.015234],[-160.04873,22.004639],[-160.080029,21.907422],[-160.180029,21.841064]]],[[[-156.849609,20.772656],[-156.908887,20.744482],[-156.973389,20.75752],[-157.050586,20.912451],[-156.941797,20.930029],[-156.880566,20.904834],[-156.809375,20.831152],[-156.849609,20.772656]]],[[[-74.708887,45.003857],[-71.517529,45.007568],[-71.327295,45.290088],[-70.865039,45.270703],[-70.29624,45.906104],[-70.007715,46.708936],[-69.242871,47.462988],[-68.937207,47.21123],[-68.235498,47.345947],[-67.806787,47.082812],[-67.802246,45.727539],[-67.432666,45.603125],[-67.472559,45.275879],[-67.124854,45.169434],[-66.987012,44.827686],[-68.056641,44.384326],[-68.450586,44.507617],[-68.53252,44.258643],[-68.811914,44.339355],[-68.762695,44.570752],[-69.137256,44.037842],[-69.623926,43.880615],[-69.652881,43.993896],[-69.80835,43.772314],[-70.062354,43.834619],[-70.269238,43.671924],[-70.829053,42.825342],[-70.612939,42.623242],[-71.046191,42.331104],[-70.738281,42.228857],[-70.42666,41.757275],[-70.001416,41.826172],[-70.241064,42.091211],[-70.108936,42.07832],[-69.948633,41.677148],[-70.657129,41.534229],[-70.701123,41.714844],[-71.168555,41.489404],[-71.14873,41.745703],[-71.390137,41.795312],[-71.522852,41.378955],[-72.924707,41.285156],[-73.987109,40.751367],[-73.871973,41.055176],[-73.969922,41.249707],[-73.927197,40.914258],[-74.264209,40.528613],[-73.972266,40.400342],[-74.079932,39.788135],[-74.117627,39.938135],[-74.794482,39.001904],[-74.954297,38.949951],[-74.897021,39.145459],[-75.524219,39.490186],[-75.421875,39.789697],[-75.07417,39.983496],[-75.587598,39.640771],[-75.03877,38.426367],[-75.934375,37.151904],[-75.975049,37.398438],[-75.659277,37.953955],[-75.85083,37.971582],[-75.858691,38.362061],[-76.051221,38.279541],[-76.264648,38.436426],[-76.26416,38.599951],[-76.016943,38.625098],[-76.341162,38.709668],[-76.168164,38.852734],[-76.330664,38.908594],[-76.135205,39.082129],[-76.235693,39.191602],[-75.872949,39.510889],[-76.062988,39.561133],[-76.420898,39.225],[-76.57041,39.269336],[-76.427588,39.126025],[-76.558545,39.065234],[-76.394092,38.368994],[-76.668555,38.5375],[-76.341162,38.087012],[-77.001172,38.445264],[-77.23252,38.407715],[-77.030371,38.889258],[-77.2604,38.6],[-77.273242,38.351758],[-76.264258,37.893555],[-76.344141,37.675684],[-76.49248,37.682227],[-77.111084,38.165674],[-76.305566,37.571484],[-76.263477,37.357031],[-76.453906,37.273535],[-76.757715,37.50542],[-76.283301,37.052686],[-77.250879,37.329199],[-76.671875,37.172949],[-76.487842,36.897021],[-75.999414,36.912646],[-75.53418,35.819092],[-75.946484,36.659082],[-75.820068,36.112842],[-76.147852,36.279297],[-76.15,36.145752],[-76.559375,36.015332],[-76.733643,36.22915],[-76.726221,35.957617],[-76.069775,35.970312],[-76.083594,35.690527],[-75.853906,35.960156],[-75.758838,35.843262],[-75.773926,35.646973],[-76.173828,35.35415],[-77.03999,35.527393],[-76.512939,35.27041],[-76.77915,34.990332],[-77.070264,35.154639],[-76.974951,35.025195],[-76.456738,34.989355],[-76.439795,34.84292],[-77.29624,34.60293],[-77.412256,34.730811],[-77.379785,34.526611],[-77.750732,34.284961],[-77.927832,33.939746],[-77.953271,34.168994],[-78.01333,33.911816],[-78.841455,33.724072],[-79.193799,33.244141],[-79.226465,33.404883],[-79.276025,33.1354],[-79.933105,32.810059],[-79.940723,32.667139],[-80.63418,32.511719],[-80.474268,32.422754],[-80.579346,32.287305],[-80.802539,32.448047],[-80.694238,32.215723],[-81.113281,31.878613],[-81.460352,31.127051],[-81.516211,30.801807],[-81.249512,29.793799],[-80.524121,28.486084],[-80.456885,27.900684],[-80.606934,28.5229],[-80.693506,28.344971],[-80.838184,28.757666],[-80.748633,28.381006],[-80.050049,26.807715],[-80.126367,25.833496],[-80.484668,25.229834],[-81.110498,25.138037],[-81.136035,25.309668],[-80.94043,25.264209],[-81.364941,25.831055],[-81.715479,25.983154],[-81.958936,26.489941],[-81.828662,26.687061],[-82.0396,26.552051],[-82.013281,26.961572],[-82.290039,26.870801],[-82.7146,27.499609],[-82.405762,27.862891],[-82.675195,27.96377],[-82.610986,27.777246],[-82.742871,27.709375],[-82.843506,27.845996],[-82.651465,28.8875],[-83.694385,29.925977],[-84.309668,30.064746],[-84.382812,29.907373],[-85.318945,29.680225],[-85.675781,30.121924],[-85.603516,30.286768],[-85.755811,30.166992],[-86.454443,30.399121],[-86.123828,30.405811],[-86.257373,30.493018],[-87.201172,30.339258],[-86.985791,30.430859],[-86.997559,30.570312],[-87.281055,30.339258],[-88.005957,30.230908],[-87.790283,30.291797],[-88.011328,30.694189],[-88.135449,30.366602],[-88.905225,30.415137],[-89.588477,30.165967],[-90.125977,30.369092],[-90.331982,30.277588],[-90.413037,30.140332],[-90.175342,30.029102],[-89.737451,30.171973],[-89.815186,30.007275],[-89.631689,29.903809],[-89.400732,30.046045],[-89.354443,29.820215],[-89.720898,29.619287],[-89.015723,29.202881],[-89.376123,28.981348],[-89.443164,29.194141],[-90.159082,29.537158],[-90.052783,29.336816],[-90.212793,29.104932],[-90.379199,29.295117],[-90.751025,29.130859],[-91.290137,29.288965],[-91.150781,29.31792],[-91.248828,29.564209],[-91.514209,29.555371],[-91.893164,29.836035],[-92.26084,29.556836],[-93.175684,29.778955],[-93.826465,29.725146],[-93.841455,29.979736],[-93.890479,29.689355],[-94.759619,29.384277],[-94.52627,29.547949],[-94.778271,29.547852],[-94.741943,29.75],[-95.022852,29.702344],[-94.888281,29.370557],[-95.273486,28.963867],[-96.234521,28.488965],[-96.011035,28.631934],[-96.640039,28.708789],[-96.421094,28.457324],[-96.773535,28.421631],[-96.839502,28.194385],[-97.156494,28.144336],[-97.073096,27.986084],[-97.431494,27.837207],[-97.288721,27.670605],[-97.439111,27.328271],[-97.768457,27.45752],[-97.485107,27.237402],[-97.435059,26.48584],[-97.140186,26.029736],[-97.358154,25.870508],[-99.107764,26.446924],[-99.456543,27.056689],[-99.505322,27.54834],[-100.296045,28.327686],[-100.75459,29.18252],[-101.380371,29.742578],[-102.343066,29.86499],[-102.73418,29.643945],[-102.891992,29.216406],[-103.257715,29.001123],[-104.400635,29.57373],[-104.917871,30.58335],[-106.44541,31.768408],[-108.211816,31.779346],[-108.214453,31.329443],[-111.041992,31.324219],[-114.835938,32.508301],[-114.724756,32.715332],[-117.128271,32.53335],[-117.467432,33.295508],[-118.080518,33.722168],[-118.410449,33.743945],[-118.506201,34.017383],[-119.14375,34.112012],[-119.606055,34.418018],[-120.644678,34.57998],[-120.659082,35.122412],[-121.877393,36.331055],[-121.807422,36.851221],[-122.394922,37.20752],[-122.499219,37.542627],[-122.445605,37.797998],[-122.070508,37.478271],[-122.314258,38.007324],[-121.525342,38.055908],[-122.393359,38.144824],[-122.521338,37.826416],[-122.998779,37.988623],[-122.908154,38.196582],[-123.701123,38.907275],[-123.83291,39.775488],[-124.324023,40.251953],[-124.071924,41.459521],[-124.539648,42.812891],[-124.14873,43.691748],[-123.929346,45.576953],[-123.989307,46.219385],[-123.220605,46.153613],[-124.072754,46.279443],[-124.044336,46.605078],[-123.946143,46.432568],[-123.88916,46.66001],[-124.112549,46.862695],[-123.842871,46.963184],[-124.139258,46.954687],[-124.376025,47.658643],[-124.663086,47.974121],[-124.709961,48.380371],[-123.975781,48.168457],[-122.778613,48.137598],[-122.656641,47.881152],[-123.139062,47.386084],[-122.922168,47.407666],[-123.066797,47.399658],[-122.982471,47.559375],[-122.532813,47.919727],[-122.675488,47.612354],[-122.577881,47.293164],[-122.767773,47.218359],[-122.828467,47.336572],[-123.027588,47.138916],[-122.701953,47.110889],[-122.353809,47.371582],[-122.401807,47.784277],[-122.241992,48.010742],[-122.516992,48.159668],[-122.408545,48.293896],[-122.668994,48.465234],[-122.496777,48.505566],[-122.512744,48.669434],[-122.78877,48.993018],[-95.162061,48.991748],[-95.155273,49.369678],[-94.854346,49.30459],[-94.620898,48.742627],[-93.707715,48.525439],[-92.99624,48.611816],[-92.4146,48.276611],[-92.005176,48.301855],[-91.518311,48.058301],[-90.916064,48.209131],[-89.455664,47.99624],[-88.378174,48.303076],[-84.875977,46.899902],[-84.561768,46.457373],[-84.149463,46.542773],[-83.977783,46.084912],[-83.615967,46.116846],[-83.469482,45.994678],[-83.592676,45.817139],[-82.551074,45.347363],[-82.137842,43.570898],[-82.545312,42.624707],[-83.149658,42.141943],[-83.02998,41.832959],[-82.690039,41.675195],[-79.036719,42.802344],[-78.915088,42.909131],[-79.171875,43.466553],[-78.845557,43.58335],[-76.819971,43.628809],[-76.151172,44.303955],[-75.179395,44.899365],[-74.708887,45.003857]]],[[[-72.509766,40.986035],[-71.903223,41.060693],[-73.194287,40.654199],[-74.032031,40.638672],[-73.573828,40.919629],[-72.274121,41.153027],[-72.509766,40.986035]]],[[[-68.187256,44.332471],[-68.411719,44.294336],[-68.299414,44.456494],[-68.187256,44.332471]]],[[[-74.188135,40.522852],[-74.235889,40.518701],[-74.188184,40.6146],[-74.06875,40.649316],[-74.079687,40.586475],[-74.188135,40.522852]]],[[[-70.509912,41.376318],[-70.785303,41.327441],[-70.829199,41.358984],[-70.616016,41.457227],[-70.525342,41.414795],[-70.509912,41.376318]]],[[[-71.241406,41.491943],[-71.34624,41.469385],[-71.232031,41.654297],[-71.241406,41.491943]]],[[[-69.97793,41.265576],[-70.233057,41.286328],[-70.041211,41.397461],[-69.97793,41.265576]]],[[[-75.635693,35.855908],[-75.650781,35.835596],[-75.717187,35.946143],[-75.648877,35.9104],[-75.635693,35.855908]]],[[[-75.544141,35.240088],[-75.690088,35.221582],[-75.536377,35.278613],[-75.503516,35.769141],[-75.544141,35.240088]]],[[[-75.781934,35.190186],[-75.98418,35.123096],[-75.864941,35.174121],[-75.781934,35.190186]]],[[[-76.503662,34.642969],[-76.528564,34.631494],[-76.437012,34.756348],[-76.207373,34.938916],[-76.503662,34.642969]]],[[[-82.037207,26.453613],[-82.072852,26.427539],[-82.144971,26.44668],[-82.201367,26.548047],[-82.116064,26.460938],[-82.037207,26.453613]]],[[[-82.083789,26.552344],[-82.085205,26.493604],[-82.169141,26.700732],[-82.121143,26.665527],[-82.083789,26.552344]]],[[[-80.381836,25.142285],[-80.580566,24.954248],[-80.456006,25.149316],[-80.354932,25.233643],[-80.35127,25.296973],[-80.25708,25.347607],[-80.381836,25.142285]]],[[[-91.793701,29.500732],[-91.830859,29.486475],[-91.99624,29.573096],[-92.006641,29.610303],[-91.875244,29.640967],[-91.754297,29.566895],[-91.793701,29.500732]]],[[[-97.014355,27.901611],[-97.036035,27.89917],[-96.978662,28.013867],[-96.857422,28.13291],[-96.839746,28.088818],[-97.014355,27.901611]]],[[[-96.764404,28.152588],[-96.801123,28.148438],[-96.755615,28.202441],[-96.403564,28.381592],[-96.41333,28.337793],[-96.764404,28.152588]]],[[[-97.353613,27.300049],[-97.384814,27.242529],[-97.29502,27.523096],[-97.130029,27.77915],[-97.060547,27.822021],[-97.250879,27.541211],[-97.353613,27.300049]]],[[[-95.039697,29.145898],[-95.089648,29.136328],[-94.825977,29.341309],[-94.767627,29.339062],[-95.039697,29.145898]]],[[[-97.170703,26.159375],[-97.184521,26.112939],[-97.4021,26.820508],[-97.385986,27.196484],[-97.351221,26.801465],[-97.170703,26.159375]]],[[[-120.306592,34.024854],[-120.441553,34.03291],[-120.367725,34.073291],[-120.306592,34.024854]]],[[[-119.438037,33.217187],[-119.543652,33.224609],[-119.575195,33.27832],[-119.478809,33.274609],[-119.438037,33.217187]]],[[[-118.350391,32.827588],[-118.473193,32.838916],[-118.590186,33.011182],[-118.55708,33.032666],[-118.350391,32.827588]]],[[[-120.043555,33.918848],[-120.167139,33.918066],[-120.251904,34.013867],[-120.071826,34.026514],[-119.983936,33.97334],[-120.043555,33.918848]]],[[[-119.882373,34.079687],[-119.678857,34.028467],[-119.569141,34.052979],[-119.549268,34.028174],[-119.80957,33.967773],[-119.885498,33.994922],[-119.918066,34.067822],[-119.882373,34.079687]]],[[[-118.347949,33.385742],[-118.297461,33.312109],[-118.446289,33.31709],[-118.492041,33.412793],[-118.559424,33.431982],[-118.569434,33.46416],[-118.347949,33.385742]]],[[[-122.782129,48.672705],[-122.768848,48.650977],[-122.837598,48.626562],[-122.903027,48.664697],[-122.892529,48.594482],[-123.002832,48.652197],[-122.897705,48.710352],[-122.782129,48.672705]]],[[[-123.013135,48.500879],[-122.986768,48.468018],[-123.139941,48.507959],[-123.162158,48.606396],[-123.11416,48.613281],[-123.013135,48.500879]]],[[[-122.572754,48.156641],[-122.383154,47.923193],[-122.741504,48.225293],[-122.535547,48.321191],[-122.697021,48.228662],[-122.572754,48.156641]]],[[[-71.365332,41.485254],[-71.393066,41.466748],[-71.383984,41.570557],[-71.354492,41.542285],[-71.365332,41.485254]]],[[[-74.133203,39.680762],[-74.250488,39.529395],[-74.106738,39.746436],[-74.133203,39.680762]]],[[[-75.333057,37.888281],[-75.378516,37.87207],[-75.0979,38.298096],[-75.13623,38.180518],[-75.333057,37.888281]]],[[[-76.54624,34.654883],[-76.607812,34.663574],[-76.673926,34.700146],[-76.54624,34.654883]]],[[[-81.334814,24.650488],[-81.379053,24.636279],[-81.420068,24.75],[-81.322314,24.685059],[-81.334814,24.650488]]],[[[-80.829395,24.803662],[-80.84834,24.803662],[-80.785205,24.835254],[-80.829395,24.803662]]],[[[-80.638281,24.903174],[-80.665137,24.898438],[-80.6146,24.937939],[-80.638281,24.903174]]],[[[-81.044189,24.716797],[-81.08999,24.693115],[-81.137354,24.710498],[-80.930469,24.759473],[-81.044189,24.716797]]],[[[-81.418994,30.971436],[-81.463477,30.727783],[-81.484619,30.897852],[-81.418994,30.971436]]],[[[-81.566699,24.599902],[-81.631494,24.590039],[-81.579248,24.629395],[-81.562305,24.68916],[-81.532227,24.61416],[-81.566699,24.599902]]],[[[-80.186768,27.278418],[-80.170508,27.204785],[-80.376074,27.643408],[-80.436914,27.850537],[-80.186768,27.278418]]],[[[-81.783838,24.54458],[-81.811426,24.557812],[-81.738672,24.575439],[-81.783838,24.54458]]],[[[-88.889307,29.712598],[-88.943604,29.660254],[-88.872656,29.752979],[-88.889307,29.712598]]],[[[-88.558105,30.215918],[-88.659229,30.225586],[-88.722852,30.264258],[-88.558105,30.215918]]],[[[-88.071338,30.252344],[-88.31626,30.24043],[-88.109375,30.27373],[-88.071338,30.252344]]],[[[-89.223975,30.084082],[-89.220459,30.037598],[-89.341992,30.062842],[-89.184668,30.168652],[-89.223975,30.084082]]],[[[-88.827441,29.807715],[-88.855664,29.775879],[-88.827979,29.928369],[-88.866895,30.056738],[-88.812598,29.93335],[-88.827441,29.807715]]],[[[-84.90791,29.642627],[-85.008252,29.606641],[-85.116748,29.632812],[-85.000537,29.627197],[-84.737158,29.732422],[-84.90791,29.642627]]],[[[-122.853076,47.204736],[-122.876758,47.186133],[-122.911914,47.254346],[-122.885107,47.274707],[-122.853076,47.204736]]],[[[-122.394141,47.395264],[-122.509912,47.358008],[-122.486475,47.48877],[-122.394141,47.395264]]],[[[-122.497266,47.59458],[-122.575928,47.619482],[-122.549756,47.703955],[-122.507861,47.682666],[-122.497266,47.59458]]],[[[-122.820898,48.431348],[-122.921631,48.456934],[-122.912207,48.537988],[-122.868896,48.548633],[-122.820898,48.431348]]],[[[-68.623193,44.196045],[-68.701709,44.182666],[-68.703027,44.231982],[-68.676758,44.256201],[-68.623193,44.196045]]]]}},{"type":"Feature","properties":{"sigla":"TTO","nome":"Trinidad e Tobago"},"geometry":{"type":"MultiPolygon","coordinates":[[[[-60.756299,11.178516],[-60.810645,11.168604],[-60.804297,11.208398],[-60.708936,11.277246],[-60.525488,11.325391],[-60.546484,11.263721],[-60.756299,11.178516]]],[[[-61.012109,10.134326],[-61.906104,10.069141],[-61.499316,10.268555],[-61.478271,10.603369],[-61.651172,10.718066],[-60.917627,10.840234],[-61.012109,10.134326]]]]}},{"type":"Feature","properties":{"sigla":"VCT","nome":"S\u00e3o Vicente e Granadinas"},"geometry":{"type":"MultiPolygon","coordinates":[[[[-61.174512,13.158105],[-61.268457,13.287695],[-61.138965,13.35874],[-61.174512,13.158105]]],[[[-61.226221,12.994629],[-61.276953,12.989893],[-61.201172,13.052539],[-61.226221,12.994629]]],[[[-61.334375,12.695215],[-61.353516,12.698145],[-61.319873,12.735449],[-61.334375,12.695215]]]]}},{"type":"Feature","properties":{"sigla":"LCA","nome":"Santa L\u00facia"},"geometry":{"type":"Polygon","coordinates":[[[-60.895215,13.821973],[-60.951416,13.717578],[-61.073145,13.865576],[-60.908105,14.093359],[-60.895215,13.821973]]]}},{"type":"Feature","properties":{"sigla":"KNA","nome":"S\u00e3o Crist\u00f3v\u00e3o e Nevis"},"geometry":{"type":"MultiPolygon","coordinates":[[[[-62.532227,17.121875],[-62.582422,17.100586],[-62.624902,17.12959],[-62.615283,17.199121],[-62.53418,17.170117],[-62.532227,17.121875]]],[[[-62.630664,17.23999],[-62.656494,17.224414],[-62.702002,17.286035],[-62.838916,17.339258],[-62.827051,17.386426],[-62.794629,17.402588],[-62.713721,17.353271],[-62.630664,17.23999]]]]}},{"type":"Feature","properties":{"sigla":"PAN","nome":"Panam\u00e1"},"geometry":{"type":"MultiPolygon","coordinates":[[[[-77.374219,8.658301],[-77.478516,8.498437],[-77.195996,7.972461],[-77.538281,7.56626],[-77.761914,7.698828],[-77.901172,7.229346],[-78.421582,8.060986],[-78.141895,8.386084],[-77.760547,8.133252],[-78.099463,8.496973],[-78.223047,8.396631],[-78.399219,8.505664],[-78.409863,8.355322],[-78.514062,8.628174],[-79.086377,8.997168],[-79.50708,8.970068],[-79.750439,8.595508],[-80.458984,8.213867],[-80.01123,7.500049],[-80.666699,7.225684],[-80.901221,7.277148],[-81.063867,7.899756],[-81.268408,7.625488],[-81.50415,7.721191],[-81.727637,8.137549],[-82.679541,8.321973],[-82.879346,8.070654],[-83.027344,8.337744],[-82.727832,8.916064],[-82.940332,9.060107],[-82.801025,9.591797],[-82.370801,9.428564],[-82.077881,8.934863],[-81.780225,8.957227],[-81.894482,9.14043],[-81.354785,8.780566],[-80.1271,9.209912],[-79.577295,9.597852],[-79.112256,9.536768],[-78.082764,9.236279],[-77.374219,8.658301]]],[[[-78.89834,8.274268],[-78.918115,8.231934],[-78.964941,8.32627],[-78.960596,8.43584],[-78.883252,8.460254],[-78.856152,8.448242],[-78.83916,8.3479],[-78.89834,8.274268]]],[[[-81.603271,7.332812],[-81.852051,7.45332],[-81.812158,7.592383],[-81.603271,7.332812]]],[[[-82.233496,9.380713],[-82.244434,9.334082],[-82.321729,9.418115],[-82.259424,9.430273],[-82.233496,9.380713]]],[[[-79.06543,8.254199],[-79.110352,8.209814],[-79.127539,8.251855],[-79.096289,8.29541],[-79.06543,8.254199]]]]}},{"type":"Feature","properties":{"sigla":"NIC","nome":"Nicar\u00e1gua"},"geometry":{"type":"Polygon","coordinates":[[[-83.15752,14.993066],[-83.413721,14.825342],[-83.187744,14.340088],[-83.567334,13.320312],[-83.510937,12.411816],[-83.593359,12.713086],[-83.754248,12.501953],[-83.68042,12.024316],[-83.828906,11.861035],[-83.651758,11.642041],[-83.867871,11.300049],[-83.641992,10.917236],[-83.712939,10.785889],[-84.168359,10.780371],[-84.348291,10.979883],[-84.90918,10.945312],[-85.58418,11.189453],[-85.744336,11.062109],[-87.667529,12.903564],[-87.585059,13.043311],[-87.389648,12.920654],[-86.958887,13.053711],[-86.710693,13.313379],[-86.733643,13.763477],[-86.331738,13.770068],[-86.040381,14.050146],[-85.733936,13.858691],[-85.179492,14.343311],[-84.985156,14.752441],[-84.453564,14.643701],[-83.15752,14.993066]]]}},{"type":"Feature","properties":{"sigla":"MEX","nome":"M\u00e9xico"},"geometry":{"type":"MultiPolygon","coordinates":[[[[-117.128271,32.53335],[-114.724756,32.715332],[-114.835938,32.508301],[-111.041992,31.324219],[-108.214453,31.329443],[-108.211816,31.779346],[-106.453223,31.770166],[-104.917871,30.58335],[-104.400635,29.57373],[-103.257715,29.001123],[-102.891992,29.216406],[-102.614941,29.752344],[-102.268945,29.871191],[-101.440381,29.776855],[-100.75459,29.18252],[-100.296045,28.327686],[-99.505322,27.54834],[-99.456543,27.056689],[-99.107764,26.446924],[-97.375635,25.871826],[-97.14624,25.961475],[-97.667676,24.38999],[-97.84248,22.510303],[-97.763281,22.105859],[-97.314502,21.564209],[-97.40918,21.272559],[-97.383447,21.566699],[-97.753809,22.02666],[-97.186328,20.717041],[-96.456055,19.869775],[-96.289551,19.34375],[-95.778125,18.805518],[-95.920361,18.81958],[-95.181836,18.700732],[-94.459766,18.16665],[-92.441016,18.675293],[-91.973779,18.715869],[-91.913574,18.528516],[-91.533984,18.456543],[-91.275244,18.624463],[-91.43667,18.889795],[-90.739258,19.352246],[-90.693164,19.729883],[-90.491699,19.946777],[-90.353125,21.009424],[-89.819775,21.274609],[-88.466699,21.569385],[-87.250879,21.446973],[-87.188281,21.546436],[-87.38667,21.551465],[-87.128467,21.621484],[-86.824072,21.42168],[-86.771777,21.150537],[-87.687695,19.637109],[-87.424756,19.58335],[-87.658691,19.352344],[-87.501074,19.287793],[-87.804102,18.35708],[-87.881982,18.273877],[-88.039062,18.483887],[-88.073779,18.834473],[-88.806348,17.965527],[-89.133545,17.970801],[-89.161475,17.814844],[-90.98916,17.816406],[-90.992969,17.252441],[-91.409619,17.255859],[-90.416992,16.391016],[-90.447168,16.072705],[-91.736572,16.070166],[-92.204248,15.275],[-92.074805,15.074219],[-92.235156,14.54541],[-93.166895,15.448047],[-94.37417,16.284766],[-94.00127,16.018945],[-94.661523,16.201904],[-94.616846,16.347559],[-94.79082,16.287158],[-94.900439,16.41748],[-95.02085,16.277637],[-94.799414,16.209668],[-96.51084,15.651904],[-97.754785,15.966846],[-98.762207,16.534766],[-99.690674,16.719629],[-100.847803,17.200488],[-101.918701,17.959766],[-103.441602,18.325391],[-103.912451,18.828467],[-104.938477,19.309375],[-105.48208,19.976074],[-105.669434,20.385596],[-105.260156,20.579053],[-105.51084,20.80874],[-105.237061,21.119189],[-105.208691,21.49082],[-105.649121,21.988086],[-105.791797,22.62749],[-106.935498,23.88125],[-107.764941,24.471924],[-107.527246,24.360059],[-107.511914,24.48916],[-107.951172,24.614893],[-108.280762,25.081543],[-108.051465,25.067041],[-108.787256,25.538037],[-109.028809,25.480469],[-108.886572,25.733447],[-109.196484,25.592529],[-109.384961,25.727148],[-109.425635,26.032568],[-109.116699,26.252734],[-109.27627,26.533887],[-109.754785,26.70293],[-109.943994,27.079346],[-110.477783,27.322656],[-110.615479,27.653906],[-110.529883,27.864209],[-111.121387,27.966992],[-112.161768,29.018896],[-113.057666,30.651025],[-113.046729,31.179248],[-114.933594,31.900732],[-114.649756,30.238135],[-112.87085,28.424219],[-112.734033,27.825977],[-112.329199,27.523438],[-111.862646,26.678516],[-111.699414,26.580957],[-111.795264,26.879687],[-111.569678,26.707617],[-111.291602,25.789795],[-110.686768,24.867676],[-110.659326,24.341455],[-110.367432,24.100488],[-110.262891,24.344531],[-109.42085,23.480127],[-109.495703,23.159814],[-110.00625,22.894043],[-110.362695,23.604932],[-112.072559,24.840039],[-112.055762,25.488232],[-112.377246,26.213916],[-113.020752,26.583252],[-113.155811,26.94624],[-113.598535,26.721289],[-114.993506,27.736035],[-115.036475,27.841846],[-114.300586,27.872998],[-114.069336,27.675684],[-114.265869,27.934473],[-114.048486,28.426172],[-114.937305,29.351611],[-115.673828,29.756396],[-116.062158,30.80415],[-116.296289,30.970508],[-116.662158,31.564893],[-116.620801,31.851074],[-117.128271,32.53335]]],[[[-86.939648,20.30332],[-86.977979,20.489795],[-86.763281,20.579053],[-86.939648,20.30332]]],[[[-106.502246,21.61084],[-106.531348,21.528516],[-106.607031,21.561475],[-106.639355,21.697852],[-106.597363,21.712158],[-106.536426,21.676367],[-106.502246,21.61084]]],[[[-110.914453,18.741455],[-110.974805,18.720361],[-111.063672,18.781641],[-110.989404,18.863135],[-110.914453,18.741455]]],[[[-110.567383,25.003467],[-110.538867,24.891553],[-110.657422,24.968848],[-110.699268,25.081445],[-110.567383,25.003467]]],[[[-113.155615,29.052246],[-113.587207,29.573047],[-113.202148,29.301855],[-113.155615,29.052246]]],[[[-115.170605,28.069385],[-115.35293,28.103955],[-115.233545,28.368359],[-115.170605,28.069385]]],[[[-112.203076,29.005322],[-112.278418,28.769336],[-112.514062,28.847607],[-112.423535,29.203662],[-112.285059,29.24043],[-112.203076,29.005322]]],[[[-118.242773,28.941943],[-118.285498,28.90376],[-118.400098,29.112305],[-118.401367,29.162744],[-118.367822,29.187598],[-118.312305,29.182861],[-118.312061,29.130518],[-118.247363,29.043359],[-118.242773,28.941943]]],[[[-86.714014,21.239307],[-86.696289,21.191016],[-86.752881,21.278809],[-86.714014,21.239307]]],[[[-91.683691,18.677344],[-91.796143,18.654199],[-91.816113,18.675879],[-91.589111,18.778027],[-91.536719,18.76001],[-91.683691,18.677344]]],[[[-109.805078,24.151074],[-109.87793,24.200635],[-109.890332,24.344824],[-109.793799,24.183398],[-109.805078,24.151074]]],[[[-114.694141,31.705615],[-114.789209,31.747412],[-114.78457,31.789795],[-114.709082,31.756885],[-114.694141,31.705615]]],[[[-111.100293,26.020605],[-111.094434,25.974072],[-111.135254,25.99917],[-111.224658,25.835889],[-111.18291,26.040625],[-111.090869,26.075684],[-111.100293,26.020605]]],[[[-111.698877,24.393604],[-111.712305,24.346387],[-112.013281,24.533398],[-111.856836,24.537988],[-111.698877,24.393604]]],[[[-112.057275,24.545703],[-112.296777,24.789648],[-112.159424,25.285645],[-112.057275,24.545703]]]]}},{"type":"Feature","properties":{"sigla":"JAM","nome":"Jamaica"},"geometry":{"type":"Polygon","coordinates":[[[-77.261475,18.457422],[-76.349854,18.151855],[-76.210791,17.913525],[-76.853223,17.97373],[-77.20498,17.714941],[-77.768164,17.877393],[-78.325977,18.349756],[-77.873437,18.522217],[-77.261475,18.457422]]]}},{"type":"Feature","properties":{"sigla":"HND","nome":"Honduras"},"geometry":{"type":"MultiPolygon","coordinates":[[[[-83.15752,14.993066],[-84.453564,14.643701],[-84.985156,14.752441],[-85.179492,14.343311],[-85.733936,13.858691],[-86.040381,14.050146],[-86.331738,13.770068],[-86.758984,13.746143],[-86.710693,13.313379],[-87.05918,12.991455],[-87.337256,12.979248],[-87.489111,13.35293],[-87.814209,13.39917],[-87.802246,13.88999],[-88.151025,13.987354],[-88.482666,13.854248],[-89.362598,14.416016],[-89.171777,14.606885],[-89.142578,15.072314],[-88.22832,15.729004],[-87.701855,15.910645],[-86.907227,15.762354],[-86.356641,15.783203],[-85.985645,16.02417],[-85.483691,15.899512],[-84.97373,15.989893],[-84.261426,15.822607],[-83.765283,15.405469],[-83.972803,15.519629],[-84.095068,15.400928],[-83.760449,15.220361],[-83.497949,15.222119],[-83.646387,15.368408],[-83.15752,14.993066]]],[[[-86.419922,16.378369],[-86.63042,16.301758],[-86.438281,16.413867],[-86.255518,16.428223],[-86.419922,16.378369]]],[[[-85.870947,16.461523],[-85.947217,16.403613],[-85.960986,16.429688],[-85.924219,16.483301],[-85.833789,16.510889],[-85.870947,16.461523]]]]}},{"type":"Feature","properties":{"sigla":"HTI","nome":"Haiti"},"geometry":{"type":"MultiPolygon","coordinates":[[[[-71.779248,19.718164],[-71.645312,19.163525],[-71.807129,18.987012],[-71.743213,18.73291],[-72.000391,18.5979],[-71.761914,18.341309],[-71.768311,18.03916],[-72.059863,18.228564],[-73.385156,18.251172],[-73.884961,18.041895],[-74.459961,18.393066],[-74.227734,18.662695],[-72.789355,18.434814],[-72.376074,18.574463],[-72.811084,19.071582],[-72.703223,19.441064],[-73.396338,19.658691],[-73.315332,19.85459],[-72.876514,19.928076],[-71.779248,19.718164]]],[[[-72.80459,18.777686],[-72.822217,18.707129],[-73.077979,18.790918],[-73.285254,18.896729],[-73.276416,18.954053],[-73.170605,18.967285],[-73.069141,18.932031],[-72.80459,18.777686]]],[[[-72.664062,20.0375],[-72.623486,20.01416],[-72.638867,19.98584],[-72.960352,20.062256],[-72.791016,20.091895],[-72.664062,20.0375]]]]}},{"type":"Feature","properties":{"sigla":"GTM","nome":"Guatemala"},"geometry":{"type":"Polygon","coordinates":[[[-92.235156,14.54541],[-92.074805,15.074219],[-92.204248,15.275],[-91.736572,16.070166],[-90.447168,16.072705],[-90.416992,16.391016],[-91.409619,17.255859],[-90.992969,17.252441],[-90.98916,17.816406],[-89.161475,17.814844],[-89.2375,15.894434],[-88.603369,15.76416],[-88.593945,15.950293],[-88.22832,15.729004],[-89.170312,15.039893],[-89.171777,14.606885],[-89.573633,14.390088],[-89.547168,14.24126],[-90.095215,13.736523],[-91.377344,13.990186],[-92.235156,14.54541]]]}},{"type":"Feature","properties":{"sigla":"GRD","nome":"Granada"},"geometry":{"type":"Polygon","coordinates":[[[-61.715527,12.012646],[-61.782178,12.008447],[-61.71499,12.185156],[-61.660449,12.237012],[-61.607031,12.223291],[-61.627148,12.053955],[-61.715527,12.012646]]]}},{"type":"Feature","properties":{"sigla":"SLV","nome":"El Salvador"},"geometry":{"type":"Polygon","coordinates":[[[-89.362598,14.416016],[-88.482666,13.854248],[-88.151025,13.987354],[-87.731445,13.841064],[-87.820703,13.285156],[-88.180664,13.164014],[-88.685645,13.281494],[-88.512012,13.183936],[-90.095215,13.736523],[-89.547168,14.24126],[-89.573633,14.390088],[-89.362598,14.416016]]]}},{"type":"Feature","properties":{"sigla":"DOM","nome":"Rep\u00fablica Dominicana"},"geometry":{"type":"Polygon","coordinates":[[[-71.768311,18.03916],[-71.761914,18.341309],[-72.000391,18.5979],[-71.743213,18.73291],[-71.807129,18.987012],[-71.645312,19.163525],[-71.779248,19.718164],[-71.557764,19.895361],[-70.95415,19.913965],[-69.956836,19.671875],[-69.739404,19.299219],[-69.232471,19.271826],[-69.623633,19.117822],[-68.684766,18.904785],[-68.33916,18.611523],[-68.687402,18.214941],[-69.274512,18.439844],[-70.479932,18.217285],[-70.644678,18.33623],[-71.027832,18.273193],[-71.438965,17.635596],[-71.768311,18.03916]]]}},{"type":"Feature","properties":{"sigla":"DMA","nome":"Dominica"},"geometry":{"type":"Polygon","coordinates":[[[-61.281689,15.249023],[-61.458105,15.633105],[-61.277246,15.526709],[-61.281689,15.249023]]]}},{"type":"Feature","properties":{"sigla":"CUB","nome":"Cuba"},"geometry":{"type":"MultiPolygon","coordinates":[[[[-81.837451,23.163037],[-80.650146,23.103076],[-79.820264,22.887012],[-79.275684,22.407617],[-78.686475,22.366846],[-77.636816,21.797363],[-77.497266,21.871631],[-77.144141,21.643604],[-77.366162,21.612646],[-77.252881,21.483496],[-77.098633,21.589014],[-76.867432,21.33042],[-75.722949,21.111035],[-75.595801,20.994678],[-75.724561,20.714551],[-74.882568,20.650635],[-74.153711,20.168555],[-75.116406,19.901416],[-75.151611,20.00835],[-75.290479,19.893115],[-76.158447,19.989746],[-77.715088,19.855469],[-77.103809,20.40752],[-77.22959,20.64375],[-78.116357,20.761865],[-78.490771,21.053711],[-78.727686,21.592725],[-79.357422,21.585156],[-80.231348,21.872168],[-80.485449,22.123437],[-81.035645,22.073584],[-81.185498,22.267969],[-81.284375,22.109424],[-81.849414,22.213672],[-82.077734,22.387695],[-81.710352,22.49668],[-81.838818,22.672461],[-82.738037,22.689258],[-83.379639,22.222998],[-83.900732,22.170117],[-84.030957,21.943115],[-84.838232,21.82793],[-84.326367,22.074316],[-84.361279,22.378906],[-84.044922,22.666016],[-83.257812,22.967578],[-81.837451,23.163037]]],[[[-77.668994,21.951953],[-77.918555,22.088086],[-77.633691,22.054004],[-77.668994,21.951953]]],[[[-78.0271,22.285156],[-78.04751,22.268506],[-78.180029,22.321973],[-78.273535,22.423584],[-78.150586,22.431494],[-78.0271,22.285156]]],[[[-78.630127,22.552246],[-78.351221,22.538623],[-78.283887,22.455469],[-78.547656,22.464014],[-78.695508,22.533984],[-78.630127,22.552246]]],[[[-77.879395,22.127539],[-78.04165,22.20127],[-77.999219,22.29873],[-77.96958,22.240674],[-77.893652,22.214551],[-77.84248,22.148975],[-77.879395,22.127539]]],[[[-82.561768,21.57168],[-82.959619,21.441309],[-83.183789,21.593457],[-82.973584,21.592285],[-82.991211,21.942725],[-82.714551,21.890283],[-82.561768,21.57168]]],[[[-79.349561,22.663916],[-79.3479,22.637695],[-79.522754,22.711133],[-79.628174,22.805225],[-79.57915,22.806738],[-79.349561,22.663916]]]]}},{"type":"Feature","properties":{"sigla":"CRI","nome":"Costa Rica"},"geometry":{"type":"Polygon","coordinates":[[[-82.563574,9.57666],[-82.939844,9.44917],[-82.940332,9.060107],[-82.727832,8.916064],[-83.027344,8.337744],[-82.879346,8.070654],[-83.285791,8.664355],[-83.469727,8.706836],[-83.291504,8.406006],[-83.604736,8.480322],[-83.734082,8.614453],[-83.613721,8.804053],[-83.736914,9.150293],[-84.581592,9.568359],[-84.714941,9.899414],[-85.025049,10.115723],[-85.263184,10.256641],[-84.886426,9.820947],[-85.114502,9.581787],[-85.624854,9.902441],[-85.849658,10.292041],[-85.667236,10.74502],[-85.908008,10.897559],[-85.58418,11.189453],[-84.90918,10.945312],[-84.348291,10.979883],[-83.919287,10.735352],[-83.641992,10.917236],[-83.346826,10.315381],[-82.563574,9.57666]]]}},{"type":"Feature","properties":{"sigla":"CAN","nome":"Canad\u00e1"},"geometry":{"type":"MultiPolygon","coordinates":[[[[-132.655518,54.12749],[-132.166113,53.955225],[-132.534668,53.651709],[-132.186963,53.684814],[-132.134424,54.034277],[-131.667627,54.141357],[-132.011328,53.265186],[-132.520459,53.194043],[-132.74751,53.310498],[-132.425,53.336963],[-132.84502,53.507715],[-133.097949,54.005615],[-133.048389,54.158936],[-132.655518,54.12749]]],[[[-131.753711,53.195557],[-131.634668,52.922168],[-131.971777,52.879834],[-131.455225,52.701709],[-131.590576,52.578223],[-131.142627,52.291113],[-131.221533,52.153613],[-132.165088,52.783301],[-132.258105,52.933887],[-132.14375,52.999316],[-132.546777,53.1375],[-131.753711,53.195557]]],[[[-127.197314,50.640381],[-125.48208,50.316797],[-124.830615,49.530078],[-123.995801,49.224023],[-123.283789,48.455176],[-123.573145,48.322803],[-125.017236,48.711475],[-125.135693,48.822412],[-124.812646,49.212646],[-124.927344,49.014209],[-125.543115,48.952832],[-125.828516,49.091846],[-125.644238,49.185791],[-125.95166,49.248047],[-125.9354,49.401465],[-126.548535,49.418945],[-126.541895,49.590479],[-126.134082,49.672314],[-126.90332,49.944141],[-127.114307,49.879736],[-127.249805,50.137988],[-127.863916,50.127734],[-127.905859,50.445215],[-127.486523,50.404639],[-127.465918,50.583105],[-128.05835,50.498486],[-128.349902,50.696582],[-128.241553,50.828174],[-127.197314,50.640381]]],[[[-130.025098,55.888232],[-130.097852,56.109277],[-131.824268,56.58999],[-131.866162,56.792822],[-132.104297,56.856787],[-132.031543,57.026562],[-132.337988,57.079443],[-132.232178,57.198535],[-133.401123,58.410889],[-134.94375,59.288281],[-135.051025,59.578662],[-135.475928,59.793262],[-136.321826,59.604834],[-136.247119,59.53291],[-136.466357,59.459082],[-136.57876,59.152246],[-137.438574,58.903125],[-137.593311,59.22627],[-139.185156,60.083594],[-139.079248,60.343701],[-139.973291,60.183154],[-141.002148,60.300244],[-141.002148,69.650781],[-139.181543,69.515527],[-137.869434,69.092822],[-135.258838,68.684326],[-135.894727,68.926709],[-135.575537,69.026953],[-135.910205,69.111475],[-135.14082,69.467822],[-134.456836,69.477637],[-134.408936,69.681787],[-133.879785,69.507715],[-134.174316,69.252832],[-130.665479,70.127051],[-129.675635,70.192969],[-129.538428,70.105176],[-129.648291,69.997754],[-132.686719,69.259863],[-133.418311,68.844287],[-133.196826,68.739844],[-133.33667,68.835254],[-132.577637,68.847803],[-132.718945,69.079199],[-131.788379,69.431982],[-131.063428,69.450684],[-130.970654,69.209082],[-130.117627,69.720068],[-128.898926,69.966162],[-129.15791,69.800098],[-128.853027,69.751025],[-127.683789,70.260352],[-128.170117,70.418457],[-127.991016,70.573828],[-127.225977,70.296143],[-126.612158,69.730322],[-125.727783,69.37998],[-125.171875,69.427979],[-125.345508,69.662451],[-124.76792,69.990039],[-124.990381,70.026611],[-124.555029,70.151221],[-124.406934,69.767432],[-124.124609,69.68999],[-124.481348,69.425146],[-124.338086,69.364844],[-123.528418,69.389355],[-123.025781,69.81001],[-121.741846,69.79751],[-120.13999,69.380566],[-117.226953,68.913428],[-115.442285,68.940918],[-114.620166,68.746094],[-113.964404,68.399072],[-115.127051,68.132031],[-115.434473,67.902344],[-115.133203,67.819189],[-112.503027,67.681934],[-110.073926,67.99292],[-109.630371,67.732715],[-109.038037,67.691162],[-108.852002,67.421973],[-108.61333,67.598047],[-107.988721,67.256396],[-107.991309,67.095166],[-108.496045,67.092285],[-107.259473,66.398535],[-107.710352,66.740039],[-107.745996,66.961475],[-107.156494,66.881738],[-107.958398,67.818604],[-107.763086,67.906836],[-107.798291,68.036914],[-106.424268,68.200586],[-105.750195,68.592285],[-108.322803,68.154102],[-108.718115,68.297461],[-108.345752,68.597803],[-106.164453,68.919873],[-105.685596,68.828174],[-105.377441,68.413818],[-104.486816,68.063184],[-103.474121,68.115039],[-102.320361,67.735645],[-100.212939,67.838574],[-99.032178,67.718848],[-98.412109,67.807178],[-98.703564,67.965723],[-98.631543,68.072559],[-97.454932,67.616992],[-97.194434,67.696924],[-97.206543,67.855078],[-98.192529,67.922998],[-98.650488,68.363525],[-97.410352,68.496533],[-96.976709,68.25542],[-96.430664,68.310596],[-96.72207,68.03877],[-95.970312,68.249121],[-96.369141,67.509766],[-96.141455,67.271826],[-95.719922,67.316797],[-95.777686,67.184619],[-95.415918,67.155566],[-95.418896,67.013232],[-96.422559,67.051758],[-95.787549,66.616797],[-96.036865,66.9375],[-95.399658,66.949463],[-95.25874,67.262549],[-95.650488,67.737451],[-95.460693,68.021387],[-94.744434,68.070898],[-93.448926,68.618896],[-93.643945,68.633105],[-93.852441,69.000342],[-94.064893,68.784766],[-94.600439,68.803223],[-94.083643,69.123096],[-94.255371,69.151465],[-94.254736,69.31377],[-93.619482,69.416992],[-93.748535,69.226123],[-93.430957,69.375049],[-93.532275,69.480908],[-94.270801,69.455127],[-94.633838,69.649658],[-95.964941,69.802783],[-96.551367,70.210303],[-96.297705,70.511377],[-95.878613,70.548975],[-95.988184,70.616846],[-95.886328,70.694287],[-96.258008,70.642285],[-96.548926,70.80874],[-96.446582,71.239893],[-96.062012,71.413867],[-95.564258,71.336768],[-95.40625,71.49165],[-95.872314,71.573145],[-95.201221,71.903711],[-94.611133,71.986865],[-94.30835,71.764893],[-93.746289,71.742822],[-93.031299,71.335693],[-92.882715,71.069336],[-92.981445,70.852246],[-91.564062,70.178271],[-92.320508,70.235352],[-92.511865,70.103857],[-91.976709,70.038672],[-92.887793,69.668213],[-91.911963,69.53125],[-91.201807,69.644775],[-91.439941,69.525684],[-90.415576,69.456982],[-91.237207,69.285547],[-90.479004,68.881152],[-90.573633,68.474707],[-90.247754,68.267432],[-89.897705,68.490771],[-89.666602,69.0146],[-89.279541,69.255469],[-88.041357,68.811719],[-87.82793,68.299951],[-88.346973,68.288281],[-88.313818,67.950342],[-87.359375,67.177246],[-86.560791,67.482129],[-86.398047,67.800098],[-85.952588,68.072461],[-85.689795,68.670947],[-84.867578,68.77334],[-85.106641,68.844043],[-84.862207,69.073975],[-85.386768,69.231885],[-85.507373,69.845264],[-82.37417,69.641797],[-82.754834,69.494385],[-82.309863,69.41001],[-82.227539,69.248877],[-81.377832,69.185645],[-81.95791,68.883643],[-81.25249,68.743164],[-81.914844,68.458789],[-82.552686,68.446484],[-82.222412,68.145264],[-82.0125,68.193896],[-82.062549,67.928174],[-81.294336,67.497412],[-81.467578,67.069873],[-83.406445,66.37124],[-84.538477,66.972803],[-85.113721,66.906934],[-84.737744,66.933594],[-84.223047,66.682471],[-83.869043,66.213574],[-84.628076,66.207715],[-85.603857,66.568262],[-86.708154,66.523047],[-86.685107,66.3604],[-85.95874,66.119043],[-87.452881,65.338965],[-87.969971,65.348926],[-89.749414,65.936035],[-91.427246,65.9479],[-89.924072,65.780273],[-88.974023,65.348291],[-87.027539,65.198096],[-88.105615,64.183301],[-88.817725,63.992236],[-89.200635,64.11377],[-89.131543,63.968506],[-90.04165,64.140869],[-89.855713,63.956982],[-90.168164,63.97876],[-90.013428,63.804297],[-90.154736,63.689648],[-90.811914,63.580908],[-93.696338,64.147168],[-93.559814,63.865283],[-93.270215,63.840869],[-93.378516,63.948486],[-92.156885,63.691699],[-92.465088,63.555078],[-91.841846,63.697559],[-90.711279,63.304053],[-90.777881,62.971631],[-91.448975,62.804053],[-92.361279,62.819385],[-91.93584,62.592383],[-92.551416,62.546729],[-92.767969,62.37998],[-92.527979,62.168408],[-93.205371,62.364941],[-92.905518,62.215137],[-93.333057,61.93291],[-93.581787,61.942041],[-93.312012,61.767285],[-93.912744,61.481445],[-94.509375,60.604541],[-94.761719,60.498242],[-94.646777,60.416406],[-94.788281,59.267871],[-94.957324,59.068848],[-94.287061,58.716016],[-94.332227,58.297363],[-94.123193,58.736719],[-93.17876,58.725635],[-92.432812,57.320312],[-92.798145,56.921973],[-90.592187,57.224463],[-88.826465,56.814258],[-87.482422,56.021289],[-85.67666,55.601074],[-85.218018,55.348975],[-85.365283,55.079297],[-85.060938,55.285645],[-83.910596,55.314648],[-82.393262,55.067822],[-82.219385,54.813477],[-82.42417,54.24458],[-82.141455,53.817627],[-82.291553,53.030713],[-81.599414,52.432617],[-81.827881,52.224219],[-81.466211,52.204492],[-80.657959,51.75835],[-80.443311,51.388574],[-80.851221,51.125],[-80.47832,51.307324],[-80.103564,51.282861],[-79.3479,50.762646],[-79.714453,51.117578],[-79.688818,51.346582],[-79.296973,51.622803],[-78.903174,51.200293],[-78.731348,51.497461],[-78.981641,51.774561],[-78.448096,52.261377],[-78.744141,52.655371],[-79.100342,53.656641],[-78.996045,54.00249],[-79.712354,54.671826],[-77.775293,55.29126],[-76.761816,55.996436],[-76.529834,56.499951],[-76.572852,57.181201],[-76.890918,57.758105],[-77.552441,58.2396],[-78.505908,58.649121],[-78.430518,58.901758],[-77.760693,59.380029],[-77.859033,59.475781],[-77.726172,59.675879],[-77.349072,59.578955],[-77.485303,59.68457],[-77.289209,60.022021],[-77.585889,60.088184],[-77.452881,60.145801],[-77.681445,60.4271],[-77.503564,60.542725],[-77.79082,60.639844],[-77.603027,60.825195],[-78.181348,60.819141],[-77.514355,61.556299],[-78.021387,61.83208],[-78.133398,62.282275],[-77.372412,62.57251],[-75.816895,62.315869],[-75.675537,62.249512],[-75.789844,62.17959],[-75.341211,62.312109],[-74.632568,62.115674],[-73.705078,62.473145],[-72.686963,62.124561],[-72.771631,61.84043],[-72.226123,61.831592],[-72.040039,61.680273],[-72.215869,61.587256],[-71.638281,61.617188],[-71.854395,61.439795],[-71.422705,61.158936],[-70.279297,61.068652],[-69.992432,60.856494],[-69.471924,61.010938],[-69.404736,60.846777],[-69.75127,60.487451],[-69.67373,60.075879],[-70.654834,60.026221],[-69.733936,59.918018],[-69.579395,59.675098],[-69.681885,59.341748],[-69.344043,59.303076],[-69.531641,58.869238],[-69.78418,58.955713],[-70.154346,58.760596],[-69.789893,58.689307],[-68.698193,58.904541],[-68.381152,58.743506],[-68.229395,58.48457],[-68.356543,58.163232],[-69.04082,57.90249],[-68.413574,58.051758],[-68.021045,58.485303],[-67.888281,58.295752],[-68.063867,58.138965],[-67.755957,58.40459],[-67.678271,57.991113],[-67.569629,58.213477],[-66.722168,58.491016],[-66.362402,58.791162],[-66.002393,58.431201],[-66.043066,58.820654],[-65.383545,59.060205],[-65.7,59.21333],[-65.411719,59.31499],[-65.475098,59.470312],[-65.038232,59.387891],[-65.407422,59.539355],[-65.433398,59.776514],[-65.028174,59.770703],[-65.171729,59.908008],[-64.817334,60.331055],[-64.499414,60.268262],[-64.41958,60.171387],[-64.768457,60.012109],[-64.283496,60.064062],[-64.226318,59.741211],[-64.056055,59.822559],[-63.750195,59.512598],[-63.945459,59.380176],[-63.415137,59.194385],[-63.971143,59.053809],[-63.248437,59.068311],[-63.282129,58.867383],[-63.050293,58.878174],[-62.873877,58.672461],[-63.537061,58.329932],[-62.593848,58.474023],[-62.812061,58.200391],[-63.261523,58.014697],[-62.48623,58.154053],[-61.958643,57.911768],[-61.967969,57.611914],[-62.495557,57.489209],[-61.921143,57.420801],[-61.977441,57.247949],[-61.33374,57.010596],[-61.371631,56.680811],[-62.497266,56.801709],[-61.737744,56.526025],[-61.94043,56.423584],[-61.425293,56.360645],[-61.713086,56.230957],[-61.364697,56.216016],[-61.301123,56.047168],[-61.449512,55.995703],[-60.341016,55.784668],[-60.408301,55.649561],[-60.192383,55.480908],[-60.617139,55.060205],[-59.758789,55.30957],[-59.437891,55.175928],[-59.837793,54.813965],[-59.25957,55.199951],[-58.997119,55.149463],[-58.780176,54.838379],[-57.962451,54.875732],[-57.404492,54.590869],[-58.633203,54.049561],[-59.823047,53.834424],[-60.144922,53.596143],[-60.39541,53.65332],[-60.100293,53.486963],[-60.329492,53.266113],[-58.652051,53.977881],[-57.928271,54.103564],[-58.309961,54.20166],[-57.416064,54.162744],[-57.134961,53.791846],[-57.524072,53.611426],[-57.331738,53.469092],[-56.524316,53.766455],[-55.966113,53.471143],[-55.797949,53.211963],[-55.802832,52.643164],[-56.324902,52.544531],[-55.746484,52.474561],[-56.011719,52.394482],[-55.672803,52.190137],[-56.975977,51.457666],[-58.510352,51.295068],[-60.080176,50.25459],[-61.724854,50.104053],[-62.71543,50.30166],[-66.495508,50.211865],[-66.941162,49.993701],[-67.372021,49.348438],[-68.281934,49.197168],[-69.673877,48.19917],[-71.018262,48.455615],[-69.775,48.098096],[-69.994434,47.739893],[-71.267773,46.795947],[-72.204639,46.558887],[-72.981006,46.209717],[-73.476611,45.738232],[-74.315088,45.531055],[-73.973828,45.345117],[-75.40127,44.772266],[-76.4646,44.057617],[-76.819971,43.628809],[-78.845557,43.58335],[-79.171875,43.466553],[-78.915088,42.909131],[-79.036719,42.802344],[-82.690039,41.675195],[-83.02998,41.832959],[-83.149658,42.141943],[-82.545312,42.624707],[-82.137842,43.570898],[-82.551074,45.347363],[-83.592676,45.817139],[-83.469482,45.994678],[-83.615967,46.116846],[-83.977783,46.084912],[-84.149463,46.542773],[-84.561768,46.457373],[-84.875977,46.899902],[-88.378174,48.303076],[-89.455664,47.99624],[-90.916064,48.209131],[-91.518311,48.058301],[-92.005176,48.301855],[-92.4146,48.276611],[-92.99624,48.611816],[-93.707715,48.525439],[-94.620898,48.742627],[-94.854346,49.30459],[-95.155273,49.369678],[-95.162061,48.991748],[-123.077295,48.980225],[-123.229443,49.260498],[-122.879102,49.398926],[-123.276758,49.343945],[-123.1875,49.680322],[-123.530566,49.397314],[-124.028613,49.602881],[-123.992627,49.736182],[-123.817187,49.586572],[-123.582471,49.68125],[-123.874414,49.736816],[-123.825439,50.144238],[-123.945898,50.183936],[-123.984912,49.875586],[-124.28125,49.772119],[-124.782373,50.020117],[-125.056689,50.418652],[-124.859863,50.872412],[-125.058789,50.513867],[-125.476318,50.497168],[-125.539355,50.649023],[-125.641309,50.466211],[-126.094336,50.497607],[-126.447461,50.587744],[-125.904102,50.704932],[-126.514355,50.679395],[-126.374609,50.837354],[-126.521777,50.866064],[-126.517334,51.056836],[-127.057568,50.867529],[-127.708105,51.151172],[-127.419678,51.608057],[-126.691455,51.703418],[-127.338721,51.707373],[-127.714063,51.490186],[-127.869141,51.775244],[-127.727637,51.993213],[-127.858789,51.990283],[-127.795361,52.191016],[-127.242236,52.395117],[-126.713965,52.060693],[-127.193994,52.457666],[-126.951318,52.72124],[-127.019336,52.84248],[-127.066211,52.652686],[-127.834326,52.250977],[-128.102246,51.788428],[-128.357617,52.158887],[-128.0375,52.318164],[-127.940234,52.545166],[-128.271533,52.362988],[-128.053271,52.910693],[-128.365039,52.825781],[-128.524707,53.140674],[-129.171582,53.533594],[-128.85459,53.704541],[-128.905615,53.559326],[-127.927832,53.274707],[-128.675537,53.55459],[-128.763672,53.746875],[-128.532129,53.858105],[-128.959375,53.841455],[-129.563721,53.251465],[-130.335254,53.723926],[-130.043311,54.133545],[-129.626025,54.230273],[-130.084229,54.181396],[-130.430273,54.420996],[-129.560645,55.462549],[-129.795166,55.55957],[-130.048486,55.057275],[-130.025098,55.888232]]],[[[-109.815967,78.650391],[-109.362207,78.492871],[-109.484473,78.316406],[-113.292578,78.334375],[-110.877588,78.735059],[-109.815967,78.650391]]],[[[-110.458057,78.103223],[-109.619043,78.056836],[-110.865625,77.834131],[-110.117578,77.715576],[-110.198486,77.524512],[-110.682861,77.445898],[-112.372656,77.364111],[-113.164355,77.530273],[-113.283447,77.813037],[-110.458057,78.103223]]],[[[-115.55127,77.363281],[-116.329199,77.137061],[-115.810059,76.939111],[-116.252734,76.901416],[-115.946289,76.711279],[-116.999219,76.531592],[-117.233594,76.281543],[-117.992969,76.405811],[-117.780469,76.784277],[-117.880811,76.805078],[-118.791406,76.512988],[-118.624512,76.365869],[-118.993945,76.144873],[-119.580371,76.326514],[-119.739648,76.117725],[-119.526123,75.997217],[-119.912891,75.858838],[-120.408887,75.825635],[-120.848389,76.182666],[-121.213477,75.983691],[-122.400488,75.944238],[-122.640479,76.009082],[-122.592725,76.162061],[-122.902783,76.134717],[-122.423047,76.390088],[-121.561133,76.453467],[-119.090186,77.305078],[-116.843555,77.339551],[-116.703613,77.379932],[-117.039746,77.465137],[-116.511328,77.547607],[-115.55127,77.363281]]],[[[-108.292383,76.057129],[-107.723486,75.99541],[-108.020703,75.804785],[-107.216211,75.891553],[-106.913525,75.679639],[-106.693115,75.809961],[-106.862061,75.930078],[-106.677002,76.02373],[-105.604443,75.929932],[-105.519482,75.632373],[-106.092627,75.089453],[-107.153418,74.927148],[-108.831299,75.064893],[-112.519336,74.416846],[-113.514062,74.430078],[-114.376953,74.67085],[-112.835986,74.975586],[-111.671094,75.019434],[-111.181201,75.260449],[-113.711768,75.068604],[-113.85332,75.259375],[-113.46709,75.416113],[-114.016504,75.434277],[-114.168457,75.239502],[-114.513818,75.275488],[-114.357764,75.171289],[-114.451758,75.087891],[-115.020117,74.976172],[-115.413184,75.11499],[-115.728857,74.968115],[-117.600098,75.27168],[-117.257617,75.459521],[-115.141846,75.678516],[-117.163623,75.644873],[-114.991504,75.896338],[-116.664551,75.957568],[-116.209863,76.194434],[-114.778613,76.172607],[-115.831738,76.295801],[-114.998486,76.497461],[-114.193945,76.451465],[-113.823486,76.206836],[-112.697607,76.201709],[-111.865234,75.939307],[-112.056689,75.834229],[-111.549121,75.822119],[-111.052686,75.548535],[-109.086377,75.506494],[-108.944775,75.698975],[-109.870508,75.929053],[-109.430371,76.109131],[-110.309473,76.397412],[-108.831641,76.821143],[-108.466992,76.737598],[-108.627637,76.586719],[-108.123193,76.233447],[-108.406152,76.085059],[-108.292383,76.057129]]],[[[-114.521533,72.59292],[-113.578076,72.6521],[-113.208008,72.981006],[-112.753613,72.986035],[-111.269727,72.713721],[-111.895166,72.356104],[-111.675098,72.300146],[-110.205127,72.661279],[-110.66084,73.008203],[-110.008447,72.983643],[-108.75498,72.551074],[-108.188232,71.723779],[-107.812842,71.626172],[-107.306006,71.894678],[-107.69585,72.149316],[-108.237402,73.149902],[-107.936182,73.217139],[-108.029053,73.34873],[-106.482129,73.196191],[-105.415137,72.78833],[-104.87832,71.97998],[-104.385937,71.576953],[-104.514795,71.064258],[-103.58457,70.630859],[-103.077197,70.508838],[-103.049561,70.655078],[-101.562402,70.13501],[-101.090771,70.135693],[-100.905713,69.811719],[-101.043701,69.668701],[-101.483838,69.850195],[-101.647656,69.698535],[-102.234326,69.842236],[-102.595898,69.71792],[-102.621094,69.551514],[-103.434766,69.667676],[-103.048926,69.471777],[-103.120215,69.20459],[-102.151416,69.487695],[-101.978223,69.425098],[-102.046094,69.257666],[-101.789258,69.181641],[-101.857129,69.023975],[-102.895068,68.823633],[-105.105859,68.92041],[-105.01958,69.08125],[-106.140869,69.162012],[-106.659082,69.4396],[-107.439893,69.002148],[-109.472119,68.676709],[-113.019531,68.481348],[-113.554834,68.767578],[-113.694141,69.19502],[-116.513477,69.424609],[-117.104004,69.804248],[-117.19541,70.054053],[-114.592334,70.312451],[-111.632568,70.308838],[-113.757275,70.690723],[-117.587061,70.629541],[-118.264062,70.88833],[-118.376514,70.967725],[-118.269092,71.034717],[-115.303418,71.493701],[-117.935645,71.39209],[-118.226465,71.46709],[-117.742334,71.659326],[-118.987695,71.764258],[-118.944629,71.985547],[-118.213477,72.262891],[-118.481299,72.427686],[-118.374512,72.533887],[-116.573242,73.054932],[-114.638232,73.372656],[-114.206396,73.297803],[-114.074756,72.906836],[-114.521533,72.59292]]],[[[-119.736328,74.112646],[-119.205957,74.197998],[-119.117969,74.015527],[-118.543994,74.244629],[-117.514844,74.231738],[-115.392822,73.501953],[-118.961572,72.684131],[-119.512842,72.302686],[-120.179883,72.212646],[-120.619336,71.505762],[-121.749365,71.444775],[-123.095654,71.093799],[-124.007764,71.677441],[-125.845313,71.978662],[-124.987109,72.587988],[-124.969678,72.843311],[-124.564941,72.944141],[-124.804053,73.125684],[-123.797266,73.768164],[-124.191504,73.902002],[-124.69624,74.348193],[-121.50415,74.545117],[-119.562646,74.232812],[-119.736328,74.112646]]],[[[-69.488867,83.016797],[-66.422559,82.926855],[-68.469336,82.653369],[-64.904883,82.90083],[-63.49873,82.792578],[-63.642529,82.712988],[-63.085352,82.565234],[-63.246777,82.450195],[-61.697168,82.488623],[-61.273535,82.279834],[-64.435791,81.742627],[-66.625732,81.616406],[-68.688525,81.293311],[-64.832764,81.438623],[-69.550684,80.383252],[-70.712598,80.5396],[-70.264893,80.233594],[-72.055957,80.123242],[-70.559082,80.070996],[-71.355811,79.911279],[-71.110156,79.847803],[-71.387842,79.761768],[-72.436523,79.694385],[-74.394482,79.874072],[-73.472461,79.756445],[-73.201123,79.596582],[-73.466064,79.495166],[-76.898828,79.512305],[-75.602734,79.239551],[-74.481201,79.229492],[-74.532324,79.052734],[-78.581641,79.075],[-77.882764,78.942383],[-76.255859,79.006836],[-74.433105,78.724121],[-74.878613,78.544824],[-76.416113,78.511523],[-75.193457,78.327734],[-75.969629,77.993115],[-78.012598,77.946045],[-78.076172,77.519043],[-78.493213,77.369385],[-80.573047,77.314795],[-81.659082,77.525439],[-81.277734,77.365186],[-82.056787,77.296533],[-81.756348,77.204004],[-79.497266,77.196094],[-79.220752,76.936035],[-78.288867,76.977979],[-77.99873,76.851953],[-78.284326,76.57124],[-80.799707,76.173584],[-80.99668,76.21499],[-80.834814,76.369141],[-80.974512,76.470068],[-82.529834,76.723291],[-82.233154,76.46582],[-83.885693,76.453125],[-84.223779,76.675342],[-84.275342,76.356543],[-85.343604,76.313379],[-86.453711,76.584863],[-86.680225,76.376611],[-87.489795,76.58584],[-87.497559,76.386279],[-88.395996,76.405273],[-88.49585,76.772852],[-88.545801,76.420898],[-89.570068,76.491943],[-89.499756,76.826807],[-88.556201,77.072217],[-86.812256,77.184912],[-87.681445,77.436377],[-88.094678,77.719189],[-88.016992,77.784717],[-86.755078,77.863721],[-85.588477,77.461133],[-84.487012,77.367969],[-83.608057,77.442236],[-82.710352,77.849512],[-82.595312,77.992139],[-83.779395,77.532617],[-85.289355,77.559033],[-85.292041,77.763867],[-85.547559,77.927686],[-84.222705,78.176025],[-84.910352,78.239697],[-84.783203,78.527588],[-85.585938,78.10957],[-86.217773,78.081201],[-85.920068,78.342871],[-86.913232,78.126807],[-87.551758,78.176611],[-87.491309,78.417187],[-86.80791,78.774365],[-85.00376,78.912256],[-83.271436,78.770313],[-81.750098,78.975781],[-84.412012,78.996582],[-84.567773,79.071289],[-84.256641,79.122168],[-83.575879,79.053662],[-85.268506,79.664111],[-86.420752,79.845215],[-86.614502,80.123535],[-86.498535,80.258252],[-83.723633,80.228955],[-81.688379,79.685791],[-80.475928,79.60625],[-80.124463,79.669482],[-81.010156,79.693115],[-82.987012,80.322607],[-76.862988,80.864795],[-78.716211,80.95166],[-78.286816,81.167627],[-76.885107,81.430273],[-79.19834,81.117578],[-79.761328,80.841943],[-81.007031,80.654883],[-82.884326,80.577539],[-82.222363,80.772314],[-85.14585,80.521143],[-86.61543,80.630029],[-86.2521,80.789551],[-83.288818,81.147949],[-85.780859,81.035059],[-87.71167,80.65625],[-89.263281,80.914307],[-86.476758,81.035742],[-84.941211,81.28623],[-89.623047,81.032471],[-89.947314,81.172656],[-89.208691,81.250098],[-89.673682,81.328613],[-87.597021,81.52583],[-90.303516,81.401123],[-90.609033,81.429541],[-89.82168,81.634863],[-91.684082,81.635693],[-88.063184,82.096484],[-85.044824,81.982812],[-86.615625,82.218555],[-84.896826,82.449414],[-82.633691,82.077295],[-82.327441,82.09248],[-82.747461,82.196436],[-82.536914,82.247266],[-79.424854,81.854443],[-82.447559,82.39502],[-81.681152,82.518652],[-82.116846,82.628662],[-80.809668,82.586377],[-81.178076,82.744678],[-81.010156,82.779053],[-78.748779,82.679395],[-79.833789,82.816504],[-80.154932,82.911133],[-79.886328,82.938525],[-77.47959,82.883154],[-76.009375,82.535156],[-75.565625,82.608545],[-77.124902,83.008545],[-74.41416,83.013135],[-72.658691,82.721631],[-73.441895,82.904834],[-72.81167,83.081201],[-70.940381,82.902246],[-71.423535,83.021143],[-70.870557,83.098145],[-69.488867,83.016797]]],[[[-95.484375,77.791992],[-93.128711,77.660156],[-93.543945,77.46665],[-95.987061,77.484131],[-96.263867,77.594531],[-96.142969,77.714355],[-95.484375,77.791992]]],[[[-93.542578,75.02793],[-93.573096,74.668848],[-94.534521,74.636719],[-96.599609,75.031787],[-95.954639,75.443799],[-94.878174,75.630029],[-93.909082,75.42251],[-93.497559,75.136865],[-93.542578,75.02793]]],[[[-100.001904,73.945898],[-99.157959,73.731592],[-97.669971,73.887744],[-97.111719,73.790332],[-97.001709,73.666504],[-97.625879,73.502295],[-97.27251,73.386816],[-98.430908,72.958057],[-97.636328,73.027637],[-97.083008,72.762842],[-97.128125,72.627588],[-96.54209,72.69873],[-96.472852,72.434375],[-96.801465,72.322412],[-96.592871,72.204492],[-96.766309,72.045947],[-96.613428,71.833838],[-97.582275,71.629688],[-98.181348,71.662451],[-98.322705,71.852344],[-98.458838,71.773193],[-98.198633,71.440869],[-98.662891,71.3021],[-99.167139,71.367188],[-100.594482,72.152344],[-101.723926,72.314893],[-102.70874,72.764502],[-102.204004,73.077295],[-101.273193,72.72168],[-100.484766,72.772949],[-100.395703,72.977002],[-100.128125,72.906689],[-100.536377,73.197852],[-99.825146,73.213867],[-100.366113,73.359033],[-100.889355,73.275342],[-101.523193,73.486377],[-100.975781,73.599756],[-100.52168,73.449316],[-100.985107,73.765332],[-99.991113,73.795166],[-100.227051,73.889111],[-100.001904,73.945898]]],[[[-84.919629,65.261084],[-84.501123,65.458447],[-82.05,64.644287],[-81.676123,64.212646],[-81.887109,64.016406],[-80.828955,64.089941],[-80.261328,63.801953],[-81.046387,63.461572],[-82.378125,63.706787],[-82.46709,63.926953],[-83.303955,64.143799],[-84.63291,63.309229],[-85.392627,63.119678],[-85.768945,63.700342],[-87.177148,63.595117],[-86.932031,63.90166],[-86.2521,64.136865],[-86.374268,64.56582],[-86.074609,65.533838],[-85.813965,65.831934],[-85.554688,65.918652],[-85.241113,65.795508],[-85.105371,65.622705],[-85.239941,65.510303],[-84.919629,65.261084]]],[[[-97.700928,76.466504],[-97.531055,76.109424],[-97.60166,75.851074],[-97.890527,75.760352],[-97.40752,75.67251],[-97.336035,75.419824],[-97.878223,75.416113],[-97.659912,75.151172],[-98.06875,75.19917],[-97.991797,75.045801],[-100.356641,75.066748],[-100.459473,75.219092],[-100.145703,75.246143],[-100.711914,75.406348],[-99.19458,75.698389],[-102.79751,75.599658],[-102.144727,75.875049],[-100.972803,75.798438],[-101.288037,75.789111],[-101.505908,75.918066],[-101.431348,75.991992],[-101.872119,76.083105],[-101.557031,76.23584],[-102.137744,76.284863],[-101.787549,76.45127],[-99.865479,75.924219],[-99.688916,75.959717],[-100.112842,76.117236],[-99.541064,76.146289],[-100.414209,76.242529],[-99.977734,76.312451],[-100.829736,76.523877],[-99.669043,76.624121],[-98.890332,76.465576],[-99.023633,76.614551],[-98.71084,76.693848],[-97.700928,76.466504]]],[[[-103.426025,79.315625],[-102.914355,79.231104],[-102.576172,78.879395],[-101.703662,79.078906],[-101.037158,78.939014],[-101.128125,78.80166],[-100.014746,78.728613],[-99.582129,78.563281],[-99.847803,78.438232],[-99.751367,78.302979],[-98.999609,77.996875],[-99.166406,77.856934],[-99.955908,77.793799],[-100.586035,77.891797],[-101.074121,78.193848],[-104.879346,78.40127],[-104.995557,78.518506],[-104.727051,78.579395],[-103.570508,78.539844],[-104.02085,78.634912],[-103.371582,78.736328],[-104.18501,78.781299],[-103.875635,78.902686],[-104.151953,78.989893],[-104.970215,78.82915],[-104.746777,79.0271],[-105.535645,79.03252],[-105.387695,79.323584],[-103.426025,79.315625]]],[[[-91.885547,81.132861],[-90.643018,80.593701],[-89.235596,80.510645],[-89.19834,80.263184],[-88.857324,80.166211],[-88.199902,80.111475],[-88.6125,80.255371],[-88.524805,80.418018],[-87.675,80.372119],[-87.625488,80.187207],[-87.922314,80.097705],[-86.977197,79.894238],[-87.295166,79.580176],[-86.336963,79.634961],[-86.007031,79.479443],[-85.647852,79.611426],[-85.042139,79.28457],[-86.957178,78.974902],[-87.617383,78.676318],[-87.922314,78.751367],[-87.816748,79.036328],[-88.040186,78.995312],[-88.25376,78.671973],[-87.982861,78.537061],[-88.741602,78.584033],[-88.606445,78.391992],[-88.822412,78.185889],[-90.037109,78.606836],[-89.489844,78.171924],[-90.459033,78.330908],[-90.652393,78.307715],[-90.326758,78.184766],[-90.614404,78.149854],[-92.35127,78.312891],[-92.848242,78.460107],[-91.866895,78.542676],[-93.266602,78.608301],[-93.634424,78.750928],[-93.159863,78.775635],[-94.169678,78.972803],[-91.299902,79.372705],[-92.821924,79.449902],[-95.103174,79.289893],[-95.733008,79.418213],[-95.662891,79.527344],[-94.401855,79.736328],[-95.85752,79.673779],[-96.462744,79.84751],[-96.773242,80.135791],[-94.645898,80.04873],[-94.262598,80.194873],[-95.405078,80.13501],[-96.394092,80.315039],[-95.549072,80.366602],[-96.151807,80.553467],[-95.926953,80.720654],[-93.92793,80.55918],[-95.514746,80.838135],[-94.980518,81.049658],[-93.345117,81.085352],[-93.285937,81.179248],[-94.179346,81.339258],[-93.034668,81.346289],[-91.885547,81.132861]]],[[[-94.294971,76.912451],[-93.211865,76.754688],[-93.53457,76.447705],[-92.995361,76.62041],[-91.305029,76.680762],[-90.542627,76.495752],[-91.415088,76.455859],[-89.284521,76.301611],[-89.406592,76.18916],[-91.407324,76.220068],[-89.277588,75.795068],[-89.646045,75.565039],[-88.916699,75.453955],[-88.644971,75.658447],[-88.201318,75.512012],[-87.539111,75.484863],[-87.256934,75.617725],[-85.951465,75.39502],[-86.06875,75.502246],[-83.931982,75.818945],[-82.153662,75.831055],[-79.660205,75.449512],[-79.509082,75.259814],[-80.381982,75.03418],[-79.401416,74.917627],[-80.347754,74.902979],[-80.148926,74.795703],[-80.277734,74.581592],[-81.940186,74.472705],[-82.931055,74.565576],[-83.102637,74.816553],[-83.52207,74.901465],[-83.341309,74.7646],[-83.531885,74.585693],[-84.425537,74.508105],[-85.061426,74.606934],[-88.423047,74.494141],[-88.557861,74.569727],[-88.339551,74.784863],[-88.534961,74.831738],[-89.558691,74.554736],[-90.553271,74.612744],[-90.966797,74.715088],[-90.880225,74.817773],[-91.50835,74.650684],[-91.961572,74.793213],[-92.17417,75.051074],[-92.076318,75.123535],[-92.389258,75.26333],[-92.411084,75.40625],[-92.068848,75.65791],[-92.185107,75.846533],[-93.091748,76.354004],[-95.273877,76.264404],[-96.039697,76.486719],[-95.650977,76.584668],[-96.897998,76.754004],[-96.401562,76.797217],[-96.758301,76.971777],[-95.849512,77.066211],[-94.294971,76.912451]]],[[[-96.204492,78.531299],[-94.915381,78.390527],[-95.329248,78.225049],[-94.934277,78.075635],[-96.989648,77.806006],[-97.658154,78.090625],[-96.944678,78.151855],[-98.049512,78.325928],[-98.317334,78.476855],[-98.060352,78.55835],[-98.34082,78.751221],[-97.382324,78.78291],[-96.204492,78.531299]]],[[[-93.17085,74.160986],[-90.35459,73.868652],[-91.553711,73.236084],[-91.425928,73.194873],[-92.11792,72.753809],[-94.211328,72.756934],[-93.533936,72.499463],[-94.037549,72.02876],[-95.192969,72.027441],[-95.251025,72.501953],[-95.602148,72.884473],[-95.63291,73.695459],[-94.697607,73.663574],[-95.134131,73.88125],[-94.973535,74.041406],[-93.17085,74.160986]]],[[[-97.439453,69.642676],[-96.299951,69.344385],[-95.751367,68.897656],[-95.267773,68.826074],[-96.598828,68.46084],[-97.472021,68.543701],[-98.320557,68.842725],[-99.440869,68.917676],[-99.564062,69.034131],[-99.455713,69.131201],[-98.503516,69.308301],[-98.545996,69.5729],[-98.041357,69.456641],[-98.304492,69.669287],[-98.238672,69.780029],[-97.790723,69.861621],[-97.439453,69.642676]]],[[[-61.105176,45.944727],[-60.865234,45.983496],[-61.059033,45.703369],[-60.737891,45.751416],[-60.460596,45.968701],[-60.733301,45.956592],[-60.297949,46.31123],[-59.865039,46.159521],[-59.828027,45.965137],[-60.672949,45.59082],[-61.283691,45.573877],[-61.449805,45.716211],[-61.408643,46.170361],[-60.489062,47.009717],[-60.331738,46.767822],[-60.494531,46.270264],[-61.105176,45.944727]]],[[[-67.124854,45.169434],[-67.366943,45.173779],[-67.432666,45.603125],[-67.802246,45.727539],[-67.806787,47.082812],[-68.235498,47.345947],[-68.937207,47.21123],[-69.242871,47.462988],[-70.007715,46.708936],[-70.29624,45.906104],[-70.865039,45.270703],[-71.327295,45.290088],[-71.517529,45.007568],[-74.708887,45.003857],[-73.558105,45.425098],[-73.15957,46.010059],[-72.109277,46.551221],[-70.519482,47.03252],[-68.815674,48.366016],[-66.598096,49.126367],[-65.523389,49.266162],[-64.836328,49.191748],[-64.216211,48.873633],[-64.513721,48.841113],[-64.246094,48.691113],[-64.348828,48.423193],[-65.259424,48.02124],[-65.926709,48.188867],[-66.704395,48.022461],[-65.849414,47.911035],[-65.607227,47.67002],[-65.00166,47.846826],[-64.703223,47.724854],[-64.912207,47.368652],[-65.318896,47.101221],[-64.831396,47.060791],[-64.905762,46.887939],[-64.541504,46.240332],[-63.915918,46.16582],[-63.831934,46.107178],[-64.056396,46.021338],[-63.702881,45.858008],[-62.700684,45.740576],[-62.750098,45.648242],[-61.955518,45.868164],[-61.776514,45.655615],[-61.350488,45.573682],[-61.281982,45.441064],[-61.460986,45.366699],[-61.031543,45.291748],[-63.306299,44.642578],[-63.604004,44.683203],[-63.609766,44.47998],[-63.999707,44.644922],[-64.100879,44.487451],[-64.286084,44.550342],[-64.275684,44.334082],[-65.481689,43.518066],[-66.125732,43.813818],[-66.193066,44.143848],[-65.868018,44.568799],[-66.090625,44.504932],[-64.448145,45.337451],[-64.135498,45.023047],[-64.093164,45.21709],[-63.368018,45.364795],[-64.873145,45.35459],[-64.314648,45.835693],[-64.632715,45.946631],[-64.778516,45.638428],[-65.884473,45.2229],[-66.109766,45.316602],[-66.026562,45.417578],[-66.439844,45.095898],[-67.124854,45.169434]]],[[[-55.45874,51.536523],[-56.031104,51.328369],[-55.8,51.033301],[-56.732324,50.007715],[-56.822168,49.613477],[-56.179395,50.11499],[-56.161279,49.940137],[-55.50293,49.983154],[-56.140186,49.619141],[-55.869824,49.670166],[-56.087305,49.451953],[-55.375928,49.489746],[-55.343848,49.3729],[-55.229541,49.508154],[-55.353174,49.079443],[-54.502197,49.527344],[-54.448242,49.329443],[-53.957715,49.441846],[-53.619434,49.321631],[-53.573437,49.141211],[-54.161279,48.787695],[-53.852881,48.811328],[-53.966016,48.706689],[-53.706348,48.655518],[-54.114453,48.393604],[-53.027588,48.634717],[-53.135742,48.401855],[-53.86958,48.019678],[-53.638232,48.014648],[-53.863672,47.787012],[-53.672363,47.648242],[-53.282715,47.997852],[-52.866016,48.112988],[-53.169824,47.512109],[-52.782422,47.769434],[-52.653662,47.549414],[-53.069775,46.68125],[-53.589795,46.638867],[-53.597363,47.145996],[-54.00957,46.8396],[-54.17373,46.880371],[-53.849512,47.440332],[-54.191846,47.859814],[-54.488135,47.403857],[-54.473926,47.54707],[-54.856641,47.38501],[-55.315723,46.905713],[-55.788525,46.867236],[-55.919238,47.016895],[-54.784619,47.664746],[-55.366309,47.661084],[-55.576123,47.465234],[-56.127246,47.502832],[-55.86709,47.592334],[-55.85791,47.819189],[-56.774121,47.56499],[-58.336865,47.730859],[-59.259766,47.63418],[-59.340869,47.933643],[-58.330225,48.522119],[-59.167676,48.558496],[-58.841797,48.746436],[-58.906445,48.650195],[-58.716455,48.598047],[-58.403662,49.084326],[-57.990527,48.987939],[-58.098926,49.077441],[-57.980078,49.229639],[-58.213379,49.38667],[-58.01582,49.54248],[-57.791309,49.48999],[-57.926172,49.70083],[-57.432617,50.505811],[-57.17959,50.614844],[-57.297998,50.69873],[-57.035937,51.01084],[-56.682422,51.332764],[-56.025586,51.568359],[-55.45874,51.536523]]],[[[-86.589355,71.010791],[-85.643848,71.152441],[-84.82373,71.028613],[-84.699414,71.631445],[-85.339062,71.697266],[-85.911621,71.986523],[-85.321875,72.233154],[-84.28374,72.044482],[-84.841992,72.308154],[-84.623047,72.376563],[-85.341113,72.421533],[-85.649902,72.722168],[-85.262109,72.954004],[-84.256641,72.796729],[-85.454736,73.105469],[-84.416064,73.456494],[-83.781885,73.416895],[-83.904053,73.52832],[-83.410352,73.631689],[-81.605371,73.695996],[-81.151758,73.314014],[-80.603467,73.121191],[-80.591895,72.927686],[-80.277246,72.770166],[-81.229346,72.311719],[-80.611475,72.45083],[-80.941211,72.210156],[-80.691406,72.103467],[-80.921094,72.072314],[-80.925146,71.907666],[-80.181934,72.208789],[-79.884375,72.177197],[-80.108936,72.332178],[-79.831299,72.446289],[-79.000244,72.272021],[-79.007812,72.04292],[-78.585107,71.880615],[-78.862744,72.10083],[-78.699268,72.351416],[-77.516504,72.177783],[-78.287207,72.359814],[-78.484277,72.470605],[-78.422412,72.571533],[-76.893506,72.720654],[-75.704297,72.571533],[-75.071484,72.322852],[-75.922803,71.717236],[-75.147656,72.062988],[-74.266357,72.037695],[-74.315723,71.842676],[-75.204785,71.709131],[-74.700781,71.675586],[-74.996191,71.218115],[-74.488086,71.648389],[-73.866602,71.771045],[-73.713574,71.719873],[-74.197266,71.40415],[-73.712842,71.587598],[-73.180615,71.282861],[-73.278223,71.537988],[-72.901953,71.677783],[-71.640674,71.51626],[-71.186523,71.278711],[-72.632715,70.830762],[-71.742529,71.046875],[-70.672656,71.052197],[-70.761719,70.792236],[-71.890186,70.431543],[-71.275879,70.500293],[-71.429443,70.127783],[-70.979785,70.581055],[-69.949805,70.84502],[-68.363525,70.48125],[-70.057715,70.042627],[-68.778223,70.203564],[-69.008301,69.978955],[-68.744043,69.941406],[-68.230664,70.112207],[-68.327197,70.180176],[-68.120654,70.3146],[-67.195898,69.860693],[-67.336719,69.720996],[-68.02041,69.770068],[-69.250781,69.511914],[-67.360937,69.47251],[-66.679297,69.191064],[-68.618896,69.206006],[-69.040625,69.097998],[-68.415527,69.17207],[-67.751709,69.038672],[-67.883203,68.783984],[-69.319092,68.856982],[-68.2104,68.702979],[-67.938477,68.52417],[-66.713916,68.445703],[-67.032959,68.326074],[-66.830957,68.215625],[-66.923096,68.065723],[-66.662695,68.034424],[-66.630957,68.210645],[-66.212402,68.28042],[-66.526465,67.851172],[-65.942383,68.070947],[-65.864355,67.922852],[-65.509082,67.968262],[-65.40127,67.674854],[-65.415332,67.879248],[-64.976904,68.043408],[-64.835449,67.98999],[-65.021094,67.787549],[-64.637793,67.840234],[-63.850195,67.566064],[-64.07749,67.495605],[-64.007959,67.347314],[-64.699951,67.350537],[-63.83623,67.264111],[-63.591602,67.377539],[-63.040137,67.23501],[-63.701562,66.822363],[-62.379736,66.905371],[-62.123584,67.046729],[-61.299707,66.64873],[-62.12334,66.643066],[-61.576416,66.4125],[-61.862695,66.312842],[-62.553125,66.406836],[-62.405664,66.315918],[-62.533594,66.227002],[-61.991602,66.035303],[-62.624121,66.01626],[-62.381982,65.833301],[-62.658887,65.639941],[-63.168945,65.657324],[-63.45874,65.853027],[-63.420898,65.708594],[-63.651074,65.660986],[-63.337451,65.616748],[-63.363379,65.229736],[-63.606592,64.928076],[-64.345703,65.172412],[-64.269678,65.400781],[-64.555078,65.116602],[-65.401611,65.764014],[-64.445361,66.317139],[-65.004492,66.077734],[-65.825732,65.996924],[-65.656348,66.204736],[-66.063721,66.132715],[-66.986328,66.62749],[-67.307324,66.569727],[-67.225391,66.310254],[-67.883398,66.467432],[-67.183203,66.034424],[-67.350439,65.929736],[-68.459912,66.249268],[-68.748926,66.200049],[-68.217187,66.078857],[-68.186719,65.870996],[-67.866455,65.773682],[-67.936768,65.564893],[-67.569629,65.643555],[-67.117969,65.440381],[-67.336523,65.346582],[-66.830908,65.07417],[-66.697412,64.815186],[-66.635498,65.000342],[-66.22373,64.854102],[-66.214648,64.722412],[-65.938525,64.885742],[-65.431934,64.726416],[-65.274805,64.631543],[-65.529346,64.504785],[-65.074609,64.43667],[-65.580322,64.293848],[-65.169873,64.028174],[-64.678467,64.027979],[-64.798145,63.915967],[-64.410937,63.706348],[-64.561572,63.679688],[-64.514355,63.263965],[-64.664648,63.245361],[-65.191846,63.764258],[-65.068945,63.263477],[-64.672363,62.921973],[-65.162793,62.932617],[-65.108496,62.626465],[-66.224023,63.107178],[-66.228662,62.990967],[-66.414453,63.027197],[-66.65498,63.264746],[-66.697461,63.069531],[-67.893262,63.73374],[-67.722559,63.422754],[-68.49375,63.725488],[-68.911084,63.703223],[-68.14126,63.172314],[-67.675977,63.093555],[-67.736963,63.00957],[-65.980176,62.208887],[-66.133154,62.102393],[-66.058887,61.913867],[-66.32373,61.870264],[-68.633643,62.281299],[-69.604736,62.767725],[-70.236133,62.763379],[-71.105762,63.002246],[-70.946045,63.120703],[-71.347266,63.066113],[-71.992236,63.416162],[-71.380859,63.580322],[-72.290137,63.727979],[-72.174268,63.893408],[-72.498437,63.823486],[-73.454541,64.399268],[-73.271289,64.58252],[-73.910352,64.578125],[-74.064795,64.424658],[-74.130469,64.607812],[-74.681396,64.830664],[-74.919434,64.765527],[-74.694727,64.496582],[-75.715039,64.524365],[-75.766699,64.391943],[-76.856152,64.237646],[-78.045215,64.499268],[-78.189697,64.751807],[-78.055273,64.98291],[-77.360889,65.196533],[-77.4604,65.355908],[-77.326709,65.453125],[-75.82832,65.227051],[-75.519922,65.056006],[-75.589111,64.905029],[-75.4521,64.841602],[-75.357129,65.00874],[-75.798682,65.29751],[-73.550781,65.485254],[-73.746094,65.766699],[-74.416406,66.16709],[-73.033252,66.728174],[-72.788818,67.030615],[-72.22002,67.254297],[-73.284473,68.356982],[-73.820508,68.362939],[-73.851562,68.701367],[-74.270117,68.541211],[-74.9104,68.823145],[-74.743262,68.913379],[-74.954004,68.961084],[-74.716699,69.045508],[-76.585059,68.69873],[-76.557227,69.009473],[-75.953711,69.030811],[-75.647754,69.212549],[-76.520361,69.516602],[-76.234082,69.662109],[-77.089941,69.635107],[-76.858594,69.775391],[-77.59165,69.845605],[-77.774023,70.238525],[-78.282812,70.22915],[-79.066406,70.603564],[-79.405225,70.400732],[-78.933838,70.293701],[-78.818799,70.010449],[-79.51543,69.887598],[-81.55957,70.11123],[-80.921729,69.730908],[-81.564697,69.942725],[-82.293848,69.836914],[-83.149951,70.009082],[-85.780029,70.03667],[-86.322021,70.14541],[-86.499805,70.350391],[-86.396875,70.465332],[-87.900684,70.251904],[-88.848437,70.5229],[-89.455908,71.061719],[-87.140088,71.011621],[-89.845752,71.492285],[-90.025195,71.948779],[-89.663818,72.157959],[-89.874023,72.367188],[-89.357715,72.80415],[-89.225342,73.108057],[-87.719775,73.7229],[-85.009326,73.778613],[-86.086475,73.260254],[-86.667773,72.762549],[-86.322559,72.46084],[-86.218457,71.899121],[-85.023389,71.353223],[-86.589355,71.010791]]],[[[-61.801123,49.093896],[-63.041504,49.224951],[-64.485205,49.886963],[-62.858545,49.705469],[-61.817139,49.283545],[-61.696143,49.139014],[-61.801123,49.093896]]],[[[-63.811279,46.468701],[-62.02373,46.421582],[-62.526074,46.202881],[-62.478076,45.999707],[-63.02207,46.066602],[-62.894531,46.123584],[-63.056348,46.223926],[-62.978467,46.316357],[-63.213477,46.159863],[-63.568896,46.209229],[-64.388037,46.640869],[-63.993555,47.061572],[-64.087891,46.775439],[-63.811279,46.468701]]],[[[-82.000488,62.954199],[-82.113721,62.652246],[-83.01582,62.209912],[-83.698877,62.160254],[-83.912402,62.425537],[-83.376416,62.904932],[-82.000488,62.954199]]],[[[-79.545312,62.411719],[-79.272021,62.185986],[-79.66875,61.644434],[-80.265186,61.818213],[-80.260059,62.109033],[-80.021582,62.342969],[-79.545312,62.411719]]],[[[-75.675879,68.32251],[-75.078125,68.173145],[-75.201953,67.45918],[-76.693945,67.23584],[-77.004883,67.266943],[-77.224219,67.508203],[-77.228564,67.850098],[-76.740234,68.23125],[-75.675879,68.32251]]],[[[-79.537305,73.654492],[-77.206543,73.499561],[-76.08999,72.881201],[-79.500537,72.755957],[-79.936865,72.863623],[-80.183301,73.224658],[-80.776416,73.33418],[-80.860742,73.670557],[-80.412305,73.76543],[-79.537305,73.654492]]],[[[-80.731689,52.747266],[-82.039258,53.049902],[-81.847314,53.186279],[-81.135596,53.205811],[-80.731689,52.747266]]],[[[-78.826514,56.145312],[-78.913818,56.132812],[-78.799414,56.383301],[-78.724512,56.439209],[-78.66875,56.438623],[-78.672803,56.260498],[-78.826514,56.145312]]],[[[-78.935596,56.266064],[-79.175488,55.885059],[-79.182129,56.212158],[-79.495117,55.874756],[-79.764746,55.806787],[-79.544727,56.128369],[-80.008252,55.911035],[-79.458887,56.539746],[-79.536328,56.180078],[-79.272412,56.600439],[-78.935596,56.266064]]],[[[-79.977588,56.207031],[-80.057471,56.287354],[-79.579736,56.466357],[-79.977588,56.207031]]],[[[-89.833252,77.267627],[-90.993213,77.329492],[-91.182666,77.557178],[-90.171924,77.594678],[-89.719482,77.442139],[-89.833252,77.267627]]],[[[-104.558154,77.141748],[-105.215088,77.18208],[-106.066113,77.725391],[-105.289648,77.64209],[-104.542236,77.337744],[-104.558154,77.141748]]],[[[-98.791602,79.981104],[-98.789795,79.7854],[-98.945215,79.724072],[-100.126025,80.00127],[-99.731201,80.144092],[-98.791602,79.981104]]],[[[-105.288916,72.919922],[-106.949658,73.510352],[-106.613965,73.695605],[-105.512305,73.765771],[-104.5875,73.578076],[-104.621729,73.311133],[-105.288916,72.919922]]],[[[-102.227344,76.014893],[-102.008008,75.939404],[-102.57959,75.780225],[-103.314746,75.764209],[-103.041504,75.918848],[-103.769775,75.892383],[-103.985254,75.933105],[-103.800781,76.037012],[-104.406055,76.108496],[-102.728027,76.307031],[-102.227344,76.014893]]],[[[-104.022852,76.583105],[-103.033545,76.431494],[-104.35752,76.334619],[-104.603027,76.582715],[-104.022852,76.583105]]],[[[-118.328125,75.579688],[-119.39458,75.617334],[-117.75249,76.112451],[-117.499121,76.077197],[-118.328125,75.579688]]],[[[-113.832471,77.754639],[-114.60835,77.769336],[-115.029346,77.967529],[-114.330371,78.077539],[-113.61792,77.832422],[-113.832471,77.754639]]],[[[-130.927148,54.479053],[-130.906836,54.631787],[-130.758008,54.61377],[-130.927148,54.479053]]],[[[-131.029297,51.961621],[-131.103418,52.013867],[-131.098096,52.150635],[-131.010645,52.095264],[-131.029297,51.961621]]],[[[-130.236279,53.958545],[-130.384229,53.843945],[-130.707275,53.921484],[-130.447998,54.089014],[-130.236279,53.958545]]],[[[-129.848584,53.16792],[-130.517578,53.544238],[-129.944727,53.436377],[-129.754834,53.244775],[-129.848584,53.16792]]],[[[-130.575342,54.769678],[-130.214063,55.025879],[-130.203906,54.947021],[-130.349414,54.814551],[-130.535498,54.74873],[-130.575342,54.769678]]],[[[-128.552441,52.939746],[-128.509912,52.518604],[-128.678955,52.289648],[-128.746338,52.763379],[-128.899805,52.673828],[-129.184326,52.990674],[-129.033252,53.279932],[-128.552441,52.939746]]],[[[-126.09209,49.354004],[-126.064014,49.263623],[-126.229639,49.295654],[-126.208545,49.379785],[-126.09209,49.354004]]],[[[-124.153662,49.531152],[-124.139795,49.510352],[-124.362305,49.588184],[-124.649854,49.75835],[-124.547168,49.764941],[-124.421484,49.727783],[-124.153662,49.531152]]],[[[-126.641211,49.605811],[-126.938574,49.718457],[-126.92583,49.837744],[-126.738135,49.843652],[-126.641211,49.605811]]],[[[-125.184131,50.097119],[-125.301172,50.414062],[-125.091406,50.267773],[-125.184131,50.097119]]],[[[-128.936865,52.51001],[-128.968701,52.464258],[-129.151025,52.605322],[-129.250488,52.722168],[-129.263525,52.800781],[-129.186182,52.79126],[-128.993994,52.661719],[-128.940332,52.600732],[-128.936865,52.51001]]],[[[-127.924658,51.473877],[-128.142383,51.646582],[-127.998682,51.703809],[-127.924658,51.473877]]],[[[-128.36875,52.400879],[-128.439795,52.696387],[-128.247266,52.784375],[-128.36875,52.400879]]],[[[-129.313721,52.992188],[-129.409717,53.02373],[-129.514746,53.179395],[-129.450732,53.174707],[-129.313721,52.992188]]],[[[-129.167725,53.117871],[-129.323877,53.142139],[-129.238184,53.330078],[-129.167725,53.117871]]],[[[-123.4354,48.754443],[-123.477246,48.72876],[-123.517529,48.750146],[-123.582324,48.925781],[-123.467871,48.867383],[-123.487549,48.845703],[-123.406787,48.756055],[-123.4354,48.754443]]],[[[-59.787598,43.9396],[-60.037744,43.906641],[-60.11748,43.953369],[-59.866357,43.947168],[-59.727148,44.002832],[-59.787598,43.9396]]],[[[-60.961572,45.489941],[-61.002881,45.481738],[-61.081738,45.557812],[-60.912451,45.567285],[-60.961572,45.489941]]],[[[-61.914111,47.284521],[-61.772559,47.259814],[-62.008301,47.234277],[-61.924707,47.425146],[-61.395508,47.637646],[-61.914111,47.284521]]],[[[-64.508594,47.886719],[-64.533887,47.81377],[-64.621289,47.751904],[-64.68457,47.753613],[-64.663281,47.863037],[-64.508594,47.886719]]],[[[-64.476074,47.958887],[-64.591309,47.907227],[-64.500195,48.01377],[-64.476074,47.958887]]],[[[-66.273779,44.292285],[-66.324121,44.257324],[-66.250488,44.379004],[-66.210352,44.392041],[-66.273779,44.292285]]],[[[-66.7625,44.681787],[-66.89707,44.628906],[-66.802148,44.805371],[-66.7625,44.681787]]],[[[-73.566504,45.469092],[-73.960547,45.441406],[-73.476074,45.704736],[-73.566504,45.469092]]],[[[-73.695312,45.585498],[-73.857715,45.573584],[-73.724658,45.671826],[-73.572363,45.694482],[-73.695312,45.585498]]],[[[-71.025732,46.872949],[-71.11665,46.864844],[-70.97085,46.961426],[-70.825781,46.995361],[-71.025732,46.872949]]],[[[-55.536133,50.719678],[-55.600781,50.709033],[-55.633887,50.740186],[-55.604492,50.780713],[-55.469287,50.796387],[-55.536133,50.719678]]],[[[-54.554395,49.588867],[-54.786523,49.496143],[-54.863574,49.576074],[-54.813086,49.599365],[-54.733105,49.562158],[-54.55918,49.631494],[-54.537695,49.619971],[-54.554395,49.588867]]],[[[-55.36123,51.889648],[-55.419629,51.900049],[-55.399805,51.938477],[-55.274072,51.995166],[-55.293555,51.92998],[-55.36123,51.889648]]],[[[-54.093701,49.744434],[-53.980664,49.661963],[-54.286133,49.595361],[-54.093701,49.744434]]],[[[-54.227148,47.441357],[-54.325977,47.408105],[-54.214941,47.585107],[-54.128174,47.646826],[-54.227148,47.441357]]],[[[-64.823828,62.55874],[-64.418066,62.487402],[-64.901221,62.421045],[-64.823828,62.55874]]],[[[-68.233789,60.240918],[-68.367871,60.314746],[-68.141895,60.562012],[-67.818848,60.449512],[-68.233789,60.240918]]],[[[-70.337061,62.54873],[-70.766064,62.596875],[-71.220117,62.873926],[-70.442627,62.733789],[-70.337061,62.54873]]],[[[-64.832617,61.366064],[-65.432129,61.649512],[-64.789648,61.662207],[-64.66958,61.593018],[-64.832617,61.366064]]],[[[-65.030566,61.879053],[-64.84707,61.761523],[-65.165918,61.797656],[-65.235352,61.897705],[-65.030566,61.879053]]],[[[-69.160059,59.040234],[-69.352832,58.960742],[-69.303223,59.144873],[-69.160059,59.040234]]],[[[-64.407031,60.36709],[-64.441943,60.297852],[-64.737939,60.375635],[-64.808984,60.4104],[-64.836426,60.501025],[-64.646289,60.5146],[-64.407031,60.36709]]],[[[-60.994482,56.039307],[-60.982715,56.015137],[-61.19585,56.063916],[-61.157568,56.118359],[-61.086914,56.14082],[-60.966406,56.098828],[-60.994482,56.039307]]],[[[-61.743604,57.55459],[-61.6375,57.416064],[-62.01123,57.548486],[-61.743604,57.55459]]],[[[-67.914697,69.540967],[-68.221387,69.616748],[-67.908838,69.681836],[-67.75459,69.631445],[-67.914697,69.540967]]],[[[-62.681543,67.056299],[-62.80542,67.028809],[-62.871631,67.062598],[-62.625293,67.176953],[-62.396338,67.17832],[-62.681543,67.056299]]],[[[-79.063086,75.925879],[-79.69873,75.883252],[-79.009326,76.145898],[-78.845166,76.106299],[-79.063086,75.925879]]],[[[-79.866992,56.774561],[-79.943652,56.776758],[-79.945703,56.826904],[-79.898145,56.865283],[-79.82666,56.843115],[-79.866992,56.774561]]],[[[-79.716504,57.515527],[-79.775195,57.514453],[-79.808447,57.442432],[-79.838232,57.483008],[-79.81084,57.559277],[-79.742578,57.607959],[-79.716504,57.515527]]],[[[-79.518164,56.656689],[-79.577393,56.644922],[-79.550732,56.733496],[-79.581738,56.764844],[-79.570117,56.795703],[-79.491064,56.742676],[-79.48457,56.686523],[-79.518164,56.656689]]],[[[-79.938232,53.30415],[-79.939307,53.274268],[-80.004102,53.280078],[-80.074023,53.344287],[-79.974561,53.352246],[-79.938232,53.30415]]],[[[-79.384277,51.951953],[-79.64375,52.010059],[-79.271289,52.086816],[-79.384277,51.951953]]],[[[-123.372363,48.886133],[-123.541016,48.945947],[-123.689258,49.095117],[-123.372363,48.886133]]],[[[-124.977734,50.02959],[-125.001563,50.020752],[-125.025977,50.134082],[-124.99082,50.217139],[-124.907471,50.083984],[-124.977734,50.02959]]],[[[-73.621729,67.783838],[-74.480713,67.804883],[-74.749268,68.018457],[-73.584033,68.015332],[-73.407178,67.793066],[-73.621729,67.783838]]],[[[-77.876709,63.470557],[-77.532715,63.233643],[-77.942432,63.114404],[-78.536768,63.42373],[-77.876709,63.470557]]],[[[-94.526562,75.749316],[-94.901221,75.930762],[-94.498682,75.992188],[-94.296289,75.788086],[-94.526562,75.749316]]],[[[-80.285254,59.624121],[-80.324658,59.633203],[-80.298975,59.67417],[-80.209961,59.724609],[-80.167236,59.708887],[-80.285254,59.624121]]],[[[-80.064209,59.770801],[-80.16709,59.763867],[-80.041162,59.870166],[-79.898633,59.853125],[-80.064209,59.770801]]],[[[-96.782324,72.936621],[-97.092773,72.996924],[-97.069238,73.130176],[-96.598486,73.073828],[-96.782324,72.936621]]],[[[-97.355518,74.526318],[-97.75,74.510547],[-97.416504,74.626563],[-97.355518,74.526318]]],[[[-98.270361,73.868506],[-99.416992,73.89541],[-97.698242,74.108691],[-98.270361,73.868506]]],[[[-90.199805,69.419092],[-90.295459,69.257812],[-90.492041,69.369873],[-90.199805,69.419092]]],[[[-90.492578,69.221094],[-90.574414,69.209424],[-90.685889,69.287158],[-90.771582,69.292578],[-90.765674,69.335986],[-90.599707,69.367822],[-90.510645,69.29043],[-90.492578,69.221094]]],[[[-74.000439,62.618408],[-74.253516,62.621973],[-74.626465,62.712744],[-74.564209,62.733301],[-74.108936,62.680322],[-74.016797,62.662695],[-74.000439,62.618408]]],[[[-74.880859,68.348682],[-75.396191,68.588818],[-74.983643,68.647607],[-74.798242,68.457959],[-74.880859,68.348682]]],[[[-78.531641,60.728564],[-78.668896,60.716895],[-78.612012,60.772314],[-78.241699,60.818652],[-78.278857,60.783887],[-78.531641,60.728564]]],[[[-78.982715,68.192822],[-79.153467,68.335254],[-78.828516,68.268164],[-78.982715,68.192822]]],[[[-76.677588,63.393945],[-77.364746,63.58833],[-77.133691,63.682031],[-76.652441,63.503564],[-76.677588,63.393945]]],[[[-79.430664,69.787793],[-79.552832,69.630859],[-80.04751,69.634326],[-79.977832,69.509668],[-80.794775,69.689258],[-79.430664,69.787793]]],[[[-78.029102,69.714893],[-77.969141,69.638965],[-78.03999,69.608398],[-78.470068,69.502539],[-78.848193,69.482812],[-78.578564,69.638818],[-78.295508,69.667139],[-78.200732,69.739502],[-78.029102,69.714893]]],[[[-77.64209,63.991895],[-77.714062,63.945703],[-77.928809,63.962012],[-77.965967,63.99292],[-77.710791,64.035645],[-77.563623,64.02207],[-77.64209,63.991895]]],[[[-83.123486,66.282813],[-82.931348,66.257324],[-83.059863,66.199268],[-83.213916,66.277051],[-83.237842,66.331543],[-83.123486,66.282813]]],[[[-79.210645,68.845459],[-79.405762,68.923047],[-78.650195,69.351221],[-78.228955,69.304004],[-79.210645,68.845459]]],[[[-76.995361,69.14375],[-77.321924,69.193604],[-77.340918,69.403857],[-76.668848,69.366162],[-76.995361,69.14375]]],[[[-86.913037,70.113232],[-86.612744,70.105713],[-86.515234,70.017041],[-86.734326,69.976318],[-87.323242,70.080127],[-86.913037,70.113232]]],[[[-83.725977,65.796729],[-83.263184,65.723291],[-83.381445,65.62998],[-84.118262,65.771777],[-84.467383,66.088281],[-83.786963,65.965771],[-83.725977,65.796729]]],[[[-86.595557,67.735938],[-86.892529,67.836572],[-86.959814,68.100244],[-86.7021,68.305615],[-86.421143,68.183447],[-86.396436,67.888965],[-86.595557,67.735938]]],[[[-84.674756,65.575],[-85.096338,65.756201],[-85.149609,66.015381],[-84.757373,65.858936],[-84.674756,65.575]]],[[[-93.043945,61.844092],[-93.084814,61.841699],[-93.19668,61.918555],[-93.075781,61.93501],[-92.993018,61.889697],[-93.043945,61.844092]]],[[[-101.226123,76.579346],[-101.613086,76.60459],[-100.886475,76.742676],[-100.269141,76.734131],[-101.226123,76.579346]]],[[[-103.003369,78.146436],[-103.273584,78.165771],[-102.891797,78.27124],[-102.788281,78.218164],[-103.003369,78.146436]]],[[[-101.693555,77.696582],[-102.377832,77.728125],[-102.471533,77.873486],[-101.193213,77.829785],[-101.002051,77.735107],[-101.693555,77.696582]]],[[[-89.726465,76.507422],[-90.164551,76.523584],[-90.5625,76.754297],[-89.948779,76.83623],[-89.69541,76.741162],[-89.822119,76.630615],[-89.726465,76.507422]]],[[[-96.078564,75.510107],[-96.857129,75.369141],[-97.020654,75.468066],[-96.367822,75.654639],[-96.078564,75.510107]]],[[[-95.306641,74.50542],[-95.850732,74.582471],[-95.510205,74.636768],[-95.306641,74.50542]]],[[[-121.076221,75.745264],[-121.240918,75.751855],[-120.887793,75.927979],[-121.076221,75.745264]]],[[[-113.560693,76.743262],[-114.835254,76.794678],[-113.89165,76.894873],[-113.560693,76.743262]]],[[[-104.119922,75.036328],[-104.887402,75.147754],[-104.648828,75.349756],[-104.074658,75.424512],[-103.643506,75.186572],[-104.119922,75.036328]]],[[[-100.217236,68.806689],[-100.596533,68.766406],[-100.611572,68.990186],[-100.329932,68.997559],[-100.217236,68.806689]]],[[[-99.994678,69.013525],[-100.018018,68.954004],[-100.141309,68.969922],[-100.247363,69.052783],[-100.153125,69.129492],[-100.035352,69.086572],[-99.994678,69.013525]]],[[[-100.30835,70.495801],[-100.67832,70.646191],[-100.276123,70.594629],[-100.30835,70.495801]]],[[[-95.513672,69.573633],[-95.380908,69.506592],[-95.49624,69.350098],[-95.730127,69.347559],[-95.763623,69.559619],[-95.985937,69.391895],[-95.87583,69.606006],[-95.513672,69.573633]]],[[[-101.171729,69.39707],[-101.351318,69.559229],[-101.000635,69.461914],[-101.171729,69.39707]]],[[[-101.845898,68.586328],[-102.308154,68.681982],[-101.828369,68.798975],[-101.721631,68.724121],[-101.845898,68.586328]]],[[[-104.540674,68.405908],[-105.051367,68.559033],[-104.602002,68.561523],[-104.444531,68.470703],[-104.540674,68.405908]]],[[[-107.899854,67.401807],[-108.152246,67.429443],[-108.127539,67.628564],[-107.899854,67.401807]]],[[[-109.166406,67.982373],[-108.970508,67.979736],[-108.886035,67.898535],[-108.920166,67.878809],[-109.09624,67.924023],[-109.161523,67.951709],[-109.166406,67.982373]]],[[[-108.092725,67.005176],[-107.805518,66.998584],[-107.943945,66.857812],[-108.092725,67.005176]]],[[[-109.323145,67.990869],[-109.497949,68.047021],[-109.469141,68.097998],[-109.341699,68.04585],[-109.323145,67.990869]]],[[[-139.043115,69.576904],[-139.125732,69.539307],[-139.291406,69.597852],[-139.1396,69.649609],[-138.878857,69.589697],[-139.043115,69.576904]]]]}},{"type":"Feature","properties":{"sigla":"BLZ","nome":"Belize"},"geometry":{"type":"MultiPolygon","coordinates":[[[[-89.161475,17.814844],[-89.133545,17.970801],[-88.806348,17.965527],[-88.461279,18.476758],[-88.085254,18.226123],[-88.313428,16.632764],[-88.894043,15.890625],[-89.2375,15.894434],[-89.161475,17.814844]]],[[[-87.950586,17.924951],[-87.998096,17.906348],[-87.89834,18.154932],[-87.858936,18.154053],[-87.950586,17.924951]]],[[[-87.85293,17.422852],[-87.92998,17.283008],[-87.902832,17.426465],[-87.826416,17.546289],[-87.788623,17.524219],[-87.798145,17.47959],[-87.85293,17.422852]]]]}},{"type":"Feature","properties":{"sigla":"BRB","nome":"Barbados"},"geometry":{"type":"Polygon","coordinates":[[[-59.493311,13.081982],[-59.521875,13.062207],[-59.611328,13.1021],[-59.642773,13.150293],[-59.64668,13.303125],[-59.591602,13.317676],[-59.427637,13.152783],[-59.493311,13.081982]]]}},{"type":"Feature","properties":{"sigla":"BHS","nome":"Bahamas"},"geometry":{"type":"MultiPolygon","coordinates":[[[[-77.657715,24.249463],[-77.755273,24.163477],[-77.561523,24.136816],[-77.57373,23.73916],[-77.771289,23.752539],[-77.999902,24.219824],[-77.657715,24.249463]]],[[[-77.225635,25.904199],[-77.403174,26.024707],[-77.246777,26.156348],[-77.238623,26.561133],[-77.510596,26.845996],[-77.94375,26.903564],[-77.533887,26.903418],[-77.066357,26.530176],[-77.225635,25.904199]]],[[[-73.026855,21.192383],[-73.164551,20.97915],[-73.681152,20.975586],[-73.523096,21.19082],[-73.235352,21.154492],[-73.058496,21.313379],[-73.026855,21.192383]]],[[[-77.743848,24.707422],[-77.745215,24.463477],[-78.044922,24.287451],[-78.435303,24.627588],[-78.242725,24.653809],[-78.162793,25.202344],[-77.743848,24.707422]]],[[[-78.492871,26.729053],[-77.922461,26.691113],[-78.743652,26.500684],[-78.985645,26.689502],[-78.798047,26.582422],[-78.597119,26.797949],[-78.492871,26.729053]]],[[[-77.347559,25.013867],[-77.460498,24.993115],[-77.561914,25.030029],[-77.45127,25.080713],[-77.329102,25.083008],[-77.269141,25.043848],[-77.347559,25.013867]]],[[[-74.05752,22.723486],[-74.274609,22.71167],[-74.307031,22.8396],[-74.05752,22.723486]]],[[[-74.429443,24.068066],[-74.508691,23.959717],[-74.550928,23.968945],[-74.526904,24.105078],[-74.450488,24.125488],[-74.429443,24.068066]]],[[[-74.206738,22.21377],[-73.849951,22.731055],[-73.836523,22.538428],[-74.206738,22.21377]]],[[[-76.648828,25.487402],[-76.126611,25.140527],[-76.169531,24.649414],[-76.319971,24.817676],[-76.1604,25.119336],[-76.780664,25.426855],[-76.648828,25.487402]]],[[[-75.664551,23.450146],[-75.781006,23.470654],[-75.955957,23.592285],[-76.037109,23.602783],[-76.010449,23.671387],[-75.664551,23.450146]]],[[[-74.840479,22.894336],[-75.22334,23.165332],[-75.130566,23.26792],[-75.315967,23.668359],[-74.840479,22.894336]]],[[[-75.308398,24.2],[-75.503223,24.139062],[-75.408936,24.265771],[-75.72666,24.689355],[-75.308398,24.2]]],[[[-73.041016,22.429053],[-72.830762,22.385596],[-72.747266,22.327393],[-72.783887,22.290625],[-72.88916,22.360254],[-73.161914,22.380713],[-73.127393,22.455322],[-73.041016,22.429053]]],[[[-72.916113,21.506689],[-73.049316,21.457617],[-73.062695,21.515332],[-72.994775,21.561621],[-72.916113,21.506689]]]]}},{"type":"Feature","properties":{"sigla":"ATG","nome":"Ant\u00edgua e Barbuda"},"geometry":{"type":"MultiPolygon","coordinates":[[[[-61.716064,17.037012],[-61.748145,16.997168],[-61.859668,17.01333],[-61.887109,17.098145],[-61.817285,17.168945],[-61.686035,17.098438],[-61.716064,17.037012]]],[[[-61.747119,17.574951],[-61.762012,17.548682],[-61.843799,17.596143],[-61.866162,17.704297],[-61.749609,17.661328],[-61.747119,17.574951]]]]}}]}