{"type":"FeatureCollection","features":[{"type":"Feature","properties":{"sigla":"ZWE","nome":"Zimb\u00e1bue"},"geometry":{"type":"Polygon","coordinates":[[[31.287891,-22.402051],[28.014063,-21.554199],[27.699609,-20.530664],[26.168066,-19.538281],[25.258789,-17.793555],[27.020801,-17.958398],[29.72959,-15.644629],[32.948047,-16.712305],[32.992773,-19.984863],[31.287891,-22.402051]]]}},{"type":"Feature","properties":{"sigla":"ZMB","nome":"Z\u00e2mbia"},"geometry":{"type":"Polygon","coordinates":[[[30.396094,-15.643066],[28.913086,-15.987793],[26.779883,-18.041504],[23.380664,-17.640625],[22.040234,-16.262793],[21.978906,-13.000977],[23.962988,-12.988477],[23.966504,-10.871777],[24.37793,-11.41709],[25.28877,-11.212402],[26.025977,-11.890137],[27.15918,-11.579199],[29.014258,-13.368848],[29.775195,-13.438086],[29.795117,-12.155469],[29.064355,-12.348828],[28.383398,-11.566699],[28.400684,-9.224805],[28.898145,-8.485449],[30.751172,-8.193652],[33.195703,-9.626172],[33.661523,-10.553125],[33.261328,-10.893359],[33.512305,-12.347754],[32.67041,-13.59043],[33.201758,-14.013379],[30.231836,-14.990332],[30.396094,-15.643066]]]}},{"type":"Feature","properties":{"sigla":"YEM","nome":"I\u00eamen"},"geometry":{"type":"MultiPolygon","coordinates":[[[[53.085645,16.648389],[51.603711,15.336816],[44.005859,12.607666],[43.487598,12.698828],[42.657813,15.232812],[43.346094,17.486035],[47.143555,16.94668],[49.192383,18.621338],[51.977637,18.996143],[53.085645,16.648389]]],[[[42.590234,15.303418],[42.558691,15.281201],[42.549023,15.320068],[42.602344,15.43252],[42.590234,15.303418]]],[[[42.755859,13.704297],[42.689746,13.673633],[42.794141,13.766113],[42.755859,13.704297]]],[[[42.787402,13.971484],[42.694043,14.00791],[42.762109,14.06748],[42.787402,13.971484]]],[[[53.763184,12.636816],[54.511133,12.552783],[53.718848,12.318994],[53.31582,12.533154],[53.763184,12.636816]]]]}},{"type":"Feature","properties":{"sigla":"VNM","nome":"Vietn\u00e3"},"geometry":{"type":"MultiPolygon","coordinates":[[[[104.063965,10.39082],[104.075781,10.224854],[104.018457,10.029199],[103.952148,10.24292],[103.849512,10.371094],[103.98584,10.426953],[104.063965,10.39082]]],[[[107.972656,21.507959],[106.683398,21.000293],[105.621777,18.966309],[108.821289,15.37793],[109.444922,12.599609],[108.986719,11.336377],[106.605859,10.464941],[106.595605,9.859863],[106.136426,10.22168],[106.572461,9.641113],[105.830957,10.000732],[106.168359,9.396729],[104.77041,8.597656],[105.094922,9.945264],[104.426367,10.41123],[105.045703,10.911377],[106.163965,10.794922],[105.851465,11.63501],[107.506445,12.364551],[107.653125,15.255225],[105.146484,18.650977],[103.891602,19.30498],[104.92793,20.018115],[104.583203,20.64668],[103.104492,20.89165],[102.949609,21.681348],[102.127441,22.379199],[102.470898,22.750928],[103.941504,22.540088],[105.275391,23.345215],[106.780273,22.778906],[106.663574,21.978906],[107.972656,21.507959]]],[[[106.61748,8.682812],[106.567969,8.700928],[106.658594,8.766357],[106.61748,8.682812]]],[[[107.167676,10.397168],[107.083789,10.336572],[107.07793,10.3875],[107.194922,10.445703],[107.167676,10.397168]]],[[[106.865625,20.815723],[106.769434,20.864209],[106.795313,20.92793],[106.865625,20.815723]]],[[[107.602734,21.216797],[107.458691,21.09165],[107.403516,21.093652],[107.47627,21.268945],[107.602734,21.216797]]],[[[107.521289,20.926611],[107.399219,20.903467],[107.55127,21.034033],[107.521289,20.926611]]],[[[107.031348,20.747021],[106.910645,20.824219],[106.953418,20.867041],[107.04375,20.836816],[107.031348,20.747021]]]]}},{"type":"Feature","properties":{"sigla":"VEN","nome":"Venezuela"},"geometry":{"type":"MultiPolygon","coordinates":[[[[-60.821191,9.138379],[-60.941406,9.105566],[-60.907275,9.178711],[-60.73584,9.20332],[-60.821191,9.138379]]],[[[-63.849365,11.131006],[-63.817285,11.000342],[-63.917627,10.887549],[-64.402344,10.981592],[-64.348633,11.051904],[-64.213672,11.086133],[-64.112793,11.005664],[-64.02832,11.001855],[-63.893115,11.167236],[-63.849365,11.131006]]],[[[-65.2125,10.906445],[-65.266406,10.883984],[-65.414648,10.937891],[-65.302344,10.973828],[-65.2125,10.906445]]],[[[-60.9979,8.867334],[-61.059961,8.847021],[-61.069189,8.947314],[-60.91582,9.070312],[-60.84917,8.995703],[-60.861426,8.949609],[-60.9979,8.867334]]],[[[-60.017529,8.549316],[-59.849072,8.248682],[-60.718652,7.535937],[-60.3521,7.002881],[-61.145605,6.694531],[-61.39082,5.93877],[-60.627588,4.892529],[-62.856982,3.593457],[-64.788672,4.276025],[-64.046582,2.502393],[-63.393945,2.22251],[-65.556055,0.687988],[-66.876025,1.223047],[-67.21084,2.390137],[-67.859082,2.793604],[-67.311133,3.415869],[-67.855273,4.506885],[-67.481982,6.180273],[-69.427148,6.123975],[-70.129199,6.953613],[-72.006641,7.032617],[-72.796387,9.108984],[-73.366211,9.194141],[-72.690088,10.83584],[-71.319727,11.861914],[-71.956934,11.569922],[-71.594336,10.657373],[-72.112842,9.815576],[-71.686719,9.07251],[-71.241406,9.160449],[-71.469531,10.96416],[-69.804785,11.474219],[-70.286523,11.886035],[-70.003955,12.177881],[-69.631592,11.479932],[-68.398633,11.160986],[-68.139941,10.492725],[-66.247217,10.632227],[-65.129102,10.070068],[-63.731885,10.503418],[-64.298193,10.635156],[-61.879492,10.741016],[-62.913574,10.531494],[-62.32041,9.783057],[-61.588867,9.894531],[-60.79248,9.360742],[-61.618701,8.597461],[-60.017529,8.549316]]]]}},{"type":"Feature","properties":{"sigla":"VAT","nome":"Vaticano"},"geometry":{"type":"Polygon","coordinates":[[[12.43916,41.898389],[12.427539,41.900732],[12.438379,41.906201],[12.43916,41.898389]]]}},{"type":"Feature","properties":{"sigla":"VUT","nome":"Vanuatu"},"geometry":{"type":"MultiPolygon","coordinates":[[[[166.745801,-14.826855],[167.093945,-15.580859],[166.631055,-15.406055],[166.745801,-14.826855]]],[[[167.4125,-16.095898],[167.836621,-16.449707],[167.449316,-16.55498],[167.4125,-16.095898]]],[[[168.446777,-16.778809],[168.460156,-16.835059],[168.322754,-16.787793],[168.181445,-16.804004],[168.135352,-16.636914],[168.199219,-16.593848],[168.366016,-16.758789],[168.446777,-16.778809]]],[[[168.29668,-16.336523],[168.02168,-16.315625],[167.929004,-16.228711],[168.064258,-16.18125],[168.163867,-16.081641],[168.29668,-16.336523]]],[[[168.445801,-17.542188],[168.584961,-17.695898],[168.524609,-17.798047],[168.25166,-17.780762],[168.305859,-17.745703],[168.277832,-17.706055],[168.158203,-17.710547],[168.273145,-17.552246],[168.445801,-17.542188]]],[[[167.911328,-15.435938],[167.844238,-15.481836],[167.674219,-15.451563],[167.82627,-15.312012],[168.002539,-15.283203],[167.911328,-15.435938]]],[[[168.212891,-15.97041],[168.122852,-15.680859],[168.159961,-15.461816],[168.267773,-15.892285],[168.212891,-15.97041]]],[[[168.18916,-15.328711],[168.171875,-15.390625],[168.130469,-15.318945],[168.114941,-14.988574],[168.18916,-15.328711]]],[[[167.218945,-15.724121],[167.200781,-15.750098],[167.094727,-15.685254],[167.119043,-15.622559],[167.234375,-15.64502],[167.218945,-15.724121]]],[[[167.584863,-14.260938],[167.543262,-14.311621],[167.430273,-14.294922],[167.410742,-14.197461],[167.506445,-14.142188],[167.598926,-14.183789],[167.584863,-14.260938]]],[[[167.488867,-13.907227],[167.451074,-13.909375],[167.391797,-13.788379],[167.481055,-13.709473],[167.553516,-13.813965],[167.488867,-13.907227]]],[[[169.896289,-20.186621],[169.861133,-20.241797],[169.7375,-20.202148],[169.750684,-20.15332],[169.829492,-20.144727],[169.896289,-20.186621]]],[[[169.491309,-19.540137],[169.438477,-19.648828],[169.347266,-19.623535],[169.21748,-19.476367],[169.247461,-19.344727],[169.336719,-19.329297],[169.359961,-19.457813],[169.491309,-19.540137]]],[[[169.334375,-18.940234],[169.248047,-18.983301],[168.986914,-18.871289],[169.01582,-18.64375],[169.143848,-18.631055],[169.178027,-18.725098],[169.255762,-18.763379],[169.201172,-18.795703],[169.334375,-18.940234]]]]}},{"type":"Feature","properties":{"sigla":"UZB","nome":"Uzbequist\u00e3o"},"geometry":{"type":"MultiPolygon","coordinates":[[[[70.946777,42.248682],[70.200879,41.514453],[71.393066,41.123389],[71.664941,41.541211],[73.136914,40.810645],[71.69248,40.152344],[70.602734,40.21416],[70.401953,41.035107],[69.413867,40.797168],[68.506934,39.562793],[67.426172,39.465576],[68.350293,38.211035],[67.758984,37.172217],[66.522266,37.348486],[66.574512,38.010791],[63.763672,39.160547],[62.483203,39.975635],[61.902832,41.093701],[60.089648,41.399414],[59.985156,42.211719],[58.589063,42.778467],[58.151563,42.628076],[58.474414,42.299365],[58.028906,42.487646],[56.964063,41.856543],[57.017969,41.263477],[55.977441,41.322217],[55.975684,44.994922],[58.555273,45.555371],[61.990234,43.492139],[64.905469,43.714697],[66.100293,42.99082],[66.00957,42.004883],[66.498633,41.994873],[66.709668,41.17915],[67.935742,41.196582],[68.415039,40.619434],[70.946777,42.248682]],[[70.652539,40.936621],[70.618359,41.00166],[70.55,41.014893],[70.652539,40.936621]]],[[[71.206152,39.892578],[71.011719,39.895117],[71.044824,39.992529],[70.974414,40.038867],[70.97627,40.133252],[71.024121,40.14917],[71.080371,40.079883],[71.228711,40.048145],[71.179297,39.979834],[71.206152,39.892578]]],[[[71.779688,39.950244],[71.75293,39.907129],[71.668945,39.946094],[71.789941,39.995312],[71.779688,39.950244]]]]}},{"type":"Feature","properties":{"sigla":"URY","nome":"Uruguai"},"geometry":{"type":"Polygon","coordinates":[[[-53.370605,-33.742188],[-54.902295,-34.932813],[-57.873242,-34.447656],[-58.438135,-33.719141],[-57.645752,-30.226953],[-56.832715,-30.107227],[-56.004687,-31.079199],[-55.603027,-30.850781],[-53.761719,-32.056836],[-53.125586,-32.736719],[-53.370605,-33.742188]]]}},{"type":"Feature","properties":{"sigla":"FSM","nome":"Micron\u00e9sia"},"geometry":{"type":"MultiPolygon","coordinates":[[[[162.983203,5.325732],[162.993457,5.277246],[162.921094,5.31792],[162.983203,5.325732]]],[[[138.142676,9.500684],[138.06709,9.419043],[138.116895,9.550195],[138.18584,9.593311],[138.213574,9.547217],[138.142676,9.500684]]],[[[151.647754,7.346191],[151.569727,7.345508],[151.629492,7.39043],[151.647754,7.346191]]],[[[151.881445,7.432031],[151.865332,7.466162],[151.910547,7.460156],[151.881445,7.432031]]],[[[158.314844,6.813672],[158.183398,6.80127],[158.134766,6.944824],[158.186133,6.977734],[158.294629,6.951074],[158.334961,6.893164],[158.314844,6.813672]]]]}},{"type":"Feature","properties":{"sigla":"MHL","nome":"Ilhas Marshall"},"geometry":{"type":"MultiPolygon","coordinates":[[[[169.635059,5.830078],[169.590527,5.801904],[169.651074,5.945117],[169.73457,6.01416],[169.635059,5.830078]]],[[[168.830273,7.308984],[168.81543,7.293555],[168.675098,7.321924],[168.830273,7.308984]]],[[[171.577344,7.048242],[171.688379,7.028271],[171.756836,6.973145],[171.577344,7.048242]]],[[[171.101953,7.138232],[171.226953,7.086963],[171.39375,7.110937],[171.235352,7.06875],[171.035742,7.156104],[171.101953,7.138232]]],[[[166.890332,11.153076],[166.844727,11.153369],[166.888086,11.168652],[166.890332,11.153076]]]]}},{"type":"Feature","properties":{"sigla":"USA","nome":"Estados Unidos"},"geometry":{"type":"MultiPolygon","coordinates":[[[[-132.746875,56.525684],[-132.884717,56.512451],[-132.948047,56.567236],[-132.842529,56.794775],[-132.655859,56.684717],[-132.567969,56.57583],[-132.746875,56.525684]]],[[[-132.779883,56.247266],[-132.891455,56.259424],[-133.037646,56.364844],[-132.902051,56.45376],[-132.643359,56.435156],[-132.646582,56.313184],[-132.779883,56.247266]]],[[[-134.312744,58.228906],[-134.45625,58.206543],[-134.661572,58.290918],[-134.519971,58.33252],[-134.312744,58.228906]]],[[[-145.118506,60.337109],[-145.284277,60.336816],[-145.128125,60.401123],[-145.118506,60.337109]]],[[[-144.565625,59.818408],[-144.613574,59.812646],[-144.444922,59.950684],[-144.235742,60.015186],[-144.565625,59.818408]]],[[[-148.021777,60.065332],[-148.271875,60.053271],[-148.230664,60.113525],[-148.07959,60.15166],[-147.914209,60.092334],[-148.021777,60.065332]]],[[[-152.020752,60.361719],[-152.069043,60.358057],[-151.959717,60.50376],[-151.899414,60.490381],[-152.020752,60.361719]]],[[[-160.329297,55.337695],[-160.343311,55.258789],[-160.51748,55.333838],[-160.329297,55.337695]]],[[[-159.362012,54.972412],[-159.421338,54.978125],[-159.461914,55.058789],[-159.39043,55.040869],[-159.362012,54.972412]]],[[[-159.515137,55.151855],[-159.534961,55.059619],[-159.648486,55.074561],[-159.574756,55.217725],[-159.515137,55.151855]]],[[[-166.209766,53.723291],[-166.250732,53.767773],[-166.113721,53.843066],[-166.209766,53.723291]]],[[[-176.008984,51.812354],[-176.093359,51.790479],[-176.204443,51.834814],[-176.193652,51.886279],[-176.008984,51.812354]]],[[[-166.109863,66.227441],[-166.148633,66.221826],[-165.822217,66.328076],[-166.109863,66.227441]]],[[[-171.463037,63.640039],[-168.716016,63.310596],[-169.676367,62.956104],[-171.790967,63.424707],[-171.463037,63.640039]]],[[[-166.135449,60.383545],[-165.591797,59.913135],[-166.14873,59.764111],[-167.436426,60.206641],[-166.135449,60.383545]]],[[[-152.898047,57.823926],[-152.216211,57.577002],[-153.972705,56.774219],[-154.705957,57.335352],[-152.898047,57.823926]]],[[[-130.025098,55.888232],[-130.575342,54.769678],[-131.047852,55.157666],[-131.032764,56.088086],[-132.118994,55.569775],[-131.551367,56.206787],[-133.465869,57.172168],[-133.64873,57.642285],[-133.117041,57.566211],[-133.535205,57.832959],[-133.194336,57.877686],[-134.031104,58.072168],[-133.876758,58.518164],[-134.776123,58.453857],[-135.363672,59.419434],[-135.090234,58.24585],[-135.897559,58.400195],[-136.150049,59.048096],[-136.989014,59.034473],[-136.061475,58.452734],[-136.607422,58.243994],[-139.799121,59.54624],[-138.988086,59.83501],[-139.431445,60.012256],[-140.419824,59.710742],[-141.40874,60.117676],[-144.147217,60.016406],[-144.901318,60.335156],[-144.691113,60.669092],[-145.248291,60.380127],[-146.570459,60.72915],[-146.384375,61.13584],[-148.341895,61.0604],[-148.640137,60.489453],[-147.964111,60.484863],[-148.430713,59.989111],[-149.395264,60.105762],[-151.738184,59.188525],[-151.046484,59.771826],[-151.853223,59.78208],[-151.321777,60.74292],[-149.075098,60.876416],[-150.053271,61.171094],[-149.433545,61.500781],[-153.025,60.295654],[-152.660107,59.997217],[-154.17832,59.155566],[-153.437598,58.754834],[-158.476123,56.075488],[-161.516943,55.618408],[-163.335303,54.83916],[-161.697314,55.907227],[-160.291699,55.805078],[-160.302051,56.314111],[-157.461914,57.506201],[-157.610889,58.05083],[-157.193701,58.194189],[-157.523633,58.421338],[-156.808887,59.134277],[-158.190918,58.614258],[-158.503174,58.850342],[-158.080518,58.977441],[-158.809473,58.973877],[-158.950684,58.404541],[-160.363135,59.051172],[-162.144922,58.644238],[-161.644385,59.109668],[-162.421338,60.283984],[-161.946582,60.684814],[-162.570752,59.989746],[-163.906885,59.806787],[-165.353809,60.541211],[-163.586914,60.902979],[-165.114844,60.932812],[-166.168115,61.65083],[-164.757861,62.496729],[-164.409033,63.215039],[-163.287842,63.046436],[-160.926709,63.660547],[-161.490723,64.433789],[-160.886963,64.795557],[-162.711084,64.377539],[-166.142773,64.582764],[-166.928418,65.15708],[-166.157031,65.28584],[-168.088379,65.657764],[-164.460498,66.588428],[-163.638232,66.574658],[-164.03374,66.215527],[-163.695361,66.083838],[-161.034277,66.188818],[-162.361621,66.947314],[-160.231689,66.420264],[-166.786279,68.359619],[-166.209082,68.885352],[-163.535693,69.170117],[-161.880957,70.331738],[-160.117139,70.591211],[-159.865674,70.278857],[-159.386768,70.524512],[-160.081592,70.634863],[-159.680908,70.786768],[-156.470215,71.407666],[-155.579443,71.121094],[-155.973535,70.841992],[-154.943799,71.083057],[-152.300391,70.846777],[-151.944678,70.4521],[-143.218311,70.11626],[-141.002148,69.650781],[-141.002148,60.300244],[-139.079248,60.343701],[-137.438574,58.903125],[-135.475928,59.793262],[-133.401123,58.410889],[-131.824268,56.58999],[-130.025098,55.888232]]],[[[-163.476025,54.980713],[-163.083252,54.668994],[-164.903955,54.544775],[-163.476025,54.980713]]],[[[-133.305078,55.54375],[-133.281689,55.497852],[-133.650195,55.269287],[-133.63501,55.41333],[-133.737109,55.496924],[-133.634229,55.539258],[-133.305078,55.54375]]],[[[-131.339746,55.079834],[-131.232031,54.90376],[-131.406201,54.894287],[-131.481738,55.035254],[-131.592236,55.025684],[-131.578467,55.248779],[-131.404639,55.21333],[-131.339746,55.079834]]],[[[-132.112354,56.109375],[-132.699023,56.198193],[-132.379834,56.498779],[-132.112354,56.109375]]],[[[-130.97915,55.48916],[-131.810986,55.223096],[-131.269238,55.955371],[-130.97915,55.48916]]],[[[-133.366211,57.003516],[-132.95918,56.677051],[-133.602783,56.464111],[-133.979443,57.00957],[-133.366211,57.003516]]],[[[-132.862256,54.894434],[-132.772314,54.926074],[-132.617236,54.892432],[-132.705811,54.68418],[-133.008936,54.854834],[-133.251172,55.175146],[-133.417969,55.210693],[-133.429053,55.303809],[-133.296582,55.325732],[-133.097412,55.213721],[-132.862256,54.894434]]],[[[-146.393945,60.449658],[-146.102246,60.411182],[-146.595313,60.268457],[-146.702881,60.395605],[-146.560303,60.480566],[-146.393945,60.449658]]],[[[-147.735889,59.813232],[-147.872461,59.828369],[-147.768066,59.94375],[-147.336523,60.185352],[-147.180859,60.358252],[-146.957861,60.288867],[-147.318457,60.075293],[-147.499316,59.890186],[-147.735889,59.813232]]],[[[-147.658252,60.450488],[-147.732129,60.22207],[-147.81582,60.185156],[-147.805273,60.230664],[-147.871338,60.229785],[-147.891455,60.299414],[-147.794531,60.459863],[-147.760205,60.43877],[-147.688574,60.491406],[-147.658252,60.450488]]],[[[-147.930713,60.826172],[-148.123779,60.844336],[-148.10166,60.916113],[-148.037744,60.924121],[-147.964404,60.900146],[-147.930713,60.826172]]],[[[-153.00708,57.124854],[-153.156836,57.093945],[-153.29541,57.000439],[-153.374609,57.051904],[-153.285205,57.185059],[-152.908398,57.152441],[-153.00708,57.124854]]],[[[-152.486084,58.48501],[-152.636621,58.541699],[-152.463184,58.618506],[-152.36792,58.611084],[-152.362256,58.57085],[-152.486084,58.48501]]],[[[-153.240625,57.850098],[-153.294971,57.829492],[-153.520068,57.955762],[-153.346973,57.932812],[-153.240625,57.850098]]],[[[-155.566016,55.821191],[-155.680615,55.791846],[-155.737354,55.829785],[-155.593945,55.924316],[-155.566016,55.821191]]],[[[-154.682813,56.435791],[-154.777148,56.439893],[-154.62373,56.561328],[-154.517529,56.600537],[-154.444873,56.573193],[-154.682813,56.435791]]],[[[-154.208643,56.514893],[-154.332129,56.539014],[-154.322217,56.570605],[-154.1104,56.60293],[-154.115967,56.543896],[-154.208643,56.514893]]],[[[-160.684912,55.314795],[-160.552783,55.380762],[-160.583154,55.307617],[-160.487549,55.184863],[-160.795068,55.145215],[-160.839648,55.3354],[-160.723926,55.404639],[-160.672168,55.379395],[-160.684912,55.314795]]],[[[-162.298145,54.847021],[-162.433887,54.931543],[-162.2646,54.983496],[-162.23374,54.932031],[-162.298145,54.847021]]],[[[-162.554395,54.401367],[-162.733105,54.402295],[-162.820557,54.494531],[-162.554395,54.401367]]],[[[-159.872998,55.12876],[-160.227051,54.922705],[-160.153613,55.03833],[-160.17207,55.123047],[-159.981641,55.197754],[-159.920459,55.267529],[-159.871045,55.263574],[-159.898242,55.221289],[-159.839404,55.182373],[-159.872998,55.12876]]],[[[-165.841553,54.070654],[-166.036426,54.047168],[-166.105811,54.144824],[-165.892871,54.206982],[-165.692871,54.099902],[-165.841553,54.070654]]],[[[-165.561133,54.136719],[-165.615381,54.139551],[-165.65415,54.25332],[-165.550635,54.284521],[-165.407861,54.196826],[-165.561133,54.136719]]],[[[-160.918994,58.5771],[-161.070264,58.569141],[-161.131494,58.668213],[-160.715137,58.795215],[-160.918994,58.5771]]],[[[-172.742236,60.457373],[-172.3875,60.398486],[-172.23208,60.299121],[-172.635742,60.328857],[-173.074023,60.493213],[-173.047656,60.568311],[-172.923877,60.606836],[-172.860205,60.505664],[-172.742236,60.457373]]],[[[-170.160547,57.183936],[-170.264014,57.136768],[-170.386621,57.203027],[-170.116162,57.241797],[-170.160547,57.183936]]],[[[-169.691943,52.847363],[-169.722754,52.792334],[-169.991846,52.829834],[-169.820654,52.883398],[-169.691943,52.847363]]],[[[-170.733398,52.581494],[-170.797363,52.549756],[-170.827051,52.600732],[-170.68208,52.697559],[-170.584619,52.667578],[-170.614014,52.609619],[-170.733398,52.581494]]],[[[-172.464795,52.272266],[-172.619824,52.272852],[-172.47041,52.388037],[-172.313623,52.32959],[-172.464795,52.272266]]],[[[-169.755225,56.635059],[-169.474316,56.594043],[-169.632617,56.545703],[-169.755225,56.635059]]],[[[-176.286719,51.791992],[-176.349658,51.733301],[-176.413721,51.840576],[-176.378564,51.861133],[-176.286719,51.791992]]],[[[-176.021533,52.002441],[-176.142871,52.004297],[-176.184521,52.056055],[-176.077393,52.099951],[-175.975293,52.028955],[-176.021533,52.002441]]],[[[-177.148193,51.716748],[-177.670215,51.701074],[-177.257275,51.804932],[-177.110059,51.92876],[-177.063037,51.901904],[-177.148193,51.716748]]],[[[178.575488,51.91626],[178.511816,51.899121],[178.475,51.967725],[178.570605,51.977539],[178.607324,51.953027],[178.575488,51.91626]]],[[[179.451563,51.372607],[179.278125,51.372217],[178.647949,51.643896],[178.908008,51.615576],[179.451563,51.372607]]],[[[173.722754,52.35957],[173.402344,52.404785],[173.657617,52.504102],[173.776074,52.495117],[173.722754,52.35957]]],[[[-134.969775,57.351416],[-134.681885,56.216162],[-135.454932,57.249414],[-135.812305,57.009521],[-135.448682,57.534375],[-134.969775,57.351416]]],[[[-134.680273,58.16167],[-133.822754,57.628662],[-134.306885,58.034375],[-133.908838,57.368701],[-134.435303,57.056982],[-134.680273,58.16167]]],[[[-135.730371,58.244238],[-134.954688,58.015332],[-135.338477,57.768652],[-134.931494,57.481152],[-135.910791,57.446582],[-136.568604,57.972168],[-135.730371,58.244238]]],[[[-133.566113,56.339209],[-132.172705,55.480615],[-132.631299,55.473193],[-131.976416,55.208594],[-132.02168,54.726318],[-133.680176,55.785156],[-133.241504,55.920801],[-133.742529,55.964844],[-133.566113,56.339209]]],[[[-133.9896,56.844971],[-134.1896,56.076953],[-134.373682,56.838672],[-133.9896,56.844971]]],[[[-152.416943,58.360205],[-152.31626,58.413477],[-152.125244,58.374268],[-152.078516,58.312354],[-151.974365,58.309863],[-151.98252,58.244336],[-152.109082,58.161133],[-152.268359,58.251709],[-152.334375,58.208057],[-152.309229,58.133887],[-152.537646,58.100977],[-152.598242,58.162598],[-152.683057,58.06333],[-152.928418,57.993701],[-153.381348,58.087207],[-152.976123,58.297021],[-152.771875,58.278564],[-152.768701,58.345605],[-152.841113,58.416406],[-152.612305,58.445703],[-152.416943,58.360205]]],[[[-167.964355,53.345117],[-168.270703,53.238037],[-168.505615,53.043164],[-169.088916,52.832031],[-168.79585,53.044922],[-168.777783,53.148779],[-168.689844,53.227246],[-168.38042,53.283447],[-168.396436,53.408789],[-168.287695,53.500146],[-168.073291,53.556982],[-167.828076,53.507959],[-167.865137,53.387305],[-167.964355,53.345117]]],[[[-166.615332,53.900928],[-166.309473,53.69751],[-167.808789,53.323779],[-166.615332,53.900928]]],[[[-173.55332,52.136279],[-173.0229,52.07915],[-173.835791,52.048193],[-173.99248,52.12334],[-173.55332,52.136279]]],[[[-174.677393,52.03501],[-175.295557,52.022168],[-174.306152,52.216162],[-174.258838,52.269043],[-174.435547,52.317236],[-174.168896,52.420166],[-174.018359,52.331787],[-174.054883,52.245996],[-174.179395,52.200342],[-174.120654,52.135205],[-174.677393,52.03501]]],[[[-176.593311,51.866699],[-176.587939,51.833203],[-176.437451,51.820117],[-176.452344,51.735693],[-176.770947,51.629932],[-176.837109,51.675879],[-176.961621,51.603662],[-176.874414,51.790479],[-176.736426,51.839941],[-176.69834,51.986035],[-176.549902,51.944043],[-176.593311,51.866699]]],[[[-177.879053,51.649707],[-177.925342,51.617383],[-178.058887,51.672607],[-177.986377,51.764258],[-178.194531,51.882227],[-177.953809,51.918457],[-177.799609,51.840039],[-177.644482,51.82627],[-177.770654,51.777881],[-177.879053,51.649707]]],[[[179.727734,51.90542],[179.549609,51.894043],[179.503906,51.97959],[179.627148,52.03042],[179.77998,51.966846],[179.727734,51.90542]]],[[[177.41543,51.882812],[177.328516,51.841064],[177.250293,51.90293],[177.520508,52.018213],[177.56377,52.110498],[177.669629,52.103027],[177.594141,51.947559],[177.41543,51.882812]]],[[[172.811816,53.012988],[173.102148,52.995605],[173.436035,52.852051],[173.080273,52.814453],[172.935156,52.7521],[172.775586,52.796924],[172.721777,52.885547],[172.494824,52.937891],[172.811816,53.012988]]],[[[-155.581348,19.012012],[-156.048682,19.749951],[-155.831641,20.27583],[-154.804199,19.524463],[-155.581348,19.012012]]],[[[-157.213623,21.215381],[-156.712158,21.155078],[-156.859863,21.056348],[-157.290332,21.112598],[-157.249951,21.229785],[-157.213623,21.215381]]],[[[-156.486816,20.932568],[-156.277539,20.95127],[-155.989844,20.757129],[-156.107129,20.644775],[-156.408789,20.605176],[-156.480078,20.801221],[-156.61543,20.821826],[-156.697754,20.949072],[-156.656885,21.024512],[-156.5854,21.034326],[-156.486816,20.932568]]],[[[-157.799365,21.456641],[-157.720898,21.457715],[-157.6354,21.307617],[-157.798779,21.268604],[-157.901758,21.340576],[-157.958447,21.326904],[-157.978418,21.378516],[-158.017285,21.367725],[-157.980957,21.316113],[-158.110352,21.318604],[-158.273145,21.585254],[-158.123096,21.600244],[-157.9625,21.701367],[-157.799365,21.456641]]],[[[-159.372754,21.932373],[-159.460693,21.876123],[-159.608838,21.909521],[-159.78916,22.041797],[-159.726611,22.140186],[-159.579199,22.223145],[-159.352051,22.21958],[-159.300684,22.105273],[-159.372754,21.932373]]],[[[-160.180029,21.841064],[-160.234717,21.803662],[-160.220898,21.897266],[-160.100635,22.015234],[-160.04873,22.004639],[-160.080029,21.907422],[-160.180029,21.841064]]],[[[-156.849609,20.772656],[-156.973389,20.75752],[-157.050586,20.912451],[-156.880566,20.904834],[-156.809375,20.831152],[-156.849609,20.772656]]],[[[-74.708887,45.003857],[-70.865039,45.270703],[-69.242871,47.462988],[-67.806787,47.082812],[-67.802246,45.727539],[-66.987012,44.827686],[-68.53252,44.258643],[-68.762695,44.570752],[-70.269238,43.671924],[-71.046191,42.331104],[-69.948633,41.677148],[-71.390137,41.795312],[-71.522852,41.378955],[-73.987109,40.751367],[-73.969922,41.249707],[-74.079932,39.788135],[-74.794482,39.001904],[-75.524219,39.490186],[-75.07417,39.983496],[-75.587598,39.640771],[-75.03877,38.426367],[-75.934375,37.151904],[-75.659277,37.953955],[-76.341162,38.709668],[-75.872949,39.510889],[-76.57041,39.269336],[-76.341162,38.087012],[-77.23252,38.407715],[-77.030371,38.889258],[-77.2604,38.6],[-76.264258,37.893555],[-77.111084,38.165674],[-76.283301,37.052686],[-77.250879,37.329199],[-75.999414,36.912646],[-75.53418,35.819092],[-75.946484,36.659082],[-75.820068,36.112842],[-76.733643,36.22915],[-75.758838,35.843262],[-76.173828,35.35415],[-77.03999,35.527393],[-76.439795,34.84292],[-77.412256,34.730811],[-77.927832,33.939746],[-80.802539,32.448047],[-81.460352,31.127051],[-80.050049,26.807715],[-80.484668,25.229834],[-81.110498,25.138037],[-81.715479,25.983154],[-82.7146,27.499609],[-82.405762,27.862891],[-82.843506,27.845996],[-82.651465,28.8875],[-83.694385,29.925977],[-85.318945,29.680225],[-85.603516,30.286768],[-86.997559,30.570312],[-88.005957,30.230908],[-88.011328,30.694189],[-88.135449,30.366602],[-90.331982,30.277588],[-89.400732,30.046045],[-89.720898,29.619287],[-89.015723,29.202881],[-89.376123,28.981348],[-90.159082,29.537158],[-90.212793,29.104932],[-91.290137,29.288965],[-91.893164,29.836035],[-92.26084,29.556836],[-93.841455,29.979736],[-94.759619,29.384277],[-95.022852,29.702344],[-95.273486,28.963867],[-96.640039,28.708789],[-96.421094,28.457324],[-97.156494,28.144336],[-97.439111,27.328271],[-97.768457,27.45752],[-97.358154,25.870508],[-99.107764,26.446924],[-101.380371,29.742578],[-102.343066,29.86499],[-103.257715,29.001123],[-104.400635,29.57373],[-104.917871,30.58335],[-106.44541,31.768408],[-111.041992,31.324219],[-114.724756,32.715332],[-117.128271,32.53335],[-118.506201,34.017383],[-120.644678,34.57998],[-122.499219,37.542627],[-122.070508,37.478271],[-122.314258,38.007324],[-121.525342,38.055908],[-122.998779,37.988623],[-124.324023,40.251953],[-124.071924,41.459521],[-124.539648,42.812891],[-123.989307,46.219385],[-123.220605,46.153613],[-124.072754,46.279443],[-123.842871,46.963184],[-124.709961,48.380371],[-122.778613,48.137598],[-123.139062,47.386084],[-122.532813,47.919727],[-123.027588,47.138916],[-122.701953,47.110889],[-122.241992,48.010742],[-122.78877,48.993018],[-95.162061,48.991748],[-95.155273,49.369678],[-94.620898,48.742627],[-91.518311,48.058301],[-88.378174,48.303076],[-84.149463,46.542773],[-82.551074,45.347363],[-82.137842,43.570898],[-83.149658,42.141943],[-82.690039,41.675195],[-79.036719,42.802344],[-78.845557,43.58335],[-76.819971,43.628809],[-74.708887,45.003857]]],[[[-72.509766,40.986035],[-72.580859,40.921338],[-72.183887,41.046777],[-72.101904,41.015039],[-71.903223,41.060693],[-73.194287,40.654199],[-73.899561,40.570508],[-73.79917,40.640967],[-73.875195,40.651611],[-74.014893,40.581201],[-74.032031,40.638672],[-73.879248,40.79165],[-73.695215,40.87002],[-73.652246,40.838037],[-73.573828,40.919629],[-72.625098,40.991846],[-72.274121,41.153027],[-72.509766,40.986035]]],[[[-68.187256,44.332471],[-68.309277,44.321484],[-68.315088,44.249707],[-68.411719,44.294336],[-68.409473,44.364258],[-68.299414,44.456494],[-68.238037,44.438379],[-68.187256,44.332471]]],[[[-74.188135,40.522852],[-74.235889,40.518701],[-74.188184,40.6146],[-74.06875,40.649316],[-74.079687,40.586475],[-74.188135,40.522852]]],[[[-70.509912,41.376318],[-70.785303,41.327441],[-70.829199,41.358984],[-70.616016,41.457227],[-70.509912,41.376318]]],[[[-71.241406,41.491943],[-71.34624,41.469385],[-71.232031,41.654297],[-71.241406,41.491943]]],[[[-69.97793,41.265576],[-70.233057,41.286328],[-70.062695,41.328467],[-70.041211,41.397461],[-69.97793,41.265576]]],[[[-75.635693,35.855908],[-75.717187,35.946143],[-75.648877,35.9104],[-75.635693,35.855908]]],[[[-75.544141,35.240088],[-75.690088,35.221582],[-75.536377,35.278613],[-75.48125,35.572119],[-75.503516,35.769141],[-75.464746,35.448633],[-75.544141,35.240088]]],[[[-75.781934,35.190186],[-75.98418,35.123096],[-75.864941,35.174121],[-75.781934,35.190186]]],[[[-76.503662,34.642969],[-76.437012,34.756348],[-76.207373,34.938916],[-76.503662,34.642969]]],[[[-82.037207,26.453613],[-82.144971,26.44668],[-82.201367,26.548047],[-82.116064,26.460938],[-82.037207,26.453613]]],[[[-82.083789,26.552344],[-82.085205,26.493604],[-82.169141,26.700732],[-82.083789,26.552344]]],[[[-80.381836,25.142285],[-80.580566,24.954248],[-80.354932,25.233643],[-80.35127,25.296973],[-80.25708,25.347607],[-80.381836,25.142285]]],[[[-91.793701,29.500732],[-92.006641,29.610303],[-91.875244,29.640967],[-91.754297,29.566895],[-91.793701,29.500732]]],[[[-97.014355,27.901611],[-96.978662,28.013867],[-96.857422,28.13291],[-96.839746,28.088818],[-97.014355,27.901611]]],[[[-96.764404,28.152588],[-96.801123,28.148438],[-96.755615,28.202441],[-96.403564,28.381592],[-96.41333,28.337793],[-96.764404,28.152588]]],[[[-97.353613,27.300049],[-97.384814,27.242529],[-97.29502,27.523096],[-97.060547,27.822021],[-97.353613,27.300049]]],[[[-95.039697,29.145898],[-95.089648,29.136328],[-94.825977,29.341309],[-94.767627,29.339062],[-95.039697,29.145898]]],[[[-97.170703,26.159375],[-97.184521,26.112939],[-97.4021,26.820508],[-97.385986,27.196484],[-97.351221,26.801465],[-97.170703,26.159375]]],[[[-120.306592,34.024854],[-120.441553,34.03291],[-120.367725,34.073291],[-120.306592,34.024854]]],[[[-119.438037,33.217187],[-119.543652,33.224609],[-119.575195,33.27832],[-119.478809,33.274609],[-119.438037,33.217187]]],[[[-118.350391,32.827588],[-118.473193,32.838916],[-118.590186,33.011182],[-118.55708,33.032666],[-118.350391,32.827588]]],[[[-120.043555,33.918848],[-120.167139,33.918066],[-120.251904,34.013867],[-120.071826,34.026514],[-119.983936,33.97334],[-120.043555,33.918848]]],[[[-119.882373,34.079687],[-119.549268,34.028174],[-119.80957,33.967773],[-119.885498,33.994922],[-119.918066,34.067822],[-119.882373,34.079687]]],[[[-118.347949,33.385742],[-118.297461,33.312109],[-118.446289,33.31709],[-118.569434,33.46416],[-118.347949,33.385742]]],[[[-122.782129,48.672705],[-122.837598,48.626562],[-122.903027,48.664697],[-122.892529,48.594482],[-123.002832,48.652197],[-122.897705,48.710352],[-122.782129,48.672705]]],[[[-123.013135,48.500879],[-122.986768,48.468018],[-123.139941,48.507959],[-123.162158,48.606396],[-123.11416,48.613281],[-123.013135,48.500879]]],[[[-122.572754,48.156641],[-122.523828,48.025439],[-122.502832,48.080078],[-122.366748,47.985449],[-122.383154,47.923193],[-122.55752,47.99248],[-122.622656,48.151416],[-122.741504,48.225293],[-122.628613,48.384229],[-122.542432,48.293994],[-122.697021,48.228662],[-122.572754,48.156641]]],[[[-71.365332,41.485254],[-71.393066,41.466748],[-71.383984,41.570557],[-71.365332,41.485254]]],[[[-74.133203,39.680762],[-74.250488,39.529395],[-74.106738,39.746436],[-74.133203,39.680762]]],[[[-75.333057,37.888281],[-75.378516,37.87207],[-75.0979,38.298096],[-75.333057,37.888281]]],[[[-76.54624,34.654883],[-76.607812,34.663574],[-76.673926,34.700146],[-76.54624,34.654883]]],[[[-81.334814,24.650488],[-81.379053,24.636279],[-81.420068,24.75],[-81.322314,24.685059],[-81.334814,24.650488]]],[[[-80.829395,24.803662],[-80.84834,24.803662],[-80.785205,24.835254],[-80.829395,24.803662]]],[[[-80.638281,24.903174],[-80.665137,24.898438],[-80.6146,24.937939],[-80.638281,24.903174]]],[[[-81.044189,24.716797],[-81.137354,24.710498],[-80.930469,24.759473],[-81.044189,24.716797]]],[[[-81.418994,30.971436],[-81.463477,30.727783],[-81.484619,30.897852],[-81.418994,30.971436]]],[[[-81.566699,24.599902],[-81.631494,24.590039],[-81.562305,24.68916],[-81.532227,24.61416],[-81.566699,24.599902]]],[[[-80.186768,27.278418],[-80.170508,27.204785],[-80.436914,27.850537],[-80.186768,27.278418]]],[[[-81.783838,24.54458],[-81.811426,24.557812],[-81.738672,24.575439],[-81.783838,24.54458]]],[[[-88.889307,29.712598],[-88.943604,29.660254],[-88.872656,29.752979],[-88.889307,29.712598]]],[[[-88.558105,30.215918],[-88.659229,30.225586],[-88.722852,30.264258],[-88.558105,30.215918]]],[[[-88.071338,30.252344],[-88.31626,30.24043],[-88.109375,30.27373],[-88.071338,30.252344]]],[[[-89.223975,30.084082],[-89.220459,30.037598],[-89.341992,30.062842],[-89.184668,30.168652],[-89.223975,30.084082]]],[[[-88.827441,29.807715],[-88.855664,29.775879],[-88.827979,29.928369],[-88.866895,30.056738],[-88.812598,29.93335],[-88.827441,29.807715]]],[[[-84.90791,29.642627],[-85.008252,29.606641],[-85.116748,29.632812],[-85.000537,29.627197],[-84.737158,29.732422],[-84.90791,29.642627]]],[[[-122.853076,47.204736],[-122.911914,47.254346],[-122.885107,47.274707],[-122.853076,47.204736]]],[[[-122.394141,47.395264],[-122.509912,47.358008],[-122.486475,47.48877],[-122.394141,47.395264]]],[[[-122.497266,47.59458],[-122.575928,47.619482],[-122.549756,47.703955],[-122.497266,47.59458]]],[[[-122.820898,48.431348],[-122.921631,48.456934],[-122.912207,48.537988],[-122.868896,48.548633],[-122.820898,48.431348]]],[[[-68.623193,44.196045],[-68.701709,44.182666],[-68.703027,44.231982],[-68.676758,44.256201],[-68.623193,44.196045]]]]}},{"type":"Feature","properties":{"sigla":"GBR","nome":"Reino Unido"},"geometry":{"type":"MultiPolygon","coordinates":[[[[-2.667676,51.622998],[-5.262305,51.880176],[-4.149365,52.32627],[-4.101465,52.915479],[-4.683057,52.806152],[-4.268555,53.144531],[-2.749512,53.310205],[-2.867578,54.177246],[-3.592041,54.564355],[-3.03623,54.953076],[-5.135498,54.85752],[-4.800293,56.15835],[-5.768213,55.362646],[-5.188379,56.758057],[-6.132764,56.718018],[-5.016748,58.566553],[-3.053076,58.634814],[-4.134521,57.577734],[-1.867383,57.612354],[-2.500977,56.636572],[-3.309961,56.363477],[-2.674268,56.253418],[-3.789062,56.095215],[-2.14707,55.902979],[-1.232422,54.703711],[-0.084375,54.118066],[0.115332,53.609277],[-0.659912,53.724023],[0.270996,53.335498],[0.045898,52.905615],[1.743359,52.578516],[0.424512,51.465625],[1.414941,51.363281],[0.960156,50.925879],[-2.999414,50.716602],[-5.622119,50.050684],[-4.188184,51.188525],[-2.667676,51.622998]]],[[[-4.196777,53.321436],[-4.049365,53.305762],[-4.373047,53.13418],[-4.553223,53.260449],[-4.567871,53.386475],[-4.315088,53.417236],[-4.196777,53.321436]]],[[[-2.548877,59.231348],[-2.662061,59.230176],[-2.603613,59.289307],[-2.406982,59.297559],[-2.548877,59.231348]]],[[[-1.042529,60.513867],[-1.165527,60.603906],[-1.093311,60.720215],[-0.99165,60.686035],[-1.049023,60.646924],[-1.042529,60.513867]]],[[[-1.308105,60.5375],[-1.299463,59.878662],[-1.66377,60.28252],[-1.308105,60.5375]]],[[[-0.774268,60.811963],[-0.825488,60.683936],[-0.922266,60.697266],[-0.91582,60.810449],[-0.774268,60.811963]]],[[[-3.164941,58.794189],[-3.278809,58.781934],[-3.394727,58.909619],[-3.271924,58.905273],[-3.164941,58.794189]]],[[[-2.929395,58.741602],[-3.035449,58.822656],[-2.896436,58.827588],[-2.929395,58.741602]]],[[[-3.057422,59.029639],[-2.762451,58.955811],[-2.826221,58.893262],[-2.994824,58.939355],[-3.166602,58.919092],[-3.242139,58.999707],[-3.331641,58.97124],[-3.353711,59.01875],[-3.310352,59.130811],[-3.248584,59.143945],[-3.051123,59.099023],[-3.02002,59.057666],[-3.057422,59.029639]]],[[[-2.729395,59.186768],[-2.815234,59.161914],[-2.861426,59.246826],[-3.052051,59.323877],[-2.975537,59.347119],[-2.730664,59.226758],[-2.729395,59.186768]]],[[[-6.607617,56.58501],[-6.668555,56.593604],[-6.483691,56.665771],[-6.607617,56.58501]]],[[[-5.10542,55.448828],[-5.331494,55.481055],[-5.392676,55.618359],[-5.370801,55.666943],[-5.318115,55.70918],[-5.185449,55.690967],[-5.10498,55.573975],[-5.10542,55.448828]]],[[[-5.777881,56.344336],[-6.313428,56.293652],[-6.298486,56.33916],[-6.184863,56.356885],[-6.138867,56.490625],[-6.319678,56.569434],[-6.102734,56.645654],[-5.94668,56.534521],[-5.76084,56.490674],[-5.777881,56.344336]]],[[[-6.128906,55.930566],[-6.057617,55.72251],[-6.088379,55.65752],[-6.305078,55.606934],[-6.27002,55.670313],[-6.301758,55.780615],[-6.491357,55.697314],[-6.413184,55.854639],[-6.128906,55.930566]]],[[[-5.970068,55.814551],[-6.041553,55.806787],[-6.071973,55.893115],[-5.911768,55.974756],[-5.970312,55.992188],[-5.939062,56.045264],[-5.725146,56.118555],[-5.970068,55.814551]]],[[[-6.198682,58.363281],[-7.083447,57.81377],[-7.028418,58.222314],[-6.198682,58.363281]]],[[[-6.279053,56.964697],[-6.34624,56.954297],[-6.432617,57.01792],[-6.322363,57.050537],[-6.261279,57.009521],[-6.279053,56.964697]]],[[[-6.144727,57.50498],[-5.668652,57.226904],[-5.987305,57.044434],[-6.761133,57.442383],[-6.144727,57.50498]]],[[[-7.205566,57.682959],[-7.092773,57.62666],[-7.182617,57.533301],[-7.514746,57.601953],[-7.470312,57.652539],[-7.205566,57.682959]]],[[[-7.249854,57.115332],[-7.381494,57.130664],[-7.410547,57.381104],[-7.267139,57.371777],[-7.249854,57.115332]]],[[[-7.416895,56.96543],[-7.542969,56.972363],[-7.455469,57.018945],[-7.416895,56.96543]]],[[[-6.218018,54.088721],[-8.144824,54.453516],[-6.12915,55.217383],[-5.47041,54.500195],[-6.218018,54.088721]]],[[[-1.065576,50.690234],[-1.251465,50.588818],[-1.563428,50.666113],[-1.312793,50.773486],[-1.065576,50.690234]]]]}},{"type":"Feature","properties":{"sigla":"ARE","nome":"Emirados \u00c1rabes Unidos"},"geometry":{"type":"MultiPolygon","coordinates":[[[[56.297852,25.650684],[56.387988,24.979199],[55.795703,24.868115],[55.985156,24.063379],[55.468457,23.941113],[55.119434,22.623926],[52.555078,22.932812],[51.572168,24.12832],[53.893359,24.077051],[56.080469,26.062646],[56.297852,25.650684]],[[56.281836,25.235547],[56.277344,25.300879],[56.234277,25.303809],[56.210547,25.213281],[56.281836,25.235547]]],[[[53.332227,24.258594],[53.190918,24.290918],[53.412402,24.411035],[53.445312,24.371191],[53.332227,24.258594]]],[[[52.616895,24.288574],[52.583594,24.352344],[52.629395,24.376758],[52.657617,24.332617],[52.616895,24.288574]]],[[[53.927832,24.177197],[53.928125,24.143359],[53.799121,24.135547],[53.634473,24.169775],[53.833789,24.258936],[53.927832,24.177197]]],[[[54.46543,24.442773],[54.334766,24.471045],[54.39834,24.506348],[54.46543,24.442773]]]]}},{"type":"Feature","properties":{"sigla":"UKR","nome":"Ucr\u00e2nia"},"geometry":{"type":"MultiPolygon","coordinates":[[[[38.214355,47.091455],[35.230371,46.440625],[34.946428,45.728686],[31.83125,46.281689],[31.554883,46.554297],[32.578027,46.615625],[31.75918,47.212842],[31.872852,46.649756],[30.796289,46.552002],[29.628418,45.722461],[29.705859,45.259912],[28.760742,45.234131],[28.2125,45.450439],[28.958398,46.458496],[30.131055,46.423096],[29.125391,47.964551],[27.549219,48.477734],[24.893359,47.717773],[22.87666,47.947266],[22.142871,48.568506],[22.839746,49.038916],[22.706152,49.606201],[24.089941,50.530469],[23.608594,51.610498],[24.361914,51.867529],[30.544531,51.265039],[30.980664,52.046191],[33.735254,52.344775],[34.397852,51.78042],[34.213867,51.255371],[35.311914,51.043896],[35.591113,50.36875],[37.422852,50.411475],[40.080664,49.576855],[39.778711,47.887549],[38.368848,47.609961],[38.214355,47.091455]]],[[[32.012207,46.203906],[32.150098,46.154687],[31.563867,46.257764],[31.508789,46.373145],[31.638477,46.272559],[32.012207,46.203906]]]]}},{"type":"Feature","properties":{"sigla":"UGA","nome":"Uganda"},"geometry":{"type":"Polygon","coordinates":[[[33.903223,-1.002051],[29.576953,-1.387891],[29.942871,0.819238],[31.252734,2.04458],[30.728613,2.455371],[31.048047,3.725],[32.135938,3.519727],[33.976074,4.220215],[34.437695,3.650586],[34.976465,1.719629],[33.943164,0.173779],[33.903223,-1.002051]]]}},{"type":"Feature","properties":{"sigla":"TKM","nome":"Turquemenist\u00e3o"},"geometry":{"type":"MultiPolygon","coordinates":[[[[53.10957,38.803076],[53.100195,38.756152],[53.018555,39.052734],[53.05332,39.096582],[53.092188,39.094092],[53.055176,39.037939],[53.10957,38.803076]]],[[[55.977441,41.322217],[57.017969,41.263477],[56.964063,41.856543],[58.028906,42.487646],[58.474414,42.299365],[58.151563,42.628076],[58.589063,42.778467],[59.985156,42.211719],[60.089648,41.399414],[61.902832,41.093701],[62.483203,39.975635],[63.763672,39.160547],[66.574512,38.010791],[66.522266,37.348486],[65.765039,37.569141],[64.816309,37.13208],[64.511035,36.340674],[62.307813,35.170801],[61.262012,35.61958],[61.119629,36.642578],[57.193555,38.216406],[55.380859,38.051123],[53.91416,37.343555],[53.868652,38.949268],[53.156641,39.26499],[53.487305,39.909375],[53.035547,39.774414],[52.733691,40.39873],[52.943457,41.038086],[53.87002,40.648682],[54.703711,41.071143],[53.804688,42.117627],[52.97002,41.976221],[52.850391,41.200293],[52.493848,41.780371],[54.120996,42.335205],[55.977441,41.322217]]]]}},{"type":"Feature","properties":{"sigla":"TUR","nome":"Turquia"},"geometry":{"type":"MultiPolygon","coordinates":[[[[25.97002,40.136328],[25.740234,40.105469],[25.668945,40.135889],[25.918359,40.237988],[25.97002,40.136328]]],[[[41.510059,41.51748],[42.787891,41.563721],[43.631641,40.929004],[43.666211,40.126367],[44.817188,39.650439],[44.023242,39.377441],[44.211328,37.908057],[44.794141,37.290381],[44.281836,36.978027],[42.774609,37.371875],[39.356641,36.681592],[36.658594,36.802539],[36.127344,35.831445],[36.048926,36.910596],[32.794824,36.035889],[30.644043,36.865674],[30.446094,36.269873],[29.689063,36.156689],[28.969629,36.715332],[27.453906,36.712158],[28.242383,37.029053],[27.262988,36.976562],[27.232422,37.978662],[26.290723,38.277197],[26.441309,38.641211],[27.144238,38.451953],[26.763672,38.709619],[26.899219,39.549658],[26.113086,39.467383],[26.181348,39.990088],[26.738086,40.400244],[29.007129,40.389746],[29.844922,40.738086],[29.148145,41.221045],[31.254883,41.107617],[33.284766,42.00459],[35.006445,42.063281],[38.381055,40.924512],[40.265234,40.961328],[41.510059,41.51748]]],[[[28.014453,41.969043],[28.95625,41.008203],[27.499414,40.973145],[26.202734,40.075391],[26.79209,40.626611],[26.038965,40.726758],[26.624902,41.401758],[26.327246,41.772803],[28.014453,41.969043]]]]}},{"type":"Feature","properties":{"sigla":"TUN","nome":"Tun\u00edsia"},"geometry":{"type":"MultiPolygon","coordinates":[[[[11.50459,33.181934],[11.50498,32.413672],[10.274609,31.684961],[10.216406,30.783203],[9.51875,30.229395],[9.044043,32.072363],[7.500195,33.832471],[8.245605,34.734082],[8.207617,36.518945],[8.576563,36.937207],[9.687988,37.340381],[10.412305,36.731836],[11.053906,37.07251],[10.476562,36.175146],[11.120117,35.240283],[10.049023,34.056299],[11.50459,33.181934]]],[[[11.278027,34.753809],[11.123633,34.681689],[11.254883,34.820312],[11.278027,34.753809]]],[[[10.957617,33.72207],[10.857422,33.687158],[10.72207,33.738916],[10.745215,33.888672],[10.921973,33.893115],[11.017871,33.82334],[11.037598,33.785059],[10.957617,33.72207]]]]}},{"type":"Feature","properties":{"sigla":"TTO","nome":"Trinidad e Tobago"},"geometry":{"type":"MultiPolygon","coordinates":[[[[-60.756299,11.178516],[-60.810645,11.168604],[-60.804297,11.208398],[-60.708936,11.277246],[-60.525488,11.325391],[-60.546484,11.263721],[-60.756299,11.178516]]],[[[-61.012109,10.134326],[-61.906104,10.069141],[-61.499316,10.268555],[-61.651172,10.718066],[-60.917627,10.840234],[-61.012109,10.134326]]]]}},{"type":"Feature","properties":{"sigla":"TON","nome":"Tonga"},"geometry":{"type":"MultiPolygon","coordinates":[[[[-175.161914,-21.169336],[-175.078174,-21.129004],[-175.156592,-21.263672],[-175.362354,-21.106836],[-175.318066,-21.068262],[-175.161914,-21.169336]]],[[[-173.953516,-18.639355],[-173.991309,-18.698633],[-174.069141,-18.640234],[-173.968066,-18.565332],[-173.921875,-18.588574],[-173.953516,-18.639355]]],[[[-174.913135,-21.300488],[-174.918652,-21.450586],[-174.972949,-21.349805],[-174.913135,-21.300488]]]]}},{"type":"Feature","properties":{"sigla":"TGO","nome":"Togo"},"geometry":{"type":"Polygon","coordinates":[[[0.900488,10.993262],[0.763379,10.38667],[1.600195,9.050049],[1.77793,6.294629],[1.187207,6.089404],[0.525586,6.850928],[0.525684,9.398486],[-0.090186,10.715527],[-0.068604,11.115625],[0.900488,10.993262]]]}},{"type":"Feature","properties":{"sigla":"TLS","nome":"Timor-Leste"},"geometry":{"type":"MultiPolygon","coordinates":[[[[125.646094,-8.139941],[125.579492,-8.311816],[125.507129,-8.275098],[125.646094,-8.139941]]],[[[125.068164,-9.511914],[125.178027,-8.647852],[127.296094,-8.424512],[125.068164,-9.511914]]],[[[124.036328,-9.341602],[124.444434,-9.190332],[124.412988,-9.314355],[124.282324,-9.42793],[124.090137,-9.416406],[124.036328,-9.341602]]]]}},{"type":"Feature","properties":{"sigla":"THA","nome":"Tail\u00e2ndia"},"geometry":{"type":"MultiPolygon","coordinates":[[[[102.606445,11.676514],[102.589941,11.572168],[102.532813,11.614941],[102.568945,11.691699],[102.606445,11.676514]]],[[[102.426758,11.988721],[102.301953,11.980811],[102.277441,12.151855],[102.426758,11.988721]]],[[[98.409082,7.902051],[98.398438,7.828418],[98.296289,7.776074],[98.262305,7.926074],[98.32207,8.166309],[98.434961,8.085645],[98.409082,7.902051]]],[[[100.122461,20.31665],[100.513574,19.553467],[101.211914,19.54834],[100.955859,17.541113],[102.101465,18.210645],[102.660645,17.817969],[103.288281,18.408398],[103.949609,18.318994],[105.641016,15.656543],[105.074121,14.227441],[103.199414,14.332617],[102.319727,13.53999],[102.933887,11.706689],[101.835742,12.640381],[100.897754,12.653809],[100.962695,13.431982],[100.01748,13.353174],[99.160742,9.734033],[99.253906,9.265234],[99.835547,9.288379],[100.423535,7.187842],[102.101074,6.242236],[101.113965,5.636768],[101.053516,6.242578],[100.119141,6.441992],[98.238184,8.423096],[98.757227,10.660937],[99.614746,11.781201],[99.136816,13.716699],[98.202148,14.975928],[98.888281,16.351904],[97.373926,18.517969],[98.015039,19.749512],[100.122461,20.31665]]],[[[100.074121,9.69668],[99.983398,9.793555],[100.043457,9.79165],[100.074121,9.69668]]],[[[100.070703,9.586035],[100.053711,9.461426],[99.962402,9.421631],[99.939551,9.559961],[100.070703,9.586035]]],[[[99.663086,6.521924],[99.606641,6.596826],[99.654004,6.714111],[99.701367,6.570557],[99.663086,6.521924]]],[[[98.591992,7.933936],[98.529395,8.108545],[98.604297,8.057324],[98.591992,7.933936]]],[[[98.30752,9.051465],[98.250781,9.04082],[98.301172,9.139111],[98.30752,9.051465]]],[[[99.078418,7.591846],[99.104395,7.471289],[99.037695,7.548486],[99.045117,7.636523],[99.078418,7.591846]]]]}},{"type":"Feature","properties":{"sigla":"TZA","nome":"Tanz\u00e2nia"},"geometry":{"type":"MultiPolygon","coordinates":[[[[39.496484,-6.174609],[39.573047,-6.387402],[39.480957,-6.453711],[39.423633,-6.347852],[39.382617,-6.364941],[39.312695,-6.279102],[39.243457,-6.275],[39.182324,-6.172559],[39.192383,-5.931055],[39.308984,-5.721973],[39.433301,-6.11543],[39.496484,-6.174609]]],[[[39.865039,-4.906152],[39.853027,-5.255469],[39.749316,-5.443848],[39.646777,-5.368555],[39.701074,-5.113672],[39.673438,-4.927051],[39.865039,-4.906152]]],[[[32.919922,-9.407422],[30.968359,-8.550977],[29.54082,-6.313867],[29.403223,-4.449316],[30.811426,-3.200586],[30.424023,-2.824023],[30.876563,-2.143359],[30.519922,-1.0625],[33.979395,-1.002051],[37.643848,-3.04541],[37.608203,-3.49707],[39.221777,-4.692383],[38.804688,-6.070117],[39.546094,-7.024023],[39.304004,-8.443848],[39.725195,-10.000488],[40.463574,-10.464355],[39.988672,-10.820801],[37.372852,-11.710449],[34.959473,-11.578125],[34.320898,-9.731543],[32.919922,-9.407422]]],[[[39.711328,-7.977441],[39.657227,-7.990527],[39.60293,-7.936133],[39.907129,-7.649219],[39.824414,-7.900684],[39.711328,-7.977441]]]]}},{"type":"Feature","properties":{"sigla":"TJK","nome":"Tajiquist\u00e3o"},"geometry":{"type":"MultiPolygon","coordinates":[[[[67.758984,37.172217],[68.350293,38.211035],[67.426172,39.465576],[68.463281,39.536719],[69.357227,40.767383],[70.401953,41.035107],[70.751074,40.721777],[70.371582,40.384131],[70.946387,40.187598],[69.530273,40.097314],[69.297656,39.524805],[73.631641,39.448877],[73.80166,38.606885],[74.812305,38.460303],[75.11875,37.385693],[73.38291,37.462256],[71.665625,36.696924],[71.582227,37.910107],[70.878906,38.456396],[69.303906,37.116943],[67.758984,37.172217]]],[[[70.652539,40.936621],[70.55,41.014893],[70.618359,41.00166],[70.652539,40.936621]]],[[[70.70166,39.825293],[70.55957,39.790918],[70.482813,39.882715],[70.70166,39.825293]]]]}},{"type":"Feature","properties":{"sigla":"TWN","nome":"Taiwan"},"geometry":{"type":"MultiPolygon","coordinates":[[[[121.008789,22.620361],[120.742773,21.956006],[120.132129,23.65293],[121.593652,25.275342],[121.929004,24.97373],[121.008789,22.620361]]],[[[118.407422,24.522119],[118.432715,24.414355],[118.295117,24.436328],[118.287305,24.476611],[118.407422,24.522119]]]]}},{"type":"Feature","properties":{"sigla":"SYR","nome":"S\u00edria"},"geometry":{"type":"Polygon","coordinates":[[[35.892676,35.916553],[36.636719,36.233984],[36.658594,36.802539],[42.358984,37.108594],[41.295996,36.38335],[40.987012,34.429053],[36.818359,32.317285],[35.787305,32.734912],[35.968457,33.732422],[36.584961,34.22124],[35.97627,34.629199],[35.892676,35.916553]]]}},{"type":"Feature","properties":{"sigla":"CHE","nome":"Su\u00ed\u00e7a"},"geometry":{"type":"Polygon","coordinates":[[[9.524023,47.524219],[9.487695,47.062256],[10.45459,46.899414],[10.12832,46.238232],[9.304395,46.495557],[8.953711,45.830029],[8.422559,46.446045],[7.787891,45.921826],[7.055762,45.903809],[6.758105,46.415771],[5.971484,46.151221],[7.053418,47.489355],[9.524023,47.524219]]]}},{"type":"Feature","properties":{"sigla":"SWE","nome":"Su\u00e9cia"},"geometry":{"type":"MultiPolygon","coordinates":[[[[19.076465,57.835938],[18.146387,56.920508],[18.136523,57.556641],[19.076465,57.835938]]],[[[16.528516,56.290527],[16.431641,56.24375],[16.40127,56.310889],[16.412305,56.568994],[16.630371,56.876855],[16.727734,56.902002],[16.995996,57.317773],[17.117676,57.319824],[17.050391,57.280469],[17.053516,57.208008],[16.778027,56.805225],[16.528516,56.290527]]],[[[11.388281,59.036523],[12.486133,60.106787],[12.294141,61.002686],[12.880762,61.352295],[12.155371,61.720752],[11.999902,63.291699],[12.792773,64],[14.141211,64.173535],[13.650293,64.581543],[14.479688,65.301465],[14.543262,66.129346],[16.403516,67.05498],[16.193555,67.505176],[17.916699,67.964893],[18.162598,68.528418],[19.969824,68.356396],[20.116699,69.020898],[23.638867,67.954395],[23.454883,67.460254],[23.988574,66.810547],[23.700293,66.252637],[24.155469,65.805273],[22.400977,65.862109],[21.410352,65.317432],[21.138184,64.808691],[21.519629,64.463086],[20.762695,63.867822],[17.378418,62.462793],[17.250977,60.700781],[18.99043,59.827783],[17.964258,59.359375],[18.617578,59.327051],[18.285352,59.109375],[16.214258,58.63667],[16.923828,58.492578],[15.99668,56.222607],[14.713965,56.134131],[14.17373,55.396631],[12.88584,55.411377],[12.471191,56.290527],[12.883691,56.617725],[11.248242,58.369141],[11.388281,59.036523]]],[[[19.156348,57.922607],[19.138379,57.860254],[19.039258,57.911035],[19.134863,57.981348],[19.331445,57.962891],[19.156348,57.922607]]],[[[18.416211,59.029102],[18.349902,59.022607],[18.397559,59.089111],[18.485547,59.10459],[18.416211,59.029102]]],[[[18.59541,59.470361],[18.570312,59.437256],[18.545117,59.477832],[18.572363,59.52583],[18.698438,59.534619],[18.59541,59.470361]]]]}},{"type":"Feature","properties":{"sigla":"SWZ","nome":"Essuat\u00edni"},"geometry":{"type":"Polygon","coordinates":[[[31.948242,-25.957617],[31.958398,-27.305859],[31.063379,-27.112305],[31.088086,-25.980664],[31.948242,-25.957617]]]}},{"type":"Feature","properties":{"sigla":"SUR","nome":"Suriname"},"geometry":{"type":"Polygon","coordinates":[[[-54.155957,5.358984],[-54.449609,4.48501],[-53.990479,3.589551],[-54.402002,2.461523],[-55.957471,2.520459],[-55.96333,1.85708],[-56.704346,2.036475],[-58.032227,4.001953],[-57.881104,4.880615],[-57.305762,5.049561],[-56.969824,5.992871],[-54.356152,5.909863],[-54.155957,5.358984]]]}},{"type":"Feature","properties":{"sigla":"SDS","nome":"Sud\u00e3o do Sul"},"geometry":{"type":"Polygon","coordinates":[[[33.976074,4.220215],[33.489355,3.755078],[30.838574,3.490723],[29.552051,4.636035],[28.19209,4.350244],[24.160449,8.696289],[25.066992,10.293799],[25.798047,10.420508],[26.658691,9.484131],[28.844531,9.326074],[30.003027,10.277393],[31.154492,9.770947],[32.420801,11.089111],[32.072266,12.006738],[33.199316,12.217285],[33.130078,10.745947],[33.907031,10.181445],[34.101758,8.676367],[32.998926,7.899512],[34.710645,6.660303],[35.268359,5.492285],[33.976074,4.220215]]]}},{"type":"Feature","properties":{"sigla":"SDN","nome":"Sud\u00e3o"},"geometry":{"type":"Polygon","coordinates":[[[34.078125,9.461523],[33.130078,10.745947],[33.199316,12.217285],[32.721875,12.223096],[32.072266,12.006738],[32.420801,11.089111],[31.154492,9.770947],[30.003027,10.277393],[28.844531,9.326074],[26.658691,9.484131],[25.798047,10.420508],[25.066992,10.293799],[24.531934,8.886914],[23.537305,8.81582],[23.646289,9.8229],[22.352344,12.660449],[21.825293,12.790527],[22.933887,15.533105],[23.970801,15.721533],[23.980273,19.995947],[24.979492,20.002588],[24.980273,21.99585],[36.871387,21.996729],[37.471289,18.820117],[38.609473,18.005078],[37.008984,17.058887],[36.125195,12.757031],[35.112305,11.816553],[34.931445,10.864795],[34.343945,10.658643],[34.078125,9.461523]]]}},{"type":"Feature","properties":{"sigla":"LKA","nome":"Sri Lanka"},"geometry":{"type":"MultiPolygon","coordinates":[[[[79.969531,9.630664],[79.906836,9.619824],[79.858594,9.734375],[79.969531,9.630664]]],[[[79.874805,9.050732],[79.903711,8.975],[79.747656,9.10459],[79.874805,9.050732]]],[[[79.982324,9.812695],[80.711133,9.366357],[81.874121,7.28833],[81.637402,6.425146],[80.724121,5.979053],[80.095313,6.153174],[79.859375,6.829297],[79.712988,8.182324],[80.086328,9.577832],[80.42832,9.480957],[79.982324,9.812695]]]]}},{"type":"Feature","properties":{"sigla":"ESP","nome":"Espanha"},"geometry":{"type":"MultiPolygon","coordinates":[[[[1.593945,38.67207],[1.405762,38.670996],[1.401953,38.711426],[1.436328,38.768213],[1.593945,38.67207]]],[[[3.145313,39.790088],[3.461816,39.697754],[3.072852,39.30127],[2.37002,39.57207],[3.145313,39.790088]]],[[[4.293652,39.841846],[3.867188,39.95874],[3.853418,40.063037],[4.225781,40.032373],[4.315137,39.917236],[4.293652,39.841846]]],[[[1.445215,38.918701],[1.408984,38.857275],[1.22334,38.903857],[1.348633,39.080811],[1.564453,39.121045],[1.613184,39.087402],[1.623633,39.038818],[1.445215,38.918701]]],[[[-1.794043,43.407324],[-0.041162,42.689111],[3.211426,42.431152],[3.248047,41.944238],[0.714648,40.822852],[-0.327002,39.519873],[0.201563,38.75918],[-2.111523,36.77666],[-4.366846,36.718115],[-5.625488,36.025928],[-6.216797,36.913574],[-7.406152,37.179443],[-6.997949,39.056445],[-7.535693,39.661572],[-6.975391,39.798389],[-6.928467,41.009131],[-6.2125,41.532031],[-6.618262,41.942383],[-8.852344,41.926904],[-9.178076,43.174023],[-7.698145,43.764551],[-1.794043,43.407324]]],[[[-16.334473,28.379932],[-16.658008,28.007178],[-16.905322,28.3396],[-16.334473,28.379932]]],[[[-13.715967,28.91123],[-13.783984,28.845459],[-13.859912,28.869092],[-13.788184,29.056104],[-13.535059,29.144287],[-13.463574,29.237207],[-13.422949,29.19751],[-13.47793,29.006592],[-13.715967,28.91123]]],[[[-14.196777,28.169287],[-14.332617,28.056006],[-14.491797,28.100928],[-14.231982,28.21582],[-14.003369,28.706689],[-13.857227,28.738037],[-13.827588,28.585156],[-13.928027,28.253467],[-14.196777,28.169287]]],[[[-15.400586,28.147363],[-15.38916,27.874707],[-15.436768,27.810693],[-15.559375,27.746973],[-15.655762,27.758398],[-15.807324,27.887549],[-15.809473,27.994482],[-15.682764,28.154053],[-15.400586,28.147363]]],[[[-17.184668,28.021973],[-17.273926,28.038281],[-17.324902,28.117676],[-17.258594,28.203174],[-17.10376,28.111133],[-17.184668,28.021973]]],[[[-17.887939,27.80957],[-17.984766,27.646387],[-18.160547,27.761475],[-18.043359,27.768115],[-17.924512,27.850146],[-17.887939,27.80957]]],[[[-17.834277,28.493213],[-18.000781,28.758252],[-17.928809,28.84458],[-17.797559,28.846777],[-17.726562,28.724463],[-17.758008,28.569092],[-17.834277,28.493213]]]]}},{"type":"Feature","properties":{"sigla":"KOR","nome":"Coreia do Sul"},"geometry":{"type":"MultiPolygon","coordinates":[[[[126.633887,37.781836],[128.374609,38.623437],[129.418262,37.059033],[129.21416,35.181836],[126.531445,34.314258],[126.291113,35.15415],[126.753027,35.871973],[126.160547,36.771924],[126.976855,36.939404],[126.633887,37.781836]]],[[[128.741016,34.798535],[128.64668,34.736865],[128.489258,34.865283],[128.721875,35.013574],[128.741016,34.798535]]],[[[128.06582,34.805859],[128.054688,34.708057],[127.983984,34.703223],[127.941797,34.76626],[127.873438,34.734961],[127.832227,34.874512],[127.91543,34.920996],[128.037988,34.878613],[128.06582,34.805859]]],[[[126.233691,34.370508],[126.169727,34.355176],[126.108594,34.39873],[126.122852,34.443945],[126.247461,34.56333],[126.343848,34.544922],[126.379883,34.497949],[126.335449,34.426416],[126.233691,34.370508]]],[[[126.520703,37.736816],[126.516016,37.604687],[126.46084,37.610352],[126.369336,37.772021],[126.411621,37.822656],[126.520703,37.736816]]],[[[126.753027,34.343994],[126.769922,34.296436],[126.689063,34.30542],[126.651855,34.390332],[126.753027,34.343994]]],[[[127.799023,34.615039],[127.787793,34.584082],[127.737305,34.630908],[127.787109,34.682129],[127.799023,34.615039]]],[[[126.417578,36.492578],[126.403809,36.427881],[126.3375,36.470557],[126.318555,36.612549],[126.417578,36.492578]]],[[[126.171973,34.731152],[126.115234,34.714209],[126.00752,34.86748],[126.078418,34.914844],[126.168555,34.829687],[126.171973,34.731152]]],[[[130.916016,37.478467],[130.870605,37.44873],[130.810254,37.509912],[130.903711,37.553711],[130.916016,37.478467]]],[[[126.326953,33.223633],[126.240234,33.214844],[126.165625,33.312012],[126.337695,33.4604],[126.695508,33.549316],[126.901172,33.515137],[126.93125,33.443848],[126.872852,33.341162],[126.581738,33.23833],[126.326953,33.223633]]]]}},{"type":"Feature","properties":{"sigla":"ZAF","nome":"\u00c1frica do Sul"},"geometry":{"type":"MultiPolygon","coordinates":[[[[29.364844,-22.193945],[31.287891,-22.402051],[31.966602,-24.376465],[31.948242,-25.957617],[31.207324,-25.843359],[30.806738,-26.785254],[31.742578,-27.309961],[31.994727,-26.81748],[32.886133,-26.849316],[32.375195,-28.498242],[30.288672,-30.970117],[27.860645,-33.053906],[25.574219,-34.035352],[22.553809,-34.010059],[20.020605,-34.785742],[18.752148,-34.082617],[18.461621,-34.346875],[17.851074,-32.827441],[18.325293,-32.50498],[18.21084,-31.74248],[16.447559,-28.617578],[16.875293,-28.12793],[17.447949,-28.698145],[19.245801,-28.90166],[19.980469,-28.45127],[19.980469,-24.776758],[20.793164,-25.915625],[20.685059,-26.822461],[21.694727,-26.840918],[23.05752,-25.312305],[25.443652,-25.714453],[27.085547,-23.57793],[29.364844,-22.193945]],[[28.736914,-30.101953],[29.390723,-29.269727],[28.625781,-28.581738],[27.056934,-29.625586],[27.753125,-30.6],[28.736914,-30.101953]]],[[[37.856934,-46.944238],[37.611816,-46.946484],[37.590039,-46.908008],[37.684863,-46.824023],[37.789551,-46.8375],[37.887695,-46.90166],[37.856934,-46.944238]]]]}},{"type":"Feature","properties":{"sigla":"SOM","nome":"Som\u00e1lia"},"geometry":{"type":"Polygon","coordinates":[[[41.532715,-1.695312],[40.978711,-0.870313],[40.978711,2.842432],[42.024121,4.137939],[44.940527,4.912012],[47.978223,7.99707],[48.938086,9.451758],[48.938574,11.258447],[51.254883,11.830713],[51.031836,10.444775],[51.38457,10.386523],[50.930078,10.335547],[50.825,9.428174],[47.975293,4.497021],[43.467676,0.621631],[41.532715,-1.695312]]]}},{"type":"Feature","properties":{"sigla":"SLB","nome":"Ilhas Salom\u00e3o"},"geometry":{"type":"MultiPolygon","coordinates":[[[[159.687695,-8.50791],[159.569238,-8.484766],[159.553223,-8.399219],[159.641602,-8.414453],[159.687695,-8.50791]]],[[[166.929199,-11.665137],[166.805957,-11.677344],[166.747461,-11.59082],[166.855469,-11.578809],[166.929199,-11.665137]]],[[[166.133203,-10.757812],[165.968164,-10.779492],[165.904004,-10.851465],[165.819336,-10.844043],[165.791016,-10.784766],[165.90918,-10.674316],[166.023828,-10.661133],[166.162109,-10.693066],[166.133203,-10.757812]]],[[[160.57627,-11.797852],[160.443066,-11.814941],[160.270215,-11.663965],[160.003516,-11.57959],[159.986328,-11.494727],[160.077344,-11.492871],[160.57627,-11.797852]]],[[[161.547852,-9.625684],[161.553809,-9.769727],[161.409766,-9.681641],[161.416992,-9.51377],[161.36416,-9.353418],[161.547852,-9.625684]]],[[[159.188574,-9.123535],[159.036328,-9.075],[159.129785,-8.993066],[159.228418,-9.02998],[159.233984,-9.09375],[159.188574,-9.123535]]],[[[160.168164,-8.995508],[160.253516,-9.007324],[160.40752,-9.140332],[160.371484,-9.18125],[160.275977,-9.168652],[160.105371,-9.080762],[160.096289,-9.033984],[160.168164,-8.995508]]],[[[157.763477,-8.242188],[157.819336,-8.612012],[157.217578,-8.262793],[157.763477,-8.242188]]],[[[158.200781,-8.821973],[158.155371,-8.785938],[158.209961,-8.678125],[158.253418,-8.797363],[158.200781,-8.821973]]],[[[158.10791,-8.68418],[158.009473,-8.763086],[157.937598,-8.736426],[157.879297,-8.66875],[157.909277,-8.565625],[157.998438,-8.508203],[158.105469,-8.536816],[158.132227,-8.556641],[158.068359,-8.606641],[158.10791,-8.68418]]],[[[157.388965,-8.713477],[157.212305,-8.565039],[157.379492,-8.420898],[157.410938,-8.475098],[157.332227,-8.650684],[157.388965,-8.713477]]],[[[156.687891,-7.923047],[156.510938,-7.707813],[156.502441,-7.640234],[156.560938,-7.574023],[156.809082,-7.722852],[156.687891,-7.923047]]],[[[156.603906,-8.171582],[156.539648,-8.072949],[156.570312,-7.958789],[156.603906,-8.171582]]],[[[157.171875,-8.108105],[157.041211,-8.11748],[156.958301,-8.014355],[156.958984,-7.937988],[157.024121,-7.867871],[157.102734,-7.855469],[157.186133,-7.941211],[157.171875,-8.108105]]],[[[155.839844,-7.097168],[155.677539,-7.088965],[155.738965,-6.972949],[155.864648,-7.043262],[155.839844,-7.097168]]],[[[157.64541,-8.758887],[157.643164,-8.794043],[157.58584,-8.783105],[157.453516,-8.705957],[157.579297,-8.703711],[157.64541,-8.758887]]],[[[159.750391,-9.272656],[160.818945,-9.862793],[159.802734,-9.763477],[159.750391,-9.272656]]],[[[159.879102,-8.534277],[159.644531,-8.37168],[158.944043,-8.040723],[158.596973,-7.759082],[158.56543,-7.651367],[158.457422,-7.544727],[158.734375,-7.604297],[159.109375,-7.903516],[159.431445,-8.029004],[159.843066,-8.326953],[159.793945,-8.406055],[159.879102,-8.534277]]],[[[157.486719,-7.330371],[157.518652,-7.365625],[157.441309,-7.425684],[157.314648,-7.341504],[157.101562,-7.323633],[156.494922,-6.761621],[156.452539,-6.638281],[156.604199,-6.641016],[157.030273,-6.891992],[157.193359,-7.160352],[157.336133,-7.280469],[157.486719,-7.330371]]],[[[160.749414,-8.313965],[160.997656,-8.612012],[160.944336,-8.799023],[161.158691,-8.961816],[161.256641,-9.191992],[161.258496,-9.316895],[161.367969,-9.490332],[161.367383,-9.61123],[161.191016,-9.392871],[160.873438,-9.156836],[160.77207,-8.963867],[160.662598,-8.620605],[160.714063,-8.539258],[160.59043,-8.372754],[160.596289,-8.328223],[160.749414,-8.313965]]],[[[161.715332,-10.387305],[161.841113,-10.446094],[162.105371,-10.453809],[162.287207,-10.709961],[162.287988,-10.776172],[162.37334,-10.823242],[162.123633,-10.824414],[161.786816,-10.716895],[161.537891,-10.566406],[161.487012,-10.361426],[161.293945,-10.326465],[161.304785,-10.204395],[161.475684,-10.237988],[161.715332,-10.387305]]]]}},{"type":"Feature","properties":{"sigla":"SVK","nome":"Eslov\u00e1quia"},"geometry":{"type":"Polygon","coordinates":[[[22.538672,49.072705],[22.111328,48.393359],[20.490039,48.526904],[18.724219,47.787158],[17.635254,47.809912],[16.86543,48.386914],[19.441602,49.597705],[19.802246,49.192334],[21.350488,49.42876],[22.538672,49.072705]]]}},{"type":"Feature","properties":{"sigla":"SVN","nome":"Eslov\u00eania"},"geometry":{"type":"Polygon","coordinates":[[[16.516211,46.499902],[15.635938,46.200732],[15.24209,45.441406],[13.615234,45.476758],[13.378223,46.261621],[16.093066,46.863281],[16.516211,46.499902]]]}},{"type":"Feature","properties":{"sigla":"SGP","nome":"Singapura"},"geometry":{"type":"Polygon","coordinates":[[[103.969727,1.331445],[103.819922,1.265381],[103.650195,1.325537],[103.705273,1.423437],[103.817969,1.44707],[103.996387,1.365234],[103.969727,1.331445]]]}},{"type":"Feature","properties":{"sigla":"SLE","nome":"Serra Leoa"},"geometry":{"type":"MultiPolygon","coordinates":[[[[-10.283203,8.485156],[-11.50752,6.906543],[-12.850879,7.818701],[-13.292676,9.049219],[-12.427979,9.898145],[-11.273633,9.996533],[-10.690527,9.314258],[-10.712109,8.335254],[-10.283203,8.485156]]],[[[-12.526074,7.436328],[-12.951611,7.57085],[-12.854395,7.622021],[-12.615234,7.637207],[-12.5125,7.582422],[-12.526074,7.436328]]]]}},{"type":"Feature","properties":{"sigla":"SRB","nome":"S\u00e9rvia"},"geometry":{"type":"Polygon","coordinates":[[[21.360059,44.82666],[22.720898,44.605518],[22.369629,43.781299],[22.976855,43.187988],[22.42207,42.328857],[21.5625,42.24751],[21.75293,42.669824],[20.800586,43.261084],[20.344336,42.82793],[19.21875,43.449951],[19.583789,44.043457],[18.995508,44.904004],[19.4,45.2125],[18.839063,45.835742],[20.210156,46.126025],[21.490234,45.1479],[21.360059,44.82666]]]}},{"type":"Feature","properties":{"sigla":"SEN","nome":"Senegal"},"geometry":{"type":"Polygon","coordinates":[[[-12.280615,14.809033],[-11.382422,12.479248],[-12.291211,12.328027],[-15.196094,12.679932],[-16.711816,12.354834],[-16.648779,13.15415],[-13.826709,13.407812],[-15.10835,13.812109],[-16.562305,13.587305],[-17.535645,14.755127],[-16.239014,16.531299],[-14.959521,16.678906],[-13.506982,16.135205],[-12.280615,14.809033]]]}},{"type":"Feature","properties":{"sigla":"SAU","nome":"Ar\u00e1bia Saudita"},"geometry":{"type":"MultiPolygon","coordinates":[[[[36.90166,25.383057],[36.72207,25.534033],[36.530273,25.601562],[36.533594,25.688721],[36.954785,25.414648],[36.90166,25.383057]]],[[[41.987695,16.715625],[42.065039,16.710059],[42.026367,16.757666],[42.059961,16.803516],[42.17041,16.708643],[42.157813,16.570703],[42.071777,16.671484],[41.96416,16.653467],[41.801563,16.77876],[41.776074,16.846875],[41.858203,16.89292],[41.860449,17.002539],[41.947949,16.936426],[41.94668,16.748926],[41.987695,16.715625]]],[[[51.977637,18.996143],[49.041992,18.581787],[47.143555,16.94668],[43.417969,17.51626],[42.799316,16.371777],[40.75918,19.755469],[39.276074,20.973975],[38.46416,23.711865],[37.543066,24.29165],[35.180469,28.034863],[34.625,28.064502],[34.950781,29.353516],[36.068457,29.200537],[37.469238,29.995068],[37.980078,30.5],[36.958594,31.491504],[39.14541,32.124512],[42.074414,31.080371],[44.69082,29.202344],[48.44248,28.54292],[50.149805,26.662646],[50.855664,24.679639],[51.41123,24.570801],[52.555078,22.932812],[55.18584,22.704102],[55.641016,22.001855],[54.977344,19.995947],[51.977637,18.996143]]],[[[36.595508,25.712793],[36.543945,25.734277],[36.582715,25.855518],[36.595508,25.712793]]]]}},{"type":"Feature","properties":{"sigla":"STP","nome":"S\u00e3o Tom\u00e9 e Pr\u00edncipe"},"geometry":{"type":"MultiPolygon","coordinates":[[[[7.423828,1.567725],[7.386621,1.541553],[7.330664,1.603369],[7.414453,1.699121],[7.450391,1.661963],[7.423828,1.567725]]],[[[6.659961,0.120654],[6.556836,0.047363],[6.519727,0.066309],[6.468164,0.227344],[6.524316,0.340283],[6.686914,0.404395],[6.75,0.243457],[6.659961,0.120654]]]]}},{"type":"Feature","properties":{"sigla":"SMR","nome":"San Marino"},"geometry":{"type":"Polygon","coordinates":[[[12.485254,43.901416],[12.396875,43.93457],[12.503711,43.989746],[12.485254,43.901416]]]}},{"type":"Feature","properties":{"sigla":"WSM","nome":"Samoa"},"geometry":{"type":"MultiPolygon","coordinates":[[[[-172.333496,-13.465234],[-172.224951,-13.804297],[-172.778516,-13.516797],[-172.333496,-13.465234]]],[[[-171.454102,-14.046484],[-171.911914,-14.00166],[-172.045898,-13.857129],[-171.858154,-13.807129],[-171.603906,-13.879199],[-171.56543,-13.943066],[-171.461377,-13.977637],[-171.454102,-14.046484]]]]}},{"type":"Feature","properties":{"sigla":"VCT","nome":"S\u00e3o Vicente e Granadinas"},"geometry":{"type":"MultiPolygon","coordinates":[[[[-61.174512,13.158105],[-61.277295,13.20957],[-61.268457,13.287695],[-61.138965,13.35874],[-61.134521,13.202881],[-61.174512,13.158105]]],[[[-61.226221,12.994629],[-61.276953,12.989893],[-61.201172,13.052539],[-61.226221,12.994629]]],[[[-61.334375,12.695215],[-61.353516,12.698145],[-61.319873,12.735449],[-61.334375,12.695215]]]]}},{"type":"Feature","properties":{"sigla":"LCA","nome":"Santa L\u00facia"},"geometry":{"type":"Polygon","coordinates":[[[-60.895215,13.821973],[-60.951416,13.717578],[-61.060645,13.783105],[-61.073145,13.865576],[-60.908105,14.093359],[-60.895215,13.821973]]]}},{"type":"Feature","properties":{"sigla":"KNA","nome":"S\u00e3o Crist\u00f3v\u00e3o e Nevis"},"geometry":{"type":"MultiPolygon","coordinates":[[[[-62.532227,17.121875],[-62.624902,17.12959],[-62.615283,17.199121],[-62.53418,17.170117],[-62.532227,17.121875]]],[[[-62.630664,17.23999],[-62.838916,17.339258],[-62.827051,17.386426],[-62.713721,17.353271],[-62.630664,17.23999]]]]}},{"type":"Feature","properties":{"sigla":"RWA","nome":"Ruanda"},"geometry":{"type":"Polygon","coordinates":[[[29.576953,-1.387891],[30.509961,-1.067285],[30.828711,-2.338477],[28.921777,-2.682031],[29.576953,-1.387891]]]}},{"type":"Feature","properties":{"sigla":"RUS","nome":"R\u00fassia"},"geometry":{"type":"MultiPolygon","coordinates":[[[[145.881543,43.459521],[145.943555,43.426465],[145.893945,43.419824],[145.881543,43.459521]]],[[[146.358789,43.625391],[146.273828,43.629834],[146.310156,43.651855],[146.358789,43.625391]]],[[[146.045605,43.409326],[146.028027,43.420361],[146.100781,43.440186],[146.045605,43.409326]]],[[[137.178613,55.100439],[137.055273,54.926758],[136.714648,54.956152],[136.995703,55.092725],[137.178613,55.100439]]],[[[150.589941,59.01875],[150.511133,59.007422],[150.470215,59.054053],[150.666211,59.160156],[150.712695,59.122461],[150.727734,59.095215],[150.589941,59.01875]]],[[[120.261328,73.089844],[119.79209,73.04541],[119.64043,73.124316],[119.964453,73.167676],[120.261328,73.089844]]],[[[124.542969,73.850098],[124.366406,73.874609],[124.336523,73.928369],[124.547656,73.933838],[124.65293,73.888037],[124.542969,73.850098]]],[[[106.27041,78.206201],[106.023633,78.220117],[106.058398,78.264648],[106.350586,78.272607],[106.456836,78.340039],[106.719629,78.294189],[106.27041,78.206201]]],[[[107.414746,77.242676],[107.302246,77.241504],[107.269531,77.289014],[107.366406,77.346631],[107.486426,77.347119],[107.679492,77.268262],[107.414746,77.242676]]],[[[97.588379,76.599365],[97.430371,76.590723],[97.310352,76.6896],[97.381641,76.706689],[97.588379,76.599365]]],[[[96.853906,76.19917],[96.739355,76.206934],[96.835254,76.344824],[97.053027,76.302588],[96.853906,76.19917]]],[[[100.135938,79.614209],[99.91543,79.601611],[99.955762,79.690332],[100.300293,79.670264],[100.135938,79.614209]]],[[[76.756055,73.445801],[76.083105,73.523486],[76.250684,73.555273],[76.756055,73.445801]]],[[[82.709961,74.090869],[82.612793,74.056445],[82.329395,74.131104],[82.525586,74.161426],[82.709961,74.090869]]],[[[84.758984,74.459424],[84.710449,74.399805],[84.389453,74.454443],[84.872852,74.515527],[84.758984,74.459424]]],[[[86.653125,74.981299],[87.000586,74.991943],[87.124316,74.939893],[86.927148,74.830762],[86.390527,74.850879],[86.258594,74.893506],[86.653125,74.981299]]],[[[59.313086,81.305225],[58.610156,81.337256],[59.075,81.397705],[59.374609,81.325049],[59.313086,81.305225]]],[[[-179.798535,68.94043],[-175.345215,67.678076],[-174.849854,67.348877],[-174.924902,66.623145],[-174.065039,66.22959],[-173.773975,66.434668],[-174.550098,67.090625],[-173.679688,67.144775],[-169.72915,66.058105],[-171.451172,65.794238],[-171.169971,65.5021],[-172.783301,65.681055],[-172.213184,65.048145],[-173.066211,64.847168],[-172.37876,64.431543],[-173.157422,64.279736],[-175.442139,64.816699],[-176.093262,65.471045],[-178.4125,65.495557],[-178.939063,66.032764],[-178.526563,66.401562],[-179.683301,66.184131],[-179.3521,65.516748],[-180,65.067236],[-179.798535,68.94043]]],[[[130.687305,42.302539],[130.424805,42.727051],[131.257324,43.378076],[130.981641,44.844336],[131.851855,45.326855],[133.113477,45.130713],[134.752344,47.71543],[134.665234,48.253906],[130.961914,47.709326],[130.553125,48.861182],[127.550781,49.801807],[126.048145,52.739453],[123.607813,53.546533],[120.094531,52.787207],[120.656152,52.56665],[120.681445,51.973047],[119.259863,50.066406],[117.873438,49.513477],[114.29707,50.274414],[110.709766,49.142969],[108.613672,49.322803],[106.711133,50.312598],[103.304395,50.200293],[102.288379,50.585107],[102.111523,51.353467],[98.893164,52.117285],[97.835742,51.05166],[98.250293,50.302441],[97.359766,49.741455],[94.614746,50.02373],[94.251074,50.556396],[92.354785,50.86416],[87.416699,49.076611],[86.675488,49.777295],[85.232617,49.61582],[83.357324,50.99458],[81.465918,50.739844],[80.735254,51.293408],[79.98623,50.774561],[77.859961,53.269189],[76.484766,54.022559],[76.837305,54.442383],[73.406934,53.447559],[73.712402,54.042383],[71.093164,54.212207],[70.738086,55.305176],[68.977246,55.3896],[65.088379,54.340186],[61.231055,54.019482],[60.979492,53.621729],[61.534961,53.523291],[61.199219,53.287158],[62.082715,53.00542],[61.047461,52.972461],[60.994531,52.336865],[60.030273,51.933252],[61.554688,51.324609],[60.942285,50.695508],[59.523047,50.492871],[57.838867,51.09165],[55.68623,50.582861],[54.641602,51.011572],[54.555273,50.535791],[53.338086,51.482373],[50.793945,51.729199],[48.625098,50.612695],[48.758984,49.92832],[47.429199,50.357959],[46.660938,48.412256],[47.292383,47.740918],[48.166992,47.708789],[48.959375,46.774609],[48.541211,46.605615],[49.245898,46.291602],[47.463281,45.679688],[46.716113,44.560693],[47.462793,43.555029],[47.646484,43.884619],[47.463184,43.035059],[48.572852,41.844482],[47.520605,41.229053],[45.655566,42.517676],[39.97832,43.419824],[36.650781,45.126465],[38.492285,46.090527],[37.766504,46.636133],[39.270703,47.044141],[38.201367,47.320801],[39.778711,47.887549],[40.080664,49.576855],[37.422852,50.411475],[35.591113,50.36875],[35.311914,51.043896],[34.213867,51.255371],[34.397852,51.78042],[33.735254,52.344775],[31.763379,52.101074],[31.258789,53.016699],[32.706445,53.419434],[30.798828,54.783252],[30.906836,55.57002],[28.284277,56.055908],[27.639453,56.845654],[27.43418,58.787256],[28.058008,59.781543],[30.172656,59.957129],[28.512793,60.677295],[27.797656,60.536133],[31.536523,62.921631],[29.991504,63.735156],[30.526074,64.077295],[29.604199,64.968408],[30.0875,65.786523],[29.066211,66.891748],[29.988086,67.668262],[28.685156,68.189795],[28.772852,68.840039],[28.414062,68.90415],[31.98457,69.953662],[33.007812,69.722119],[32.377734,69.479102],[33.454297,69.428174],[33.141211,69.068701],[35.85791,69.191748],[40.966406,67.713477],[41.188965,66.826172],[38.653906,66.069043],[31.895313,67.161426],[34.691797,65.951855],[34.406445,65.395752],[35.035352,64.440234],[37.442188,63.813379],[38.062207,64.091016],[36.578711,64.790967],[36.882812,65.172363],[39.758008,64.577051],[40.444922,64.778711],[39.816504,65.597949],[42.210547,66.519678],[44.104395,66.008594],[44.429297,66.937744],[43.782422,67.254492],[44.204688,68.25376],[43.333203,68.673389],[45.891992,68.479687],[46.69043,67.848828],[44.902148,67.413135],[46.492383,66.800195],[47.655859,66.975928],[47.874707,67.58418],[48.754297,67.895947],[52.39668,68.351709],[53.801953,68.995898],[54.491211,68.992334],[53.260547,68.26748],[59.057324,69.006055],[59.099023,68.444336],[59.725684,68.351611],[60.933594,68.986768],[60.170605,69.590918],[60.909082,69.847119],[64.19043,69.534668],[68.504199,68.348438],[69.140527,68.950635],[66.89668,69.553809],[67.284766,70.738721],[66.639648,71.081396],[68.269238,71.682812],[69.391406,72.955518],[71.500195,72.913672],[72.812109,72.691406],[71.867285,71.457373],[72.704492,70.963232],[72.576758,68.968701],[73.591699,68.481885],[71.365234,66.961523],[71.539551,66.683105],[69.013477,66.78833],[72.067578,66.25332],[74.769531,67.766357],[74.391406,68.420605],[75.124609,68.861719],[76.45918,68.978271],[77.238477,68.46958],[77.174414,67.778516],[78.922461,67.589111],[77.588281,67.751904],[77.995117,68.259473],[77.650684,68.903027],[73.775684,69.198242],[73.578125,69.802979],[74.343359,70.578711],[73.08623,71.444922],[74.992188,72.144824],[74.786816,72.811865],[75.603516,72.581055],[75.280273,71.430078],[75.733594,71.265918],[79.01543,70.950195],[76.032422,71.9104],[78.186914,71.90708],[77.41084,72.107764],[78.482617,72.394971],[83.106641,71.720508],[82.322852,71.26001],[82.163184,70.598145],[83.010156,70.89541],[82.682324,70.217725],[83.080762,70.093018],[83.735938,70.546484],[83.15127,71.103613],[83.534375,71.683936],[80.827051,72.488281],[80.583203,73.568457],[86.892969,73.887109],[85.792578,73.43833],[86.677051,73.106787],[85.938965,73.456494],[87.571191,73.810742],[86.001367,74.316016],[87.229688,74.363867],[85.791016,74.645117],[87.419336,74.940918],[87.005957,75.169824],[94.075195,75.912891],[93.259277,76.098779],[98.662012,76.242676],[99.77041,76.02876],[99.540723,75.798584],[99.825391,76.135937],[98.805664,76.480664],[101.597754,76.439209],[100.928027,76.556738],[100.989941,76.990479],[104.014551,77.73042],[106.05957,77.390527],[104.202441,77.101807],[107.429785,76.926563],[106.413574,76.512256],[111.114844,76.723047],[113.857227,75.921289],[113.567578,75.568408],[112.466113,75.843652],[113.726172,75.450635],[112.924902,75.015039],[105.143945,72.777051],[109.855273,73.472461],[110.868164,73.730713],[109.752734,73.722559],[110.261426,74.017432],[113.032813,73.913867],[113.490918,73.346094],[113.127832,72.830664],[113.664551,72.634521],[113.215527,72.805859],[113.88623,73.345801],[113.510352,73.50498],[114.060547,73.584668],[118.450195,73.589795],[118.936426,73.481201],[118.430273,73.246533],[119.750391,72.979102],[122.5375,72.877783],[123.622266,73.193262],[123.416211,73.636865],[124.541211,73.75127],[129.100586,73.112354],[128.599023,72.895166],[129.250391,72.705176],[128.418262,72.535156],[129.281348,72.437695],[129.283496,72.092041],[127.726074,72.413184],[131.021582,70.746094],[132.653906,71.925977],[133.688867,71.434229],[136.090332,71.61958],[137.939648,71.133398],[138.23418,71.596338],[139.98418,71.491504],[139.359277,71.951367],[140.187695,72.191309],[139.14082,72.329736],[141.079297,72.586914],[140.808203,72.890967],[146.25293,72.442236],[144.470703,72.174756],[146.831836,72.29541],[146.113281,71.944971],[145.758594,72.225879],[145.188574,71.695801],[147.261816,72.327881],[149.501563,72.164307],[150.016895,71.895654],[148.92334,71.714648],[152.508789,70.834473],[158.702148,70.93501],[159.911816,70.506104],[159.83252,69.784961],[160.910742,69.606348],[161.340625,68.905176],[160.856055,68.53833],[161.565625,68.905176],[161.536914,69.379541],[163.201367,69.714746],[167.856836,69.728223],[169.609863,68.786035],[170.537598,68.825391],[170.99668,69.134717],[170.160938,69.626563],[170.486816,70.107568],[178.84834,69.387207],[180,68.983447],[180,65.067236],[178.519531,64.602979],[176.880859,65.081934],[176.341016,65.047314],[177.06875,64.78667],[174.548828,64.683887],[177.3875,64.774023],[178.381445,64.260889],[178.44043,63.605566],[179.570508,62.6875],[179.120703,62.320361],[177.023535,62.777246],[172.856543,61.469189],[170.350977,59.965527],[169.226758,60.595947],[167.226758,60.406299],[166.273047,59.85625],[166.352148,60.484814],[164.953711,59.843604],[163.743848,60.028027],[161.960059,58.076904],[163.225781,57.790381],[162.761523,57.243945],[163.335547,56.23252],[162.840332,56.065625],[163.038379,56.521875],[162.671484,56.490088],[162.084961,56.089648],[161.723926,55.496143],[162.105566,54.752148],[160.074414,54.18916],[160.025098,53.12959],[158.47207,53.032373],[158.103516,51.809619],[156.747754,50.969287],[155.563867,55.199121],[155.98252,56.695215],[156.848828,57.290186],[156.829883,57.779639],[158.275195,58.008984],[162.068164,60.466406],[163.709961,60.916797],[164.207227,62.292236],[165.396582,62.493896],[163.331738,62.550928],[163.085254,61.570557],[160.173633,60.638428],[160.378906,61.025488],[159.79043,60.956641],[160.309375,61.894385],[157.08418,61.675684],[154.293066,59.83335],[154.149805,59.528516],[155.160449,59.190137],[151.326758,58.875098],[152.169531,59.27793],[149.642578,59.77041],[148.72666,59.25791],[143.86875,59.411377],[142.025391,58.999658],[135.211523,54.84082],[136.797266,54.620996],[136.802637,53.781982],[137.666016,54.283301],[137.339258,54.100537],[137.834766,53.946729],[137.253711,53.546143],[138.52793,53.959863],[138.450684,53.537012],[138.657227,54.29834],[139.707422,54.277148],[141.37373,53.292773],[140.839648,53.087891],[141.485254,52.178516],[140.520898,50.800195],[140.113281,48.422656],[135.131055,43.525732],[133.159961,42.696973],[131.938965,43.301953],[130.687305,42.302539]]],[[[47.441992,80.853662],[48.683594,80.633252],[44.90498,80.611279],[47.441992,80.853662]]],[[[50.278125,80.927246],[51.703613,80.687646],[48.977539,80.162598],[46.644434,80.300342],[50.278125,80.927246]]],[[[67.765332,76.237598],[61.355957,75.314844],[58.534668,74.498926],[56.63418,73.304297],[54.299902,73.350977],[53.762891,73.766162],[56.137109,74.496094],[55.582227,74.627686],[56.49873,74.95708],[55.810059,75.124902],[61.20166,76.282031],[67.534961,77.007764],[68.941699,76.707666],[67.765332,76.237598]]],[[[55.319824,73.308301],[56.42959,73.201172],[55.40332,72.549072],[55.297852,71.935352],[57.625391,70.728809],[53.722363,70.814453],[54.155664,71.125488],[53.411621,71.530127],[51.438672,71.776807],[52.62207,72.300977],[52.916602,72.668896],[52.550586,72.768555],[53.251172,73.182959],[55.319824,73.308301]]],[[[96.526563,81.075586],[97.831836,80.798291],[97.113086,80.614063],[97.175195,80.241016],[91.523828,80.358545],[93.358691,81.031689],[96.526563,81.075586]]],[[[97.674512,80.158252],[98.017773,80.022852],[97.65166,79.760645],[100.06123,79.7771],[99.041797,79.293018],[99.814648,79.09585],[99.439551,78.834229],[93.070801,79.495312],[94.987305,80.096826],[97.674512,80.158252]]],[[[102.884766,79.253955],[102.412305,78.835449],[103.800781,79.149268],[105.312598,78.499902],[99.287109,78.038086],[101.590625,79.350439],[102.884766,79.253955]]],[[[140.04873,75.828955],[140.815918,75.630713],[141.485449,76.137158],[145.359961,75.530469],[144.019727,75.044678],[142.30791,75.691699],[143.12793,74.970313],[139.099121,74.656543],[137.00625,75.23501],[137.268848,75.749414],[138.919531,76.196729],[140.04873,75.828955]]],[[[146.795215,75.370752],[150.822363,75.156543],[149.050195,74.772461],[146.148535,75.198291],[146.795215,75.370752]]],[[[178.861523,70.826416],[178.683887,71.105664],[180,71.537744],[180,70.993018],[178.861523,70.826416]]],[[[142.761035,54.393945],[143.324707,52.963086],[143.190625,51.944482],[144.71377,48.640283],[144.04873,49.24917],[143.10498,49.198828],[142.556934,47.737891],[143.580664,46.360693],[143.431641,46.028662],[143.282324,46.558984],[142.578027,46.700781],[142.077148,45.917041],[142.206738,51.222559],[141.66084,52.272949],[141.823535,53.339502],[142.526172,53.447461],[142.334961,54.280713],[142.761035,54.393945]]],[[[-178.876465,71.577051],[-177.498486,71.219141],[-179.999951,70.993018],[-179.999951,71.537744],[-178.876465,71.577051]]],[[[35.816113,65.18208],[35.858398,65.07793],[35.842285,65.001465],[35.778711,64.97666],[35.558594,65.093604],[35.528906,65.151074],[35.816113,65.18208]]],[[[42.713672,66.701709],[42.460059,66.770361],[42.631445,66.782227],[42.713672,66.701709]]],[[[52.90332,71.36499],[53.022656,70.968701],[52.239844,71.325049],[52.90332,71.36499]]],[[[168.039062,54.56499],[168.081348,54.512744],[167.488086,54.794971],[167.441504,54.855859],[167.882617,54.690479],[168.039062,54.56499]]],[[[160.718945,70.822705],[160.504785,70.819727],[160.436914,70.851025],[160.44043,70.922656],[160.56582,70.923779],[160.718945,70.822705]]],[[[161.46709,68.900977],[161.082813,69.405664],[161.505176,69.639453],[161.46709,68.900977]]],[[[152.885938,76.121729],[152.786328,76.085791],[152.558594,76.143604],[152.799414,76.194824],[152.885938,76.121729]]],[[[149.150195,76.659912],[148.398633,76.648242],[148.719629,76.746582],[149.406445,76.78208],[149.150195,76.659912]]],[[[137.959863,71.507666],[137.711816,71.423242],[137.457813,71.483496],[137.265527,71.455908],[137.064063,71.529883],[137.281836,71.579932],[137.816797,71.587891],[137.959863,71.507666]]],[[[107.695508,78.130908],[107.481641,78.057764],[107.343848,78.098584],[106.415527,78.139844],[107.508301,78.189404],[107.695508,78.130908]]],[[[112.478027,76.620898],[112.66084,76.50957],[112.531641,76.450049],[111.968945,76.626172],[112.478027,76.620898]]],[[[96.532422,76.278125],[96.613965,76.263818],[96.589648,76.22124],[96.350781,76.212158],[96.300586,76.121729],[95.311133,76.214746],[95.379883,76.289062],[95.594434,76.249609],[95.78623,76.293896],[96.532422,76.278125]]],[[[96.285449,77.02666],[95.854688,76.974951],[95.680859,77.021338],[95.270312,77.018848],[96.528418,77.205518],[96.561914,77.154053],[96.285449,77.02666]]],[[[89.514258,77.188818],[89.141699,77.226807],[89.281543,77.301465],[89.67959,77.280322],[89.514258,77.188818]]],[[[74.660547,72.873437],[74.100195,73.021533],[74.198535,73.109082],[74.408789,73.130469],[74.961523,73.0625],[74.742578,73.032715],[74.647266,72.969043],[74.697168,72.907715],[74.660547,72.873437]]],[[[75.503711,73.456641],[75.344336,73.432275],[75.569727,73.540625],[76.051562,73.549268],[75.827148,73.459131],[75.503711,73.456641]]],[[[83.549023,74.071777],[83.410645,74.039551],[82.817773,74.091602],[83.149805,74.151611],[83.618359,74.089453],[83.549023,74.071777]]],[[[67.344922,69.529834],[67.263965,69.442529],[67.025879,69.483203],[67.216113,69.575391],[67.328906,69.572119],[67.344922,69.529834]]],[[[66.560938,70.541748],[66.568555,70.501465],[66.51582,70.514893],[66.407617,70.615771],[66.394824,70.727295],[66.440234,70.772656],[66.560938,70.541748]]],[[[70.020703,66.502197],[69.844727,66.489746],[69.651367,66.565332],[69.469336,66.715967],[69.502734,66.751074],[70.07666,66.695898],[70.057227,66.599463],[70.110059,66.569092],[70.020703,66.502197]]],[[[50.051758,80.074316],[49.556055,80.158936],[49.883691,80.230225],[50.250977,80.219482],[50.319141,80.172363],[50.051758,80.074316]]],[[[51.409277,79.944238],[51.43125,79.920508],[50.454102,79.924414],[50.091406,79.980566],[50.936328,80.094238],[51.254395,80.048633],[51.242773,79.99126],[51.409277,79.944238]]],[[[50.753711,81.047412],[50.518164,81.045557],[50.368457,81.12251],[50.715918,81.170654],[50.946191,81.108154],[50.753711,81.047412]]],[[[55.479688,80.273828],[55.195117,80.226807],[54.979688,80.256445],[55.240039,80.325391],[55.479688,80.273828]]],[[[54.415332,80.472803],[54.275879,80.421338],[53.811914,80.476221],[53.900195,80.51543],[53.877246,80.605273],[54.407129,80.540137],[54.415332,80.472803]]],[[[59.688867,79.955811],[59.330664,79.923047],[58.919238,79.984619],[58.946094,80.042334],[59.544531,80.118848],[59.80166,80.082666],[59.911035,79.994287],[59.688867,79.955811]]],[[[58.622363,81.04165],[58.902539,80.897656],[58.930566,80.831689],[58.859961,80.779395],[58.641895,80.767969],[57.937891,80.793359],[57.749805,80.889062],[57.405176,80.915137],[57.210938,81.01709],[57.65625,81.031543],[58.049512,81.118457],[58.622363,81.04165]]],[[[47.983008,45.488232],[47.920313,45.562061],[47.947168,45.64707],[47.983008,45.488232]]],[[[50.265234,69.185596],[48.910352,68.743066],[48.278809,69.040332],[48.95332,69.509277],[50.265234,69.185596]]],[[[63.373828,80.700098],[62.520313,80.821875],[64.310156,81.175195],[65.437402,80.930713],[63.373828,80.700098]]],[[[57.95625,80.123242],[57.011133,80.468311],[59.255469,80.343213],[57.95625,80.123242]]],[[[62.167773,80.834766],[61.05127,80.418604],[59.288184,80.572656],[62.167773,80.834766]]],[[[61.14082,80.950342],[60.826758,80.929688],[60.058203,80.984619],[60.586621,81.087695],[61.457422,81.103955],[61.567383,81.050293],[61.14082,80.950342]]],[[[53.521387,80.185205],[52.635938,80.178857],[52.213379,80.263721],[52.680566,80.318506],[52.853906,80.402393],[53.185645,80.412646],[53.85166,80.268359],[53.521387,80.185205]]],[[[57.078711,80.350928],[57.122656,80.316992],[57.118945,80.193945],[57.080176,80.094678],[56.986914,80.071484],[55.724023,80.104736],[56.012207,80.203906],[55.989844,80.320068],[56.024414,80.341309],[57.078711,80.350928]]],[[[57.810254,81.546045],[58.563867,81.418408],[57.450977,81.135547],[55.466016,81.311182],[57.810254,81.546045]]],[[[54.718945,81.115967],[57.694141,80.792285],[54.668164,80.738672],[54.04541,80.871973],[54.718945,81.115967]]],[[[63.650977,81.609326],[62.884961,81.608887],[62.106445,81.679346],[62.794922,81.718945],[63.70957,81.687305],[63.782422,81.649805],[63.650977,81.609326]]],[[[58.29541,81.715186],[57.909277,81.721924],[57.984961,81.797021],[58.13457,81.827979],[59.408496,81.825439],[59.356445,81.758984],[58.29541,81.715186]]],[[[92.683496,79.685205],[91.070312,79.981494],[93.803125,79.904541],[92.683496,79.685205]]],[[[91.567187,81.141211],[91.222852,81.063818],[89.975781,81.113135],[89.901172,81.170703],[90.069922,81.213721],[91.108984,81.199121],[91.477832,81.183936],[91.567187,81.141211]]],[[[141.010254,73.999463],[140.409473,73.92168],[140.183203,74.00459],[140.101562,74.184277],[140.300293,74.257227],[140.944336,74.264648],[141.038574,74.242725],[141.097461,74.167822],[141.010254,73.999463]]],[[[142.184863,73.895898],[143.491309,73.246436],[139.685547,73.425732],[142.184863,73.895898]]],[[[135.948633,75.40957],[135.451953,75.389551],[135.698633,75.845264],[135.948633,75.40957]]],[[[136.197461,73.913623],[136.12168,73.88501],[135.402441,74.201709],[135.387012,74.253369],[136.036816,74.090332],[136.25918,73.984961],[136.197461,73.913623]]],[[[137.940527,55.092627],[137.721484,54.663232],[137.23291,54.790576],[137.940527,55.092627]]],[[[169.200781,69.580469],[167.788867,69.836865],[169.420703,69.856055],[169.200781,69.580469]]],[[[163.635156,58.603369],[164.572656,59.221143],[164.615723,58.885596],[163.635156,58.603369]]],[[[166.650293,54.839062],[166.645117,54.694092],[166.229883,54.936523],[165.991895,55.190479],[165.751074,55.294531],[165.93125,55.351465],[166.275781,55.311963],[166.22998,55.242334],[166.248047,55.16543],[166.650293,54.839062]]],[[[154.810449,49.312012],[154.714844,49.267676],[154.610938,49.294043],[154.612988,49.380615],[154.824902,49.646924],[154.899609,49.630371],[154.802344,49.468262],[154.810449,49.312012]]],[[[156.405078,50.657617],[156.325781,50.639062],[156.167969,50.731885],[156.376465,50.862109],[156.455859,50.85957],[156.483105,50.751221],[156.405078,50.657617]]],[[[155.921094,50.302197],[155.195117,50.264551],[156.096875,50.771875],[155.921094,50.302197]]],[[[154.08125,48.790283],[154.042969,48.73877],[153.992285,48.77251],[154.126367,48.904443],[154.228418,48.89209],[154.08125,48.790283]]],[[[155.644824,50.821924],[155.553516,50.810596],[155.467383,50.913574],[155.639648,50.910498],[155.644824,50.821924]]],[[[153.101074,47.762939],[153.053809,47.706104],[152.984277,47.72793],[153.079199,47.80874],[153.101074,47.762939]]],[[[152.002051,46.897168],[151.815625,46.787109],[151.754102,46.78833],[151.715332,46.852686],[151.864355,46.868994],[152.16582,47.110449],[152.288867,47.142187],[152.002051,46.897168]]],[[[149.687695,45.642041],[149.44707,45.593359],[149.665918,45.839795],[149.796289,45.876074],[149.962305,46.021924],[150.348633,46.213428],[150.553125,46.208545],[150.23457,46.012305],[150.19502,45.933203],[149.687695,45.642041]]],[[[148.599512,45.317627],[146.897461,44.404297],[147.924023,45.383301],[148.599512,45.317627]]],[[[146.713965,43.743799],[146.608594,43.740479],[146.621973,43.812988],[146.824609,43.860498],[146.899023,43.80415],[146.713965,43.743799]]],[[[146.207617,44.497656],[146.516211,44.374658],[145.439258,43.737061],[146.207617,44.497656]]],[[[113.387207,74.400439],[113.258887,74.272705],[112.782422,74.095068],[112.105078,74.163232],[111.642969,74.272949],[111.503418,74.353076],[111.879785,74.363818],[111.949219,74.38877],[112.007617,74.526758],[112.084473,74.548975],[113.387207,74.400439]]],[[[76.248926,79.651074],[77.588965,79.501904],[76.649512,79.493408],[76.636523,79.544434],[76.153711,79.57876],[76.051562,79.644727],[76.248926,79.651074]]],[[[80.02666,80.848145],[79.098535,80.812061],[78.977637,80.848242],[79.217383,80.960352],[79.806641,80.975391],[80.42793,80.927686],[80.344824,80.86792],[80.02666,80.848145]]],[[[70.673926,73.09502],[69.920117,73.084521],[70.35,73.477637],[71.630469,73.224805],[70.673926,73.09502]]],[[[77.63252,72.29126],[76.871094,72.317041],[77.578711,72.630859],[78.365137,72.482422],[77.63252,72.29126]]],[[[79.501465,72.721924],[78.633203,72.850732],[79.164258,73.094336],[79.501465,72.721924]]],[[[82.172363,75.419385],[82.221582,75.350537],[82.050098,75.340967],[81.978516,75.247119],[81.860547,75.316504],[81.654785,75.288916],[81.500586,75.36792],[81.712109,75.451416],[81.926562,75.409961],[81.912793,75.497705],[82.021875,75.513477],[82.165625,75.515625],[82.172363,75.419385]]],[[[60.450488,69.934863],[59.724609,69.706201],[58.473047,70.266846],[60.450488,69.934863]]],[[[20.957813,55.278906],[20.594824,54.982373],[20.8875,54.909473],[21.235742,55.264111],[22.567285,55.059131],[22.766211,54.356787],[19.604395,54.45918],[20.957813,55.278906]]],[[[33.594141,46.09624],[34.686878,45.97695],[35.45752,45.316309],[36.575,45.393555],[33.755664,44.398926],[33.555176,45.097656],[32.508008,45.403809],[33.594141,46.09624]]]]}},{"type":"Feature","properties":{"sigla":"ROU","nome":"Rom\u00eania"},"geometry":{"type":"Polygon","coordinates":[[[28.2125,45.450439],[29.705859,45.259912],[29.55752,44.843408],[28.891504,44.918652],[28.585352,43.742236],[27.086914,44.167383],[25.49707,43.670801],[22.919043,43.834473],[22.720898,44.605518],[21.360059,44.82666],[21.490234,45.1479],[20.241797,46.108594],[21.12168,46.282422],[21.999707,47.505029],[23.139453,48.087402],[24.893359,47.717773],[26.71377,48.263477],[28.071777,46.978418],[28.2125,45.450439]]]}},{"type":"Feature","properties":{"sigla":"QAT","nome":"Catar"},"geometry":{"type":"Polygon","coordinates":[[[51.267969,24.607227],[50.855664,24.679639],[50.75459,25.399268],[51.262305,26.153271],[51.608887,25.052881],[51.267969,24.607227]]]}},{"type":"Feature","properties":{"sigla":"PRT","nome":"Portugal"},"geometry":{"type":"MultiPolygon","coordinates":[[[[-17.190869,32.868604],[-17.054492,32.815869],[-16.929199,32.841406],[-16.693262,32.758008],[-16.837402,32.648291],[-17.018262,32.662793],[-17.226025,32.766846],[-17.190869,32.868604]]],[[[-8.777148,41.941064],[-6.618262,41.942383],[-6.2125,41.532031],[-6.928467,41.009131],[-6.975391,39.798389],[-7.535693,39.661572],[-6.957568,38.187891],[-7.834131,37.005713],[-8.997803,37.032275],[-8.668311,38.424316],[-9.250391,38.656738],[-8.791602,39.078174],[-9.474121,38.730859],[-8.684619,40.752539],[-8.777148,41.941064]]],[[[-25.027344,36.959961],[-25.159912,36.943359],[-25.198389,36.996533],[-25.08291,37.024023],[-25.027344,36.959961]]],[[[-31.137109,39.406934],[-31.181348,39.358936],[-31.282959,39.394092],[-31.26084,39.496777],[-31.199854,39.52085],[-31.138623,39.479443],[-31.137109,39.406934]]],[[[-27.075244,38.643457],[-27.302832,38.661035],[-27.385937,38.76582],[-27.127002,38.789844],[-27.041943,38.741211],[-27.075244,38.643457]]],[[[-27.778467,38.555615],[-28.092334,38.620557],[-28.310645,38.743896],[-27.778467,38.555615]]],[[[-28.641309,38.525],[-28.743848,38.522363],[-28.842041,38.598437],[-28.697754,38.638477],[-28.605811,38.550732],[-28.641309,38.525]]],[[[-28.147266,38.452686],[-28.064795,38.412744],[-28.454492,38.408643],[-28.548828,38.518555],[-28.402148,38.553369],[-28.147266,38.452686]]],[[[-25.648975,37.840918],[-25.181934,37.837891],[-25.190723,37.764355],[-25.251123,37.73501],[-25.439014,37.715332],[-25.734473,37.762891],[-25.833691,37.826074],[-25.845898,37.894043],[-25.78374,37.911133],[-25.648975,37.840918]]]]}},{"type":"Feature","properties":{"sigla":"POL","nome":"Pol\u00f4nia"},"geometry":{"type":"Polygon","coordinates":[[[23.605273,51.51792],[24.089941,50.530469],[22.706152,49.606201],[22.809766,49.020752],[18.968359,49.39624],[17.702246,50.307178],[16.63916,50.102148],[16.282227,50.655615],[14.809375,50.858984],[14.619434,52.528516],[14.128613,52.878223],[14.558398,53.823193],[14.198242,53.919043],[18.085645,54.83584],[18.97627,54.348926],[22.893945,54.390527],[23.453613,54.143457],[23.887109,53.027539],[23.175098,52.286621],[23.605273,51.51792]]]}},{"type":"Feature","properties":{"sigla":"PHL","nome":"Filipinas"},"geometry":{"type":"MultiPolygon","coordinates":[[[[121.101562,18.615283],[122.265527,18.458838],[122.519141,17.124854],[121.392285,15.324414],[121.766602,14.168066],[123.815723,13.837109],[124.059766,12.56709],[122.595215,13.907617],[122.599902,13.194141],[121.77793,13.937646],[120.637109,13.804492],[120.941309,14.645068],[120.583691,14.88125],[120.43877,14.453369],[120.082129,14.851074],[119.772559,16.255127],[120.36875,16.10957],[120.599707,18.507861],[121.101562,18.615283]]],[[[117.311133,8.4396],[119.55332,11.313525],[119.686914,10.500342],[117.311133,8.4396]]],[[[122.496191,11.615088],[123.119531,11.286816],[121.954004,10.444385],[121.916016,11.854346],[122.496191,11.615088]]],[[[123.130859,9.064111],[122.399512,9.823047],[123.256641,10.993945],[123.567578,10.780762],[123.130859,9.064111]]],[[[124.574609,11.343066],[125.026563,11.211719],[125.026563,10.033105],[124.574609,11.343066]]],[[[125.239551,12.527881],[125.735645,11.049609],[125.034277,11.34126],[124.294727,12.569336],[125.239551,12.527881]]],[[[120.704395,13.479492],[121.522754,13.131201],[121.236719,12.218799],[120.338477,13.412354],[120.704395,13.479492]]],[[[126.005957,9.320947],[126.581543,7.247754],[126.189355,6.309668],[125.689258,7.263037],[125.346484,5.598975],[125.231543,6.069531],[124.078125,6.404443],[124.206641,7.396436],[123.66582,7.817773],[123.390918,7.40752],[122.616211,7.763135],[121.964258,6.968213],[122.243359,7.945117],[123.43457,8.70332],[123.799414,8.049121],[125.49873,9.014746],[125.471289,9.756787],[126.005957,9.320947]]],[[[123.370313,9.449609],[123.331738,9.422949],[123.316016,9.488965],[123.38623,9.96709],[123.711426,10.473682],[123.929883,10.963818],[123.967188,11.186914],[124.038867,11.273535],[124.05127,10.585596],[124.00498,10.400098],[123.700488,10.12832],[123.493555,9.589307],[123.370313,9.449609]]],[[[121.92168,18.894727],[121.858203,18.8229],[121.825195,18.842725],[121.888867,18.991553],[121.943359,19.010449],[121.987891,18.956641],[121.92168,18.894727]]],[[[121.520898,19.361963],[121.53125,19.271338],[121.374609,19.356299],[121.391602,19.399365],[121.520898,19.361963]]],[[[121.960059,20.365869],[121.914062,20.359424],[121.941211,20.453711],[122.031152,20.469385],[121.960059,20.365869]]],[[[121.878125,20.781885],[121.790625,20.701172],[121.847852,20.84126],[121.878125,20.781885]]],[[[121.159375,6.075635],[121.213867,6.003516],[121.391504,6.0021],[121.411035,5.939844],[121.294434,5.869971],[121.218164,5.942725],[120.930664,5.896191],[120.876367,5.952637],[121.037695,6.095996],[121.159375,6.075635]]],[[[117.079883,7.883398],[117.02832,7.80752],[116.969531,7.894922],[116.993555,8.050537],[117.077051,8.069141],[117.079883,7.883398]]],[[[119.916211,10.485986],[119.793164,10.455273],[119.764453,10.551611],[119.852051,10.640137],[120.008398,10.570117],[119.916211,10.485986]]],[[[120.1,12.167676],[120.19375,12.167041],[120.228223,12.219824],[120.341406,12.077441],[120.314551,12.012402],[120.010547,12.008252],[119.865918,12.199023],[119.885742,12.299854],[119.916406,12.319092],[120.1,12.167676]]],[[[120.03877,11.70332],[119.944922,11.690723],[119.860938,11.953955],[119.916016,11.981348],[120.035937,11.917236],[120.073145,11.783496],[120.03877,11.70332]]],[[[122.649512,10.472705],[122.538379,10.424951],[122.5375,10.607568],[122.70127,10.740625],[122.737207,10.65459],[122.649512,10.472705]]],[[[124.593848,9.787207],[123.817187,9.817383],[124.335742,10.159912],[124.593848,9.787207]]],[[[120.250391,5.256592],[120.191602,5.168311],[120.118359,5.215381],[119.958105,5.079541],[119.821484,5.069531],[119.827344,5.133154],[120.165234,5.332422],[120.208008,5.340088],[120.250391,5.256592]]],[[[122.092871,6.42832],[121.95918,6.41582],[121.808691,6.613721],[121.832031,6.664062],[122.058301,6.740723],[122.323535,6.602246],[122.092871,6.42832]]],[[[126.059375,9.766211],[125.991211,9.838525],[126.073828,10.059229],[126.172559,9.799951],[126.059375,9.766211]]],[[[125.690234,9.914453],[125.672559,9.886475],[125.494824,10.118701],[125.524609,10.309717],[125.666797,10.440137],[125.690234,9.914453]]],[[[120.271289,13.750684],[120.272852,13.682959],[120.104199,13.782373],[120.103418,13.842529],[120.211426,13.820654],[120.271289,13.750684]]],[[[121.914844,13.540332],[121.995703,13.546777],[122.114551,13.463184],[122.122363,13.365137],[122.004883,13.20498],[121.829199,13.328613],[121.866211,13.566162],[121.914844,13.540332]]],[[[122.094043,12.354883],[122.013965,12.105615],[121.923242,12.331299],[121.989453,12.435303],[122.001563,12.598535],[122.14502,12.652637],[122.094043,12.354883]]],[[[122.654492,12.309033],[122.60332,12.285596],[122.422949,12.455078],[122.603613,12.491602],[122.673633,12.424268],[122.654492,12.309033]]],[[[123.281836,12.853418],[123.367188,12.70083],[122.949023,13.058691],[122.95752,13.107178],[123.043555,13.113379],[123.281836,12.853418]]],[[[123.775391,12.453906],[123.779102,12.36626],[123.587207,12.633301],[123.621484,12.674902],[123.708691,12.610791],[123.775391,12.453906]]],[[[123.716602,12.287354],[124.045508,11.752441],[123.47373,12.21665],[123.157813,11.925635],[123.236426,12.583496],[123.716602,12.287354]]],[[[124.353613,13.632227],[124.327051,13.567383],[124.248242,13.58667],[124.175391,13.531543],[124.038867,13.663135],[124.12373,13.790479],[124.122852,13.979687],[124.224902,14.077588],[124.417188,13.871045],[124.404004,13.679443],[124.353613,13.632227]]],[[[122.175391,14.048828],[122.172266,14.008008],[121.95625,14.156055],[121.95918,14.22876],[122.175391,14.048828]]],[[[122.033496,15.005029],[122.051562,14.969873],[121.970313,14.892969],[122.02168,14.759424],[121.989648,14.662158],[121.933008,14.656055],[121.923047,14.8],[121.820312,14.963574],[121.839844,15.038135],[121.97168,15.046387],[122.033496,15.005029]]],[[[124.316211,10.606006],[124.334668,10.706689],[124.381348,10.632568],[124.316211,10.606006]]],[[[125.280762,9.982178],[125.287695,9.932715],[125.158984,10.062939],[125.133008,10.155029],[125.230957,10.115674],[125.280762,9.982178]]],[[[122.937109,7.409131],[122.943652,7.361035],[122.804688,7.315967],[122.822168,7.428467],[122.937109,7.409131]]],[[[125.78457,6.962744],[125.768945,6.905762],[125.683008,7.073193],[125.714453,7.185547],[125.783398,7.130664],[125.78457,6.962744]]],[[[124.608398,11.492188],[124.483496,11.48584],[124.360352,11.665918],[124.510938,11.687109],[124.622266,11.549561],[124.608398,11.492188]]],[[[124.806641,9.142627],[124.77793,9.083105],[124.66582,9.132324],[124.65332,9.22583],[124.736816,9.243164],[124.806641,9.142627]]],[[[121.252246,19.082422],[121.24668,19.015186],[121.184863,19.101416],[121.213184,19.183594],[121.252246,19.082422]]],[[[119.861426,11.525342],[119.88291,11.472412],[119.830664,11.375684],[119.72998,11.431934],[119.725586,11.474658],[119.861426,11.525342]]],[[[123.757031,11.283301],[123.815625,11.150732],[123.736719,11.151465],[123.707617,11.247998],[123.757031,11.283301]]],[[[122.31084,12.528809],[122.260938,12.503076],[122.278027,12.59292],[122.31084,12.528809]]],[[[125.970508,9.593555],[125.952441,9.567969],[125.92207,9.621484],[125.967773,9.759082],[125.970508,9.593555]]],[[[124.854395,11.594775],[124.835938,11.543311],[124.781055,11.580762],[124.730859,11.715332],[124.854395,11.594775]]],[[[117.355273,8.214648],[117.287012,8.191016],[117.280859,8.31499],[117.353711,8.289258],[117.355273,8.214648]]],[[[123.697656,9.237305],[123.70625,9.133545],[123.614453,9.10332],[123.493457,9.19209],[123.654883,9.27876],[123.697656,9.237305]]]]}},{"type":"Feature","properties":{"sigla":"PER","nome":"Peru"},"geometry":{"type":"Polygon","coordinates":[[[-69.965918,-4.235938],[-70.799512,-4.17334],[-72.887061,-5.122754],[-73.137354,-6.46582],[-74.002051,-7.556055],[-72.974023,-8.993164],[-73.209424,-9.411426],[-72.379053,-9.510156],[-72.181592,-10.003711],[-70.541113,-9.4375],[-70.642334,-11.010254],[-69.578613,-10.951758],[-68.685254,-12.501953],[-69.420898,-15.640625],[-68.842773,-16.337891],[-69.926367,-18.206055],[-70.418262,-18.345605],[-75.933887,-14.633594],[-78.762256,-8.616992],[-79.994971,-6.768945],[-81.142041,-6.056738],[-80.881934,-5.635059],[-81.336621,-4.669531],[-80.324658,-3.387891],[-80.478564,-4.430078],[-79.033301,-4.969141],[-78.345361,-3.397363],[-75.570557,-1.53125],[-75.259375,-0.590137],[-75.62627,-0.122852],[-75.224609,-0.041748],[-72.941113,-2.394043],[-70.968555,-2.206836],[-70.09585,-2.658203],[-70.735107,-3.781543],[-69.965918,-4.235938]]]}},{"type":"Feature","properties":{"sigla":"PRY","nome":"Paraguai"},"geometry":{"type":"Polygon","coordinates":[[[-58.159766,-20.164648],[-57.955908,-22.10918],[-55.84917,-22.307617],[-55.415918,-23.951367],[-54.241797,-24.047266],[-54.755078,-26.53291],[-55.714648,-27.414844],[-58.604834,-27.314355],[-57.643896,-25.328418],[-61.03291,-23.755664],[-62.650977,-22.233691],[-61.756836,-19.645313],[-59.090527,-19.28623],[-58.159766,-20.164648]]]}},{"type":"Feature","properties":{"sigla":"PNG","nome":"Papua-Nova Guin\u00e9"},"geometry":{"type":"MultiPolygon","coordinates":[[[[152.96582,-4.756348],[152.279395,-3.582422],[150.825391,-2.572949],[153.016797,-4.105664],[152.96582,-4.756348]]],[[[151.915625,-4.296777],[152.405664,-4.340723],[152.077051,-5.458301],[150.473535,-6.263379],[148.337207,-5.669434],[149.831445,-5.524121],[150.090039,-5.011816],[150.183105,-5.523633],[150.900293,-5.447168],[151.671191,-4.883301],[151.593066,-4.200781],[151.915625,-4.296777]]],[[[140.976172,-9.11875],[141.185645,-2.627832],[144.477734,-3.825293],[145.766992,-4.823047],[145.745215,-5.402441],[147.566699,-6.056934],[147.845508,-6.662402],[146.953613,-6.834082],[147.190039,-7.378125],[148.583105,-9.051758],[149.19834,-9.03125],[149.874414,-10.012988],[150.849512,-10.236035],[150.319922,-10.654883],[147.768652,-10.070117],[146.033203,-8.076367],[143.654883,-7.460352],[143.942285,-7.944238],[143.61377,-8.200391],[142.206836,-8.195801],[143.366211,-8.961035],[142.647168,-9.327832],[140.976172,-9.11875]]],[[[148.025781,-5.826367],[147.874512,-5.749219],[147.781055,-5.627246],[147.794629,-5.492383],[148.054785,-5.611523],[148.025781,-5.826367]]],[[[146.019336,-4.726172],[145.952344,-4.755762],[145.883594,-4.66748],[145.995801,-4.539258],[146.053418,-4.640137],[146.019336,-4.726172]]],[[[152.670605,-3.133398],[152.646191,-3.221191],[152.543262,-3.095605],[152.63877,-3.042773],[152.670605,-3.133398]]],[[[152.099219,-2.947363],[152.057324,-2.994922],[151.95459,-2.870508],[151.974707,-2.845605],[152.099219,-2.947363]]],[[[149.76543,-1.553027],[149.763184,-1.58916],[149.671094,-1.57627],[149.545898,-1.47168],[149.580957,-1.353223],[149.725293,-1.430664],[149.76543,-1.553027]]],[[[151.080957,-10.020117],[151.255664,-9.922656],[151.296484,-9.956738],[151.230859,-10.194727],[150.95918,-10.092578],[150.952441,-9.998438],[150.896094,-9.968066],[150.776074,-9.709082],[151.051465,-9.938965],[151.080957,-10.020117]]],[[[150.34541,-9.493848],[150.272852,-9.500391],[150.109766,-9.361914],[150.134961,-9.25957],[150.208301,-9.206348],[150.320117,-9.26416],[150.368164,-9.396484],[150.34541,-9.493848]]],[[[151.106836,-8.733496],[151.124121,-8.804883],[151.046191,-8.72832],[151.082813,-8.568652],[151.00498,-8.523828],[151.117578,-8.418848],[151.106836,-8.733496]]],[[[154.280762,-11.361426],[154.266016,-11.415918],[154.121191,-11.425684],[154.064063,-11.419336],[154.023438,-11.347949],[154.117676,-11.365527],[154.101758,-11.311426],[154.280762,-11.361426]]],[[[143.586816,-8.481738],[143.321875,-8.367578],[143.581445,-8.390918],[143.586816,-8.481738]]],[[[147.17627,-5.431934],[147.120215,-5.437402],[147.005859,-5.307031],[147.014746,-5.257422],[147.131055,-5.19082],[147.206348,-5.251563],[147.221875,-5.381543],[147.17627,-5.431934]]],[[[147.067578,-1.960156],[147.400586,-2.025098],[147.424414,-1.994531],[147.438086,-2.058984],[147.336523,-2.066016],[147.206348,-2.181934],[146.747852,-2.148828],[146.546484,-2.208594],[146.532422,-2.126172],[146.607031,-2.102539],[146.595898,-2.016895],[146.65625,-1.974023],[147.067578,-1.960156]]],[[[150.436621,-2.661816],[150.165723,-2.660254],[149.961621,-2.473828],[150.227148,-2.38418],[150.429492,-2.47041],[150.436621,-2.661816]]],[[[150.528418,-9.346582],[150.669043,-9.428516],[150.788672,-9.417969],[150.879102,-9.512695],[150.894043,-9.66748],[150.844043,-9.702832],[150.809961,-9.654785],[150.43623,-9.624609],[150.508496,-9.536133],[150.434668,-9.434961],[150.437305,-9.359961],[150.528418,-9.346582]]],[[[152.630957,-8.959375],[152.810059,-8.967188],[152.95293,-9.070117],[152.995313,-9.107813],[152.966895,-9.208984],[152.86748,-9.224316],[152.720117,-9.166504],[152.638086,-9.058398],[152.515137,-9.009863],[152.630957,-8.959375]]],[[[153.536133,-11.476172],[153.759863,-11.586328],[153.553711,-11.630566],[153.379004,-11.55957],[153.357031,-11.49502],[153.286816,-11.516992],[153.322363,-11.471484],[153.234473,-11.420313],[153.203613,-11.324121],[153.536133,-11.476172]]],[[[143.590332,-8.633398],[143.608203,-8.677148],[143.253809,-8.489551],[143.206836,-8.423438],[143.590332,-8.633398]]],[[[147.876953,-2.283105],[147.844531,-2.335742],[147.735547,-2.315527],[147.83584,-2.246777],[147.876953,-2.283105]]],[[[151.957227,-2.830176],[151.946387,-2.708594],[152.001953,-2.737793],[152.011328,-2.80918],[151.957227,-2.830176]]],[[[150.89873,-10.565332],[150.884668,-10.643457],[150.785742,-10.603418],[150.799316,-10.554102],[150.89873,-10.565332]]],[[[153.659277,-4.099316],[153.591504,-4.095996],[153.662988,-4.041211],[153.659277,-4.099316]]],[[[155.957617,-6.686816],[155.344043,-6.72168],[154.729297,-5.444434],[155.957617,-6.686816]]],[[[154.647266,-5.432715],[154.540039,-5.11084],[154.632617,-5.013867],[154.727148,-5.218066],[154.698438,-5.382812],[154.647266,-5.432715]]]]}},{"type":"Feature","properties":{"sigla":"PAN","nome":"Panam\u00e1"},"geometry":{"type":"MultiPolygon","coordinates":[[[[-77.374219,8.658301],[-77.195996,7.972461],[-77.901172,7.229346],[-78.421582,8.060986],[-77.760547,8.133252],[-79.086377,8.997168],[-80.458984,8.213867],[-80.01123,7.500049],[-80.666699,7.225684],[-81.063867,7.899756],[-81.268408,7.625488],[-81.727637,8.137549],[-83.027344,8.337744],[-82.801025,9.591797],[-81.354785,8.780566],[-79.112256,9.536768],[-77.374219,8.658301]]],[[[-78.89834,8.274268],[-78.918115,8.231934],[-78.960596,8.43584],[-78.883252,8.460254],[-78.83916,8.3479],[-78.89834,8.274268]]],[[[-81.603271,7.332812],[-81.770117,7.370361],[-81.852051,7.45332],[-81.812158,7.592383],[-81.72876,7.621191],[-81.671436,7.523438],[-81.694727,7.425],[-81.603271,7.332812]]],[[[-82.233496,9.380713],[-82.244434,9.334082],[-82.321729,9.418115],[-82.259424,9.430273],[-82.233496,9.380713]]],[[[-79.06543,8.254199],[-79.110352,8.209814],[-79.096289,8.29541],[-79.06543,8.254199]]]]}},{"type":"Feature","properties":{"sigla":"PLW","nome":"Palau"},"geometry":{"type":"MultiPolygon","coordinates":[[[[131.172363,3.026221],[131.136719,3.039453],[131.187891,3.055615],[131.172363,3.026221]]],[[[134.59541,7.382031],[134.534668,7.360645],[134.515723,7.525781],[134.651172,7.712109],[134.59541,7.382031]]]]}},{"type":"Feature","properties":{"sigla":"PAK","nome":"Paquist\u00e3o"},"geometry":{"type":"Polygon","coordinates":[[[76.766895,35.661719],[77.048633,35.109912],[76.594434,34.73584],[73.96123,34.653467],[74.003809,33.189453],[75.333496,32.279199],[74.555566,31.818555],[74.632812,31.034668],[71.870313,27.9625],[70.403711,28.025049],[69.537012,27.122949],[71.044043,24.400098],[68.781152,24.313721],[68.115527,23.753369],[67.503613,23.940039],[66.324219,25.601807],[61.566895,25.186328],[61.842383,26.225928],[63.157813,26.649756],[63.301563,27.151465],[62.762988,27.250195],[62.758008,28.243555],[61.889844,28.546533],[60.843359,29.858691],[64.09873,29.391943],[66.23125,29.865723],[66.829297,31.263672],[69.279297,31.936816],[69.501563,33.020068],[70.261133,33.289014],[69.889648,34.007275],[71.051563,34.049707],[71.620508,35.183008],[71.185059,36.04209],[72.156738,36.700879],[75.145215,36.973242],[76.766895,35.661719]]]}},{"type":"Feature","properties":{"sigla":"OMN","nome":"Om\u00e3"},"geometry":{"type":"MultiPolygon","coordinates":[[[[58.72207,20.21875],[58.640918,20.210693],[58.641211,20.337354],[58.884375,20.680566],[58.950781,20.516162],[58.835156,20.423926],[58.72207,20.21875]]],[[[53.085645,16.648389],[51.977637,18.996143],[54.977344,19.995947],[55.641016,22.001855],[55.199902,23.034766],[55.468457,23.941113],[55.985156,24.063379],[55.795703,24.868115],[56.387988,24.979199],[57.123047,23.980713],[58.773047,23.517187],[59.8,22.219922],[58.474219,20.406885],[57.861816,20.244141],[57.811621,19.01709],[55.479102,17.843262],[55.06416,17.038916],[53.085645,16.648389]]],[[[56.297852,25.650684],[56.249512,25.625391],[56.144629,25.690527],[56.16748,26.047461],[56.080469,26.062646],[56.164453,26.207031],[56.305566,26.235205],[56.378711,26.356348],[56.429785,26.327197],[56.416406,26.10874],[56.373633,25.80459],[56.297852,25.650684]]],[[[56.281836,25.235547],[56.210547,25.213281],[56.234277,25.303809],[56.277344,25.300879],[56.281836,25.235547]]]]}},{"type":"Feature","properties":{"sigla":"NOR","nome":"Noruega"},"geometry":{"type":"MultiPolygon","coordinates":[[[[20.622168,69.036865],[20.116699,69.020898],[19.969824,68.356396],[18.303027,68.55542],[17.916699,67.964893],[16.783594,67.89502],[15.483789,66.305957],[14.543262,66.129346],[14.479688,65.301465],[13.650293,64.581543],[14.063281,64.095508],[12.175195,63.595947],[12.155371,61.720752],[12.880762,61.352295],[12.294141,61.002686],[12.486133,60.106787],[11.680762,59.592285],[11.642773,58.926074],[10.834473,59.183936],[10.595313,59.764551],[10.179395,59.009277],[7.004883,58.024219],[5.517285,58.726514],[6.363281,59.000928],[5.88916,59.097949],[6.403906,59.560986],[5.131641,59.226465],[6.995703,60.511963],[5.145801,59.638818],[5.688574,60.123193],[5.137109,60.445605],[5.64834,60.687988],[5.11582,60.635986],[5.008594,61.038184],[7.604492,61.210547],[5.106738,61.187549],[4.930078,61.87832],[6.730762,61.869775],[5.143164,62.159912],[8.095508,62.731836],[6.734961,62.720703],[7.571875,63.099512],[8.623145,62.84624],[8.158008,63.161523],[8.576172,63.601172],[10.760156,63.461279],[11.306641,64.048877],[10.055078,63.512695],[9.614746,63.794824],[12.915527,65.339258],[12.133887,65.27915],[12.783789,66.100439],[14.03418,66.297559],[13.118848,66.230664],[13.211426,66.64082],[15.415723,67.202441],[14.441699,67.271387],[15.594434,67.348535],[14.798926,67.809326],[17.552832,68.42627],[16.514355,68.532568],[18.259766,69.470605],[19.687012,69.804736],[19.641504,69.424023],[20.324219,69.945312],[20.107227,69.341211],[20.739453,69.520508],[20.62207,69.913916],[21.974707,69.83457],[21.355762,70.233398],[22.68457,70.374756],[23.353906,69.983398],[24.764746,71.008447],[25.781445,70.816797],[25.043848,70.109033],[26.506934,70.912793],[26.585059,70.41001],[26.989355,70.511377],[27.59707,71.091309],[28.392285,70.975293],[27.898047,70.67793],[28.271777,70.667969],[28.192969,70.248584],[28.831543,70.863965],[30.926367,70.401123],[28.781152,70.14541],[30.89668,69.56123],[28.96582,69.021973],[29.141602,69.671436],[27.747852,70.064844],[26.072461,69.691553],[24.941406,68.593262],[22.410938,68.719873],[21.59375,69.273584],[20.622168,69.036865]]],[[[4.958691,61.08457],[4.799023,61.082715],[4.824414,61.178223],[4.91543,61.199365],[4.973242,61.148242],[4.958691,61.08457]]],[[[5.08584,60.307568],[5.089063,60.18877],[4.996973,60.197754],[4.943555,60.272412],[4.957227,60.447266],[5.08584,60.307568]]],[[[29.956152,69.796777],[29.744238,69.791602],[29.83584,69.905566],[30.055176,69.838379],[29.956152,69.796777]]],[[[11.967969,65.626514],[11.901855,65.595703],[11.765137,65.630957],[11.875391,65.705908],[12.003223,65.679443],[11.967969,65.626514]]],[[[8.470801,63.667139],[8.287109,63.687158],[8.733398,63.801318],[8.80918,63.771436],[8.786523,63.703467],[8.470801,63.667139]]],[[[8.102734,63.337598],[7.888281,63.352344],[7.804004,63.413916],[8.073535,63.470801],[8.136133,63.431348],[8.102734,63.337598]]],[[[23.440527,70.815771],[23.068164,70.594092],[22.829102,70.541553],[22.358691,70.514795],[21.994531,70.657129],[22.963574,70.710986],[23.204688,70.815479],[23.440527,70.815771]]],[[[25.586328,71.14209],[26.146875,71.039502],[26.133789,70.995801],[25.760156,70.953809],[25.314941,71.034131],[25.586328,71.14209]]],[[[23.615332,70.549316],[23.641016,70.463965],[23.270703,70.296484],[23.100293,70.296094],[23.090625,70.377637],[22.917871,70.384668],[23.022461,70.486914],[23.248047,70.505127],[23.54668,70.61709],[23.615332,70.549316]]],[[[24.017578,70.567383],[23.827148,70.52749],[23.670117,70.59707],[23.663281,70.675244],[23.778418,70.747363],[23.956445,70.699609],[24.07832,70.650586],[24.017578,70.567383]]],[[[13.872852,68.265332],[14.118848,68.246826],[13.778418,68.10498],[13.495215,68.05166],[13.424219,68.082764],[13.391504,68.02124],[13.229395,67.995361],[13.199512,68.087256],[13.300195,68.160449],[13.428711,68.163232],[13.537988,68.249023],[13.872852,68.265332]]],[[[12.971777,67.874121],[12.824023,67.82124],[12.957715,68.015479],[13.068066,68.071338],[13.122852,68.049414],[13.098242,67.956445],[12.971777,67.874121]]],[[[15.207129,68.943115],[15.22207,68.616309],[14.373438,68.711426],[15.207129,68.943115]]],[[[19.76748,70.216699],[19.910449,70.201904],[20.088477,70.102051],[19.780859,70.077441],[19.599023,70.266162],[19.683789,70.273584],[19.76748,70.216699]]],[[[20.779199,70.089746],[20.642578,70.057031],[20.405078,70.119141],[20.492773,70.20332],[20.654883,70.230859],[20.819434,70.205469],[20.779199,70.089746]]],[[[19.255078,70.066406],[19.34375,70.011963],[19.499512,70.0479],[19.607813,70.019141],[19.592285,69.970166],[19.334766,69.820264],[19.007812,69.75957],[18.806934,69.639844],[18.784766,69.579004],[18.274121,69.535498],[18.061523,69.6021],[18.227441,69.635742],[18.349316,69.767871],[18.624316,69.813037],[18.674023,69.781641],[18.686523,69.890918],[18.883203,70.010547],[19.050977,70.037842],[19.060059,70.166602],[19.132715,70.244141],[19.212695,70.247461],[19.255078,70.066406]]],[[[12.50957,65.901953],[12.429492,65.899072],[12.430176,65.939941],[12.548828,66.001904],[12.778809,65.991699],[12.50957,65.901953]]],[[[12.419922,66.043262],[12.327344,66.036621],[12.461328,66.18501],[12.620801,66.17793],[12.576367,66.071924],[12.419922,66.043262]]],[[[11.231445,64.865869],[10.739844,64.870312],[11.020996,64.978711],[11.132617,64.976172],[11.246191,64.90791],[11.231445,64.865869]]],[[[17.503027,69.59624],[17.950684,69.198145],[16.810449,69.070703],[17.503027,69.59624]]],[[[15.760352,68.56123],[14.25752,68.190771],[15.892676,69.277881],[15.760352,68.56123]]],[[[-8.953564,70.83916],[-9.098877,70.854883],[-8.520801,71.030664],[-8.343701,71.140137],[-8.001367,71.177686],[-7.978809,71.116895],[-8.0021,71.04126],[-8.635352,70.94043],[-8.953564,70.83916]]],[[[19.219336,74.391016],[19.098535,74.352148],[18.797461,74.485693],[19.18291,74.51792],[19.274707,74.456738],[19.219336,74.391016]]],[[[26.875977,78.648926],[26.45957,78.720264],[26.407715,78.784326],[26.585938,78.811475],[26.78877,78.723975],[27.007617,78.69751],[26.875977,78.648926]]],[[[32.525977,80.119141],[31.481934,80.10791],[33.098633,80.228711],[33.629297,80.217432],[32.525977,80.119141]]],[[[21.608105,78.595703],[24.901855,77.756592],[22.801758,77.275781],[20.928125,77.459668],[21.653125,77.923535],[20.22793,78.477832],[21.608105,78.595703]]],[[[20.897852,80.249951],[22.289746,80.049219],[23.008008,80.473975],[27.198633,79.906592],[22.903711,79.230664],[18.324707,79.859717],[18.855957,80.036621],[17.916895,80.143115],[19.614355,80.462549],[20.897852,80.249951]]],[[[16.786719,79.906738],[21.38877,78.74043],[19.150488,78.379395],[16.700488,76.579297],[13.995703,77.508203],[16.914062,77.897998],[13.680566,78.028125],[17.171973,78.417139],[16.448633,78.503564],[16.782617,78.663623],[14.689258,78.720947],[13.150195,78.2375],[11.36543,78.950391],[12.40332,78.953223],[11.208105,79.129639],[10.682129,79.758252],[13.692871,79.860986],[12.555371,79.569482],[13.957227,79.339648],[14.831836,79.766406],[16.34375,78.976123],[15.825781,79.709033],[16.786719,79.906738]]],[[[11.250293,78.610693],[11.261719,78.541699],[11.424219,78.548584],[11.825684,78.436084],[12.116406,78.232568],[11.965039,78.224854],[11.586523,78.388232],[11.121289,78.463281],[10.628418,78.753857],[10.558203,78.90293],[10.96084,78.846387],[11.15293,78.724463],[11.078223,78.686035],[11.250293,78.610693]]],[[[18.741602,80.300928],[18.525,80.245605],[18.162207,80.288184],[18.291699,80.35835],[18.741602,80.300928]]],[[[29.04707,78.912061],[29.69668,78.904736],[29.310547,78.8521],[28.494531,78.887207],[28.037891,78.828711],[27.889063,78.852148],[28.511133,78.967334],[28.845215,78.97085],[29.04707,78.912061]]]]}},{"type":"Feature","properties":{"sigla":"PRK","nome":"Coreia do Norte"},"geometry":{"type":"MultiPolygon","coordinates":[[[[128.374609,38.623437],[126.633887,37.781836],[125.357813,37.724805],[124.690918,38.129199],[125.554492,38.68623],[125.168848,38.805518],[125.36084,39.526611],[124.386621,40.104248],[126.903516,41.781055],[128.149414,41.387744],[128.045215,41.9875],[128.923438,42.038232],[130.082617,42.97417],[130.687305,42.302539],[129.756348,41.712256],[129.708691,40.857324],[127.527441,39.695703],[127.394531,39.20791],[128.374609,38.623437]]],[[[124.905273,39.536279],[124.848926,39.507568],[124.846094,39.558887],[124.93457,39.607812],[124.905273,39.536279]]]]}},{"type":"Feature","properties":{"sigla":"NGA","nome":"Nig\u00e9ria"},"geometry":{"type":"MultiPolygon","coordinates":[[[[7.300781,4.418164],[7.14043,4.395117],[7.227344,4.527344],[7.32793,4.487207],[7.300781,4.418164]]],[[[13.606348,13.70459],[14.575391,11.532422],[13.699902,10.873145],[11.401758,6.533936],[10.143555,6.996436],[8.293066,4.557617],[7.076563,4.716162],[6.923242,4.390674],[6.767676,4.724707],[6.860352,4.37334],[6.17334,4.277393],[5.587793,4.647217],[5.456641,5.611719],[4.431348,6.348584],[2.706445,6.369238],[2.774805,9.048535],[3.783789,10.435889],[3.64668,12.52998],[4.421387,13.64751],[5.491992,13.872852],[6.937207,13.008203],[7.830469,13.340918],[9.615918,12.810645],[10.475879,13.330225],[12.463184,13.09375],[13.606348,13.70459]]]]}},{"type":"Feature","properties":{"sigla":"NER","nome":"N\u00edger"},"geometry":{"type":"Polygon","coordinates":[[[13.606348,13.70459],[12.463184,13.09375],[10.475879,13.330225],[9.615918,12.810645],[4.664844,13.733203],[3.64668,12.52998],[3.59541,11.696289],[2.805273,12.383838],[2.38916,11.89707],[2.10459,12.70127],[0.987305,13.041895],[1.201172,13.35752],[0.163867,14.497217],[0.228711,14.963672],[1.300195,15.272266],[3.504297,15.356348],[4.182129,16.581787],[4.227637,19.142773],[5.836621,19.47915],[11.967871,23.517871],[14.215527,22.619678],[14.978906,22.996289],[15.181836,21.523389],[15.963184,20.346191],[15.474316,16.908398],[13.448242,14.380664],[13.606348,13.70459]]]}},{"type":"Feature","properties":{"sigla":"NIC","nome":"Nicar\u00e1gua"},"geometry":{"type":"Polygon","coordinates":[[[-83.15752,14.993066],[-83.712939,10.785889],[-85.744336,11.062109],[-87.667529,12.903564],[-86.958887,13.053711],[-86.733643,13.763477],[-85.733936,13.858691],[-84.985156,14.752441],[-83.15752,14.993066]]]}},{"type":"Feature","properties":{"sigla":"NZL","nome":"Nova Zel\u00e2ndia"},"geometry":{"type":"MultiPolygon","coordinates":[[[[173.115332,-41.279297],[174.302539,-41.019531],[174.283105,-41.740625],[172.624023,-43.272461],[173.093945,-43.844141],[172.035547,-43.701758],[171.240723,-44.26416],[170.77627,-45.870898],[169.098633,-46.630664],[166.493164,-45.963867],[168.366602,-44.082031],[171.038379,-42.862109],[172.272754,-40.758691],[172.943652,-40.51875],[173.115332,-41.279297]]],[[[173.914648,-40.863672],[173.780859,-40.921777],[173.812402,-40.793652],[173.964453,-40.712988],[173.914648,-40.863672]]],[[[166.746289,-45.655859],[166.729199,-45.729688],[166.532031,-45.699805],[166.56709,-45.644434],[166.685645,-45.615039],[166.746289,-45.655859]]],[[[166.979492,-45.179688],[167.022656,-45.299805],[166.892676,-45.240527],[166.979492,-45.179688]]],[[[168.144922,-46.862207],[167.521973,-47.258691],[167.783984,-46.699805],[168.144922,-46.862207]]],[[[175.543164,-36.279297],[175.551172,-36.333887],[175.346191,-36.217773],[175.336621,-36.134766],[175.389551,-36.077734],[175.512598,-36.176953],[175.543164,-36.279297]]],[[[173.269434,-34.934766],[174.320312,-35.24668],[174.722461,-36.841211],[175.54248,-37.201367],[175.46084,-36.475684],[176.108398,-37.645117],[177.274023,-37.993457],[178.53623,-37.69209],[177.908789,-39.239551],[177.076758,-39.221777],[176.842188,-40.157813],[175.309766,-41.610645],[174.635352,-41.289453],[175.155957,-40.114941],[173.763672,-39.31875],[174.597363,-38.785059],[174.928027,-37.804492],[174.58584,-37.097754],[174.928906,-37.084766],[173.269434,-34.934766]]],[[[169.178223,-52.497266],[169.233496,-52.548242],[169.127539,-52.570312],[169.021777,-52.49541],[169.178223,-52.497266]]],[[[166.221094,-50.761523],[166.242871,-50.845703],[166.013281,-50.77793],[165.971387,-50.819531],[165.88916,-50.807715],[166.073828,-50.679004],[166.101367,-50.538965],[166.26748,-50.558594],[166.179492,-50.714648],[166.221094,-50.761523]]],[[[-176.177637,-43.740332],[-176.515527,-44.116602],[-176.847656,-43.823926],[-176.177637,-43.740332]]],[[[-176.176465,-44.32168],[-176.220801,-44.330566],[-176.229297,-44.236719],[-176.154687,-44.224512],[-176.122559,-44.268457],[-176.176465,-44.32168]]],[[[-172.47915,-8.580762],[-172.483691,-8.58291],[-172.497021,-8.546484],[-172.47915,-8.580762]]],[[[-171.186426,-9.355469],[-171.204443,-9.333301],[-171.194434,-9.33877],[-171.186426,-9.355469]]]]}},{"type":"Feature","properties":{"sigla":"NLD","nome":"Pa\u00edses Baixos"},"geometry":{"type":"MultiPolygon","coordinates":[[[[5.993945,50.750439],[5.030957,51.469092],[3.448926,51.540771],[4.274121,51.471631],[3.946875,51.810547],[4.76875,52.941309],[6.816211,53.441162],[7.197266,53.282275],[6.691602,52.530176],[7.019629,52.266016],[5.94873,51.802686],[5.993945,50.750439]]],[[[4.226172,51.386475],[4.172559,51.30708],[3.902051,51.207666],[3.580273,51.286182],[3.43252,51.245752],[3.350098,51.377686],[4.226172,51.386475]]],[[[6.333398,53.510742],[6.193262,53.476807],[6.159277,53.483936],[6.333398,53.510742]]],[[[5.929297,53.458838],[5.732031,53.442627],[5.654297,53.466504],[5.929297,53.458838]]],[[[5.108594,53.308008],[4.90791,53.24624],[5.027051,53.310205],[5.108594,53.308008]]],[[[5.325781,53.385742],[5.190234,53.391797],[5.582617,53.438086],[5.325781,53.385742]]],[[[4.886133,53.070703],[4.787109,52.999805],[4.70918,53.036035],[4.886426,53.183301],[4.886133,53.070703]]],[[[3.949121,51.739453],[4.075098,51.648779],[3.950977,51.627051],[3.699023,51.709912],[3.949121,51.739453]]],[[[6.734766,53.58252],[6.64209,53.579199],[6.800879,53.625488],[6.734766,53.58252]]],[[[-68.205811,12.14458],[-68.254346,12.03208],[-68.369238,12.301953],[-68.219482,12.23125],[-68.205811,12.14458]]],[[[-62.9375,17.495654],[-62.983105,17.476904],[-62.999609,17.530371],[-62.9375,17.495654]]],[[[-63.232666,17.623145],[-63.254492,17.628662],[-63.24165,17.651807],[-63.232666,17.623145]]]]}},{"type":"Feature","properties":{"sigla":"NPL","nome":"Nepal"},"geometry":{"type":"Polygon","coordinates":[[[88.109766,27.870605],[88.054883,26.430029],[87.287402,26.360303],[85.191797,26.766553],[84.091016,27.491357],[82.733398,27.518994],[80.05166,28.870312],[80.612891,29.955859],[81.854883,30.362402],[85.994531,27.9104],[88.109766,27.870605]]]}},{"type":"Feature","properties":{"sigla":"NRU","nome":"Nauru"},"geometry":{"type":"Polygon","coordinates":[[[166.958398,-0.516602],[166.938965,-0.550781],[166.907031,-0.52373],[166.958398,-0.516602]]]}},{"type":"Feature","properties":{"sigla":"NAM","nome":"Nam\u00edbia"},"geometry":{"type":"Polygon","coordinates":[[[23.380664,-17.640625],[25.258789,-17.793555],[23.599707,-18.459961],[23.219336,-17.999707],[20.974121,-18.318848],[20.970996,-22.000195],[19.977344,-22.000195],[19.980469,-28.45127],[18.102734,-28.87168],[17.05625,-28.031055],[16.447559,-28.617578],[15.287598,-27.275],[14.462793,-22.449121],[11.775879,-18.001758],[11.743066,-17.249219],[13.101172,-16.967676],[14.01748,-17.408887],[18.396387,-17.399414],[20.745508,-18.019727],[23.380664,-17.640625]]]}},{"type":"Feature","properties":{"sigla":"MOZ","nome":"Mo\u00e7ambique"},"geometry":{"type":"Polygon","coordinates":[[[31.287891,-22.402051],[32.992773,-19.984863],[32.948047,-16.712305],[30.409375,-15.978223],[30.231836,-14.990332],[33.201758,-14.013379],[33.636426,-14.568164],[34.375,-14.424805],[34.248242,-15.8875],[35.272559,-17.118457],[35.892773,-14.891797],[34.563672,-13.360156],[34.618555,-11.620215],[37.372852,-11.710449],[40.463574,-10.464355],[40.558984,-15.473438],[39.844629,-16.435645],[34.649414,-19.701367],[35.530078,-22.248145],[35.254883,-24.430273],[32.961133,-25.49043],[32.59043,-26.004102],[32.954883,-26.083594],[32.886133,-26.849316],[32.112891,-26.839453],[31.98584,-24.460645],[31.287891,-22.402051]],[[34.641602,-12.013672],[34.591406,-11.971094],[34.541602,-12.018652],[34.621777,-12.066602],[34.641602,-12.013672]],[[34.719336,-12.110645],[34.755957,-12.030762],[34.679883,-12.008887],[34.662109,-12.100781],[34.719336,-12.110645]]]}},{"type":"Feature","properties":{"sigla":"MAR","nome":"Marrocos"},"geometry":{"type":"Polygon","coordinates":[[[-2.219629,35.104199],[-1.225928,32.107227],[-3.768164,31.689551],[-3.666797,30.964014],[-8.265186,28.980518],[-8.678418,28.689404],[-8.794873,27.120703],[-11.392578,26.883398],[-12.431152,24.830664],[-13.891113,23.691016],[-14.750977,21.500586],[-17.003076,21.420703],[-14.413867,26.253711],[-13.575781,26.735107],[-12.948926,27.91416],[-11.552686,28.310107],[-10.200586,29.380371],[-9.66709,30.109277],[-9.808691,31.424609],[-9.24585,32.572461],[-6.900977,33.969043],[-5.924805,35.785791],[-5.277832,35.902734],[-4.62832,35.206396],[-2.219629,35.104199]]]}},{"type":"Feature","properties":{"sigla":"MNE","nome":"Montenegro"},"geometry":{"type":"Polygon","coordinates":[[[19.194336,43.533301],[20.347656,42.852783],[19.654492,42.628564],[19.342383,41.869092],[18.438086,42.522949],[19.194336,43.533301]]]}},{"type":"Feature","properties":{"sigla":"MNG","nome":"Mong\u00f3lia"},"geometry":{"type":"Polygon","coordinates":[[[87.814258,49.162305],[92.354785,50.86416],[94.251074,50.556396],[94.614746,50.02373],[97.359766,49.741455],[98.250293,50.302441],[97.835742,51.05166],[98.893164,52.117285],[102.111523,51.353467],[102.288379,50.585107],[103.304395,50.200293],[106.711133,50.312598],[108.613672,49.322803],[110.709766,49.142969],[114.29707,50.274414],[116.351172,49.978076],[116.683301,49.823779],[115.616406,47.874805],[118.498438,47.983984],[119.895898,46.732861],[117.438086,46.58623],[113.587012,44.745703],[111.898047,45.064062],[111.402246,44.367285],[111.933203,43.711426],[110.400391,42.773682],[104.982031,41.595508],[101.495313,42.53877],[96.385449,42.720361],[95.350293,44.278076],[90.877246,45.196094],[91.028906,46.566064],[90.330664,47.655176],[87.979688,48.555127],[87.814258,49.162305]]]}},{"type":"Feature","properties":{"sigla":"MDA","nome":"Mold\u00e1via"},"geometry":{"type":"Polygon","coordinates":[[[26.618945,48.259863],[27.549219,48.477734],[29.125391,47.964551],[30.131055,46.423096],[28.958398,46.458496],[28.2125,45.450439],[28.071777,46.978418],[26.618945,48.259863]]]}},{"type":"Feature","properties":{"sigla":"MCO","nome":"M\u00f4naco"},"geometry":{"type":"Polygon","coordinates":[[[7.438672,43.750439],[7.377734,43.731738],[7.39502,43.765332],[7.438672,43.750439]]]}},{"type":"Feature","properties":{"sigla":"MEX","nome":"M\u00e9xico"},"geometry":{"type":"MultiPolygon","coordinates":[[[[-117.128271,32.53335],[-114.724756,32.715332],[-111.041992,31.324219],[-106.453223,31.770166],[-104.917871,30.58335],[-104.400635,29.57373],[-103.257715,29.001123],[-102.614941,29.752344],[-101.440381,29.776855],[-99.505322,27.54834],[-99.107764,26.446924],[-97.14624,25.961475],[-97.84248,22.510303],[-95.920361,18.81958],[-94.459766,18.16665],[-92.441016,18.675293],[-91.533984,18.456543],[-90.739258,19.352246],[-90.353125,21.009424],[-87.128467,21.621484],[-86.771777,21.150537],[-87.687695,19.637109],[-87.804102,18.35708],[-88.073779,18.834473],[-89.161475,17.814844],[-90.98916,17.816406],[-90.992969,17.252441],[-91.409619,17.255859],[-90.447168,16.072705],[-91.736572,16.070166],[-92.235156,14.54541],[-94.37417,16.284766],[-94.00127,16.018945],[-94.900439,16.41748],[-96.51084,15.651904],[-103.441602,18.325391],[-105.48208,19.976074],[-105.208691,21.49082],[-105.791797,22.62749],[-108.051465,25.067041],[-109.384961,25.727148],[-109.27627,26.533887],[-112.161768,29.018896],[-113.046729,31.179248],[-114.933594,31.900732],[-114.649756,30.238135],[-111.569678,26.707617],[-110.659326,24.341455],[-109.42085,23.480127],[-110.00625,22.894043],[-112.072559,24.840039],[-112.377246,26.213916],[-114.993506,27.736035],[-114.069336,27.675684],[-114.048486,28.426172],[-115.673828,29.756396],[-117.128271,32.53335]]],[[[-86.939648,20.30332],[-86.991406,20.272168],[-87.019434,20.382324],[-86.977979,20.489795],[-86.927832,20.551514],[-86.763281,20.579053],[-86.939648,20.30332]]],[[[-106.502246,21.61084],[-106.531348,21.528516],[-106.607031,21.561475],[-106.639355,21.697852],[-106.536426,21.676367],[-106.502246,21.61084]]],[[[-110.914453,18.741455],[-110.974805,18.720361],[-111.063672,18.781641],[-110.989404,18.863135],[-110.914453,18.741455]]],[[[-110.567383,25.003467],[-110.538867,24.891553],[-110.657422,24.968848],[-110.699268,25.081445],[-110.567383,25.003467]]],[[[-113.155615,29.052246],[-113.496338,29.307617],[-113.580615,29.413232],[-113.587207,29.573047],[-113.415918,29.485937],[-113.373828,29.338916],[-113.202148,29.301855],[-113.155615,29.052246]]],[[[-115.170605,28.069385],[-115.184277,28.037256],[-115.35293,28.103955],[-115.2604,28.220557],[-115.273975,28.342773],[-115.233545,28.368359],[-115.148535,28.172119],[-115.170605,28.069385]]],[[[-112.203076,29.005322],[-112.278418,28.769336],[-112.514062,28.847607],[-112.469824,29.167725],[-112.423535,29.203662],[-112.285059,29.24043],[-112.203076,29.005322]]],[[[-118.242773,28.941943],[-118.285498,28.90376],[-118.400098,29.112305],[-118.367822,29.187598],[-118.312305,29.182861],[-118.242773,28.941943]]],[[[-86.714014,21.239307],[-86.696289,21.191016],[-86.752881,21.278809],[-86.714014,21.239307]]],[[[-91.683691,18.677344],[-91.816113,18.675879],[-91.589111,18.778027],[-91.536719,18.76001],[-91.683691,18.677344]]],[[[-109.805078,24.151074],[-109.87793,24.200635],[-109.890332,24.344824],[-109.805078,24.151074]]],[[[-114.694141,31.705615],[-114.789209,31.747412],[-114.78457,31.789795],[-114.694141,31.705615]]],[[[-111.100293,26.020605],[-111.094434,25.974072],[-111.135254,25.99917],[-111.224658,25.835889],[-111.18291,26.040625],[-111.090869,26.075684],[-111.100293,26.020605]]],[[[-111.698877,24.393604],[-111.712305,24.346387],[-112.013281,24.533398],[-111.856836,24.537988],[-111.698877,24.393604]]],[[[-112.057275,24.545703],[-112.162891,24.650293],[-112.175488,24.72959],[-112.296777,24.789648],[-112.159424,25.285645],[-112.131689,25.224365],[-112.19502,24.841064],[-112.057275,24.545703]]]]}},{"type":"Feature","properties":{"sigla":"MRT","nome":"Maurit\u00e2nia"},"geometry":{"type":"MultiPolygon","coordinates":[[[[-16.37334,19.706445],[-16.437549,19.609277],[-16.477002,19.710352],[-16.343652,19.866211],[-16.37334,19.706445]]],[[[-12.280615,14.809033],[-14.53374,16.655957],[-16.239014,16.531299],[-16.535254,15.838379],[-16.046729,18.223145],[-16.514453,19.361963],[-16.210449,20.22793],[-16.92793,21.114795],[-17.048047,20.806152],[-16.964551,21.329248],[-13.016211,21.333936],[-13.153271,22.820508],[-12.023438,23.467578],[-12.016309,25.99541],[-8.682227,25.995508],[-8.68335,27.285937],[-4.822607,24.995605],[-6.594092,24.994629],[-5.5125,15.496289],[-9.350586,15.677393],[-10.948242,15.151123],[-11.502686,15.636816],[-12.280615,14.809033]]]]}},{"type":"Feature","properties":{"sigla":"MLT","nome":"Malta"},"geometry":{"type":"MultiPolygon","coordinates":[[[[14.566211,35.852734],[14.436426,35.82168],[14.352344,35.872266],[14.35127,35.978418],[14.44834,35.957422],[14.566211,35.852734]]],[[[14.313477,36.027588],[14.180371,36.0604],[14.263281,36.075781],[14.313477,36.027588]]]]}},{"type":"Feature","properties":{"sigla":"MLI","nome":"Mali"},"geometry":{"type":"Polygon","coordinates":[[[-11.389404,12.404395],[-12.280615,14.809033],[-11.502686,15.636816],[-10.948242,15.151123],[-9.350586,15.677393],[-5.5125,15.496289],[-6.594092,24.994629],[-4.822607,24.995605],[1.753223,20.331592],[3.130273,19.850195],[3.255957,19.013281],[4.227637,19.142773],[4.182129,16.581787],[3.504297,15.356348],[-0.666455,15.069775],[-2.586719,14.227588],[-3.301758,13.280762],[-4.328711,13.119043],[-4.428711,12.337598],[-5.288135,11.82793],[-5.523535,10.426025],[-6.03457,10.194824],[-6.261133,10.724072],[-7.01709,10.143262],[-7.990625,10.1625],[-9.120459,12.449951],[-10.709229,11.89873],[-11.389404,12.404395]]]}},{"type":"Feature","properties":{"sigla":"MYS","nome":"Mal\u00e1sia"},"geometry":{"type":"MultiPolygon","coordinates":[[[[100.119141,6.441992],[101.053516,6.242578],[101.113965,5.636768],[102.274023,6.203418],[103.09707,5.408447],[103.439453,2.933105],[104.250098,1.388574],[103.480273,1.329492],[101.295508,2.885205],[100.119141,6.441992]]],[[[117.574414,4.170605],[115.678809,4.193018],[114.5125,1.452002],[112.476172,1.559082],[110.505762,0.861963],[109.548926,1.84834],[111.223242,1.39585],[111.242188,2.435742],[113.044727,3.205225],[114.0125,4.575244],[114.654102,4.037646],[115.026758,4.899707],[115.319238,4.365283],[115.419043,5.413184],[116.776172,6.990234],[116.788086,6.606104],[117.128516,6.968896],[117.645703,6.473682],[117.501172,5.884668],[118.003809,6.05332],[117.973633,5.70625],[119.255566,5.365918],[118.260547,4.988867],[118.54834,4.379248],[117.574414,4.170605]]],[[[104.221582,2.731738],[104.146875,2.728223],[104.129102,2.767236],[104.184766,2.871729],[104.221582,2.731738]]],[[[100.288965,5.294727],[100.191016,5.282861],[100.203906,5.446875],[100.245508,5.467773],[100.338867,5.410059],[100.288965,5.294727]]],[[[99.848047,6.465723],[99.918652,6.358594],[99.74375,6.263281],[99.646289,6.418359],[99.749219,6.409619],[99.848047,6.465723]]],[[[117.141602,7.168213],[117.080664,7.115283],[117.064258,7.260693],[117.146875,7.337012],[117.264063,7.35166],[117.266797,7.220801],[117.141602,7.168213]]],[[[101.318555,2.988477],[101.268066,2.97041],[101.31123,3.067383],[101.318555,2.988477]]],[[[111.389258,2.415332],[111.311523,2.437598],[111.300391,2.741162],[111.333496,2.768311],[111.37832,2.709326],[111.389258,2.415332]]],[[[117.884766,4.186133],[117.649023,4.168994],[117.662109,4.250195],[117.708008,4.262402],[117.884766,4.186133]]]]}},{"type":"Feature","properties":{"sigla":"MWI","nome":"Malawi"},"geometry":{"type":"MultiPolygon","coordinates":[[[[34.719336,-12.110645],[34.662109,-12.100781],[34.679883,-12.008887],[34.755957,-12.030762],[34.719336,-12.110645]]],[[[34.641602,-12.013672],[34.621777,-12.066602],[34.541602,-12.018652],[34.591406,-11.971094],[34.641602,-12.013672]]],[[[33.201758,-14.013379],[32.67041,-13.59043],[33.512305,-12.347754],[33.261328,-10.893359],[33.661523,-10.553125],[32.974023,-9.39502],[34.524219,-10.030176],[34.959473,-11.578125],[34.357813,-12.164746],[34.563672,-13.360156],[35.892773,-14.891797],[35.124609,-17.127246],[34.248242,-15.8875],[34.505273,-14.598145],[33.636426,-14.568164],[33.201758,-14.013379]]]]}},{"type":"Feature","properties":{"sigla":"MDG","nome":"Madag\u00e1scar"},"geometry":{"type":"MultiPolygon","coordinates":[[[[49.538281,-12.432129],[50.40459,-15.629102],[50.184961,-15.957813],[49.664355,-15.521582],[49.362891,-18.336328],[47.177344,-24.787207],[45.115234,-25.543066],[44.035352,-24.995703],[43.264844,-22.383594],[44.404688,-19.92207],[43.979395,-17.391602],[44.476172,-16.217285],[46.399609,-15.924609],[47.351953,-14.766113],[47.96416,-14.672559],[47.941016,-13.662402],[48.796484,-13.26748],[49.207031,-12.07959],[49.538281,-12.432129]]],[[[48.342188,-13.363867],[48.343555,-13.400391],[48.211914,-13.385254],[48.191211,-13.259961],[48.308887,-13.198242],[48.342188,-13.363867]]],[[[49.936426,-16.90293],[49.824023,-17.086523],[49.855664,-16.933203],[50.023047,-16.695312],[49.936426,-16.90293]]]]}},{"type":"Feature","properties":{"sigla":"MKD","nome":"Maced\u00f4nia do Norte"},"geometry":{"type":"Polygon","coordinates":[[[21.5625,42.24751],[22.796094,42.025684],[22.929688,41.356104],[20.74082,40.905273],[20.553125,41.862354],[21.5625,42.24751]]]}},{"type":"Feature","properties":{"sigla":"LUX","nome":"Luxemburgo"},"geometry":{"type":"Polygon","coordinates":[[[6.116504,50.120996],[6.344336,49.452734],[5.789746,49.538281],[6.116504,50.120996]]]}},{"type":"Feature","properties":{"sigla":"LTU","nome":"Litu\u00e2nia"},"geometry":{"type":"MultiPolygon","coordinates":[[[[20.957813,55.278906],[20.899805,55.28667],[21.014063,55.401953],[21.114844,55.616504],[21.103906,55.487744],[20.957813,55.278906]]],[[[22.766211,54.356787],[22.567285,55.059131],[21.235742,55.264111],[21.046094,56.070068],[21.653516,56.314551],[24.841016,56.411182],[26.775684,55.273096],[25.859277,54.919287],[25.680566,54.140479],[23.559082,53.919824],[22.766211,54.356787]]]]}},{"type":"Feature","properties":{"sigla":"LIE","nome":"Liechtenstein"},"geometry":{"type":"Polygon","coordinates":[[[9.580273,47.057373],[9.487695,47.062256],[9.527539,47.270752],[9.610547,47.107129],[9.580273,47.057373]]]}},{"type":"Feature","properties":{"sigla":"LBY","nome":"L\u00edbia"},"geometry":{"type":"Polygon","coordinates":[[[9.51875,30.229395],[10.216406,30.783203],[10.274609,31.684961],[11.50498,32.413672],[11.50459,33.181934],[15.176563,32.391162],[15.705957,31.426416],[19.12373,30.266113],[20.111523,30.963721],[20.030957,32.107861],[21.062305,32.775537],[22.187402,32.918262],[23.286328,32.213818],[24.950684,31.953711],[24.979492,20.002588],[23.980273,19.995947],[23.980273,19.496631],[15.984082,23.445215],[14.215527,22.619678],[11.967871,23.517871],[11.507617,24.314355],[10.325781,24.530225],[9.422363,26.14707],[9.894434,26.847949],[9.51875,30.229395]]]}},{"type":"Feature","properties":{"sigla":"LBR","nome":"Lib\u00e9ria"},"geometry":{"type":"Polygon","coordinates":[[[-11.50752,6.906543],[-10.283203,8.485156],[-9.663574,8.473535],[-9.463818,7.415869],[-8.889648,7.262695],[-8.578857,7.677051],[-8.603564,6.507812],[-7.454395,5.841309],[-7.544971,4.351318],[-11.50752,6.906543]]]}},{"type":"Feature","properties":{"sigla":"LSO","nome":"Lesoto"},"geometry":{"type":"Polygon","coordinates":[[[28.736914,-30.101953],[27.753125,-30.6],[27.056934,-29.625586],[28.625781,-28.581738],[29.390723,-29.269727],[28.736914,-30.101953]]]}},{"type":"Feature","properties":{"sigla":"LBN","nome":"L\u00edbano"},"geometry":{"type":"Polygon","coordinates":[[[35.97627,34.629199],[36.584961,34.22124],[35.108594,33.083691],[35.97627,34.629199]]]}},{"type":"Feature","properties":{"sigla":"LVA","nome":"Let\u00f4nia"},"geometry":{"type":"Polygon","coordinates":[[[26.593555,55.667529],[24.841016,56.411182],[21.046094,56.070068],[21.031445,56.636572],[21.728711,57.570996],[22.55459,57.724268],[23.647754,56.971045],[24.382617,57.250049],[24.322559,57.870605],[25.340039,58.039453],[27.828613,57.293311],[27.639453,56.845654],[28.147949,56.14292],[26.593555,55.667529]]]}},{"type":"Feature","properties":{"sigla":"LAO","nome":"Laos"},"geometry":{"type":"Polygon","coordinates":[[[102.127441,22.379199],[102.949609,21.681348],[103.104492,20.89165],[104.583203,20.64668],[104.92793,20.018115],[103.891602,19.30498],[105.146484,18.650977],[107.396387,16.043018],[107.414746,14.562891],[106.225391,14.476221],[106.066797,13.921191],[105.245703,14.200537],[105.641016,15.656543],[103.949609,18.318994],[103.288281,18.408398],[102.660645,17.817969],[102.101465,18.210645],[100.908496,17.583887],[101.211914,19.54834],[100.420117,19.644482],[100.183887,20.589111],[101.138867,21.56748],[101.800586,21.212598],[101.524512,22.253662],[102.127441,22.379199]]]}},{"type":"Feature","properties":{"sigla":"KGZ","nome":"Quirguist\u00e3o"},"geometry":{"type":"Polygon","coordinates":[[[70.958008,40.238867],[73.136914,40.810645],[71.664941,41.541211],[71.393066,41.123389],[70.176953,41.53999],[71.228516,42.162891],[70.892871,42.33999],[71.42207,42.783154],[73.492969,42.409033],[73.55625,43.002783],[74.209082,43.240381],[79.12666,42.775732],[80.246191,42.059814],[78.123438,41.075635],[76.907715,41.02417],[76.318555,40.352246],[74.835156,40.482617],[73.715723,39.462256],[69.297656,39.524805],[69.530273,40.097314],[70.958008,40.238867]],[[71.206152,39.892578],[71.179297,39.979834],[71.228711,40.048145],[71.080371,40.079883],[71.024121,40.14917],[70.97627,40.133252],[70.974414,40.038867],[71.044824,39.992529],[71.011719,39.895117],[71.206152,39.892578]],[[71.779688,39.950244],[71.789941,39.995312],[71.668945,39.946094],[71.75293,39.907129],[71.779688,39.950244]],[[70.70166,39.825293],[70.482813,39.882715],[70.55957,39.790918],[70.70166,39.825293]]]}},{"type":"Feature","properties":{"sigla":"KWT","nome":"Kuwait"},"geometry":{"type":"MultiPolygon","coordinates":[[[[48.275391,29.624316],[48.179688,29.611426],[48.081445,29.798926],[48.184766,29.978857],[48.348242,29.782666],[48.275391,29.624316]]],[[[48.44248,28.54292],[46.531445,29.09624],[47.148242,30.000977],[47.753906,30.076611],[48.143457,29.572461],[47.722656,29.393018],[48.44248,28.54292]]]]}},{"type":"Feature","properties":{"sigla":"KOS","nome":"Kosovo"},"geometry":{"type":"Polygon","coordinates":[[[20.344336,42.82793],[20.800586,43.261084],[21.752148,42.651514],[20.578516,41.866211],[20.063965,42.547266],[20.344336,42.82793]]]}},{"type":"Feature","properties":{"sigla":"KIR","nome":"Kiribati"},"geometry":{"type":"MultiPolygon","coordinates":[[[[172.969629,3.129199],[172.887109,3.10127],[172.9625,3.148779],[172.969629,3.129199]]],[[[172.844238,3.051221],[172.750488,3.033057],[172.887109,3.073975],[172.844238,3.051221]]],[[[173.01875,1.845703],[173.023633,1.822559],[172.934766,1.943701],[173.01875,1.845703]]],[[[173.029395,1.717383],[172.993262,1.713086],[173.023633,1.809326],[173.029395,1.717383]]],[[[173.032813,1.013135],[173.086523,0.973437],[172.991113,0.835449],[173.065039,0.962695],[172.990039,1.025098],[173.032813,1.013135]]],[[[174.508691,-0.801758],[174.476367,-0.829004],[174.452734,-0.64707],[174.381055,-0.591797],[174.474805,-0.642188],[174.508691,-0.801758]]],[[[174.773242,-1.211914],[174.778906,-1.263379],[174.716797,-1.133691],[174.773242,-1.211914]]],[[[173.038379,1.34209],[173.011328,1.338379],[173.171875,1.375146],[173.038379,1.34209]]],[[[169.551074,-0.87373],[169.525586,-0.852637],[169.555273,-0.856543],[169.551074,-0.87373]]],[[[-172.214551,-4.511133],[-172.180957,-4.514844],[-172.22832,-4.507031],[-172.197852,-4.491699],[-172.214551,-4.511133]]],[[[-171.085156,-3.135449],[-171.096729,-3.136914],[-171.087695,-3.115039],[-171.085156,-3.135449]]],[[[-171.233203,-4.463477],[-171.261963,-4.449219],[-171.239404,-4.444141],[-171.233203,-4.463477]]],[[[-174.512939,-4.675098],[-174.501025,-4.694727],[-174.54082,-4.657324],[-174.512939,-4.675098]]],[[[-154.95625,-4.087988],[-155.015039,-4.048047],[-154.951221,-4.031055],[-154.95625,-4.087988]]],[[[-151.782617,-11.441016],[-151.806689,-11.45127],[-151.813281,-11.391797],[-151.782617,-11.441016]]],[[[-155.863818,-5.62666],[-155.914355,-5.631641],[-155.928613,-5.607617],[-155.863818,-5.62666]]],[[[-157.342139,1.855566],[-157.175781,1.739844],[-157.420117,1.787549],[-157.578955,1.902051],[-157.531494,1.926855],[-157.43584,1.847266],[-157.365186,1.946094],[-157.492188,2.029297],[-157.441895,2.025049],[-157.321875,1.968555],[-157.342139,1.855566]]],[[[-159.339063,3.923535],[-159.259326,3.839209],[-159.274756,3.796582],[-159.35874,3.815332],[-159.30625,3.838379],[-159.354199,3.880518],[-159.377783,3.846631],[-159.409033,3.873242],[-159.339063,3.923535]]],[[[-171.697607,-2.766406],[-171.628418,-2.855859],[-171.696094,-2.825684],[-171.638525,-2.84668],[-171.724805,-2.781348],[-171.697607,-2.766406]]]]}},{"type":"Feature","properties":{"sigla":"KEN","nome":"Qu\u00eania"},"geometry":{"type":"MultiPolygon","coordinates":[[[[40.994434,-2.158398],[40.957324,-2.167285],[40.976465,-2.109766],[41.086035,-2.036523],[41.130664,-2.053027],[40.994434,-2.158398]]],[[[33.903223,-1.002051],[33.943164,0.173779],[34.978223,1.773633],[33.976074,4.220215],[35.268359,5.492285],[36.021973,4.468115],[38.086133,3.648828],[39.494434,3.456104],[40.765234,4.273047],[41.883984,3.977734],[40.964453,2.814648],[40.978711,-0.870313],[41.532715,-1.695312],[40.222461,-2.688379],[39.376953,-4.625488],[37.797266,-3.674414],[37.643848,-3.04541],[33.903223,-1.002051]]]]}},{"type":"Feature","properties":{"sigla":"KAZ","nome":"Cazaquist\u00e3o"},"geometry":{"type":"MultiPolygon","coordinates":[[[[50.184473,44.854639],[50.095313,44.830615],[49.995117,44.936963],[50.023047,45.044727],[50.109863,45.081934],[50.038867,44.949121],[50.184473,44.854639]]],[[[50.311719,44.97207],[50.277246,44.958594],[50.256152,45.022412],[50.349707,45.083008],[50.311719,44.97207]]],[[[52.682422,45.411816],[52.554297,45.473975],[52.65957,45.518066],[52.682422,45.411816]]],[[[70.946777,42.248682],[68.415039,40.619434],[67.935742,41.196582],[66.709668,41.17915],[66.498633,41.994873],[66.00957,42.004883],[66.100293,42.99082],[64.905469,43.714697],[61.990234,43.492139],[58.555273,45.555371],[55.975684,44.994922],[55.977441,41.322217],[54.120996,42.335205],[52.493848,41.780371],[52.596582,42.760156],[51.29541,43.174121],[50.25293,44.461523],[51.543555,44.531006],[51.009375,44.921826],[51.415723,45.357861],[53.200391,45.331982],[52.773828,45.572754],[53.069434,46.856055],[51.178027,47.110156],[49.232227,46.337158],[48.610156,46.566455],[48.959375,46.774609],[48.166992,47.708789],[47.292383,47.740918],[46.660938,48.412256],[46.823145,49.502246],[47.503613,50.402734],[48.758984,49.92832],[48.625098,50.612695],[50.793945,51.729199],[53.338086,51.482373],[54.555273,50.535791],[54.641602,51.011572],[55.68623,50.582861],[57.838867,51.09165],[59.523047,50.492871],[60.942285,50.695508],[61.554688,51.324609],[60.030273,51.933252],[60.994531,52.336865],[61.047461,52.972461],[62.082715,53.00542],[61.199219,53.287158],[61.534961,53.523291],[60.979492,53.621729],[61.231055,54.019482],[65.088379,54.340186],[68.977246,55.3896],[70.738086,55.305176],[71.093164,54.212207],[73.712402,54.042383],[73.406934,53.447559],[76.837305,54.442383],[76.484766,54.022559],[77.859961,53.269189],[79.98623,50.774561],[80.735254,51.293408],[81.465918,50.739844],[83.357324,50.99458],[85.232617,49.61582],[86.675488,49.777295],[87.322852,49.085791],[85.749414,48.385059],[85.484766,47.063525],[83.029492,47.185937],[82.315234,45.594922],[82.521484,45.125488],[79.871875,44.883789],[80.481543,44.714648],[80.785742,43.161572],[80.209375,42.190039],[79.12666,42.775732],[74.209082,43.240381],[73.55625,43.002783],[73.492969,42.409033],[71.760547,42.821484],[70.946777,42.248682]]]]}},{"type":"Feature","properties":{"sigla":"JOR","nome":"Jord\u00e2nia"},"geometry":{"type":"Polygon","coordinates":[[[35.787305,32.734912],[36.818359,32.317285],[38.773535,33.372217],[39.292773,32.243848],[36.958594,31.491504],[37.980078,30.5],[36.01543,29.190479],[34.950781,29.353516],[35.787305,32.734912]]]}},{"type":"Feature","properties":{"sigla":"JPN","nome":"Jap\u00e3o"},"geometry":{"type":"MultiPolygon","coordinates":[[[[133.370508,36.203857],[133.239258,36.17876],[133.189941,36.232617],[133.206152,36.293408],[133.295703,36.340137],[133.370508,36.203857]]],[[[138.344043,37.822119],[138.225195,37.829395],[138.282813,37.854199],[138.322266,37.969531],[138.246191,37.99458],[138.25,38.078467],[138.503613,38.315918],[138.453613,38.075684],[138.575195,38.065527],[138.496973,37.903906],[138.344043,37.822119]]],[[[134.932813,34.288135],[134.824414,34.20293],[134.730664,34.208887],[134.667871,34.294141],[134.834277,34.472656],[135.004688,34.544043],[134.905469,34.398291],[134.932813,34.288135]]],[[[130.622754,30.262988],[130.445605,30.264697],[130.388086,30.388184],[130.497168,30.465527],[130.643555,30.388965],[130.673242,30.366895],[130.622754,30.262988]]],[[[130.959766,30.396924],[130.872168,30.386328],[130.870313,30.444238],[130.947363,30.671191],[131.060352,30.828467],[131.057422,30.64248],[130.959766,30.396924]]],[[[130.08252,32.229687],[130.003516,32.193994],[129.960156,32.24375],[130.017285,32.291846],[129.979297,32.346191],[130.009766,32.521631],[130.167773,32.541211],[130.199512,32.340576],[130.08252,32.229687]]],[[[129.279492,34.123389],[129.214453,34.082812],[129.186426,34.14502],[129.214844,34.320654],[129.337109,34.284766],[129.279492,34.123389]]],[[[129.385645,34.353662],[129.365332,34.305518],[129.266699,34.370459],[129.325879,34.607275],[129.451074,34.686572],[129.475391,34.54043],[129.381445,34.416455],[129.385645,34.353662]]],[[[128.665332,32.783887],[128.838574,32.762891],[128.894531,32.652148],[128.750488,32.586133],[128.692969,32.604736],[128.649121,32.662012],[128.665332,32.783887]]],[[[130.381055,32.42373],[130.241699,32.462793],[130.36543,32.527197],[130.461426,32.515723],[130.381055,32.42373]]],[[[141.072754,45.332861],[141.033984,45.269336],[140.97168,45.465479],[141.056738,45.449561],[141.072754,45.332861]]],[[[141.29541,45.119336],[141.145313,45.153906],[141.135352,45.206201],[141.251855,45.232471],[141.329199,45.150488],[141.29541,45.119336]]],[[[139.48125,42.081006],[139.43457,42.084082],[139.431348,42.199561],[139.558398,42.235205],[139.48125,42.081006]]],[[[134.351855,34.483643],[134.251855,34.423047],[134.182129,34.519238],[134.325977,34.534375],[134.372266,34.522363],[134.351855,34.483643]]],[[[139.456445,34.726514],[139.445703,34.679541],[139.392383,34.689893],[139.37002,34.775439],[139.456445,34.726514]]],[[[129.076953,32.840283],[128.997266,32.951855],[129.109766,33.132568],[129.181934,32.993115],[129.076953,32.840283]]],[[[129.491797,33.223047],[129.37041,33.176025],[129.461914,33.33125],[129.569922,33.361035],[129.491797,33.223047]]],[[[129.795703,33.748828],[129.726562,33.707324],[129.674805,33.739697],[129.717285,33.858398],[129.776367,33.829199],[129.795703,33.748828]]],[[[132.578418,34.115186],[132.549414,34.075098],[132.460938,34.087256],[132.543457,34.172656],[132.578418,34.115186]]],[[[132.266016,33.945166],[132.444922,33.913184],[132.359961,33.847021],[132.208789,33.872852],[132.208008,33.947803],[132.266016,33.945166]]],[[[129.717969,31.657129],[129.686816,31.639648],[129.706836,31.718262],[129.787305,31.787109],[129.717969,31.657129]]],[[[142.188184,26.616504],[142.107129,26.721533],[142.161719,26.709961],[142.188184,26.616504]]],[[[143.824316,44.116992],[144.715234,43.927979],[145.369531,44.327393],[145.139648,43.6625],[145.833008,43.385937],[143.969336,42.881396],[143.236523,42.000195],[140.480469,42.559375],[141.150977,41.805078],[140.036621,41.473779],[139.860156,42.581738],[140.392383,43.303125],[141.374121,43.279639],[141.667969,45.40127],[143.824316,44.116992]]],[[[131.174609,33.602588],[131.696289,33.602832],[132.002148,32.882373],[131.337207,31.404687],[130.685742,31.015137],[130.77627,31.706299],[130.58877,31.178516],[130.147266,31.408496],[130.547266,32.831592],[130.2375,33.177637],[130.34043,32.701855],[129.768555,32.570996],[129.580078,33.236279],[130.715625,33.927783],[131.174609,33.602588]]],[[[134.357422,34.256348],[134.738867,33.820508],[134.181641,33.247217],[133.632031,33.510986],[132.804297,32.752002],[132.412793,33.430469],[132.032617,33.33999],[132.935156,34.095312],[134.357422,34.256348]]],[[[141.229297,41.372656],[141.976953,39.428809],[140.962109,38.148877],[140.573535,36.231348],[140.874023,35.724951],[140.354688,35.181445],[139.843945,34.914893],[139.834766,35.658057],[138.8375,34.619238],[138.719629,35.124072],[138.189063,34.596338],[137.061719,34.582812],[136.804199,35.050293],[136.853711,34.324072],[135.695312,33.486963],[135.12793,34.006982],[135.415918,34.61748],[134.740039,34.765234],[132.312598,34.324951],[132.146484,33.83877],[130.918848,33.975732],[132.922949,35.511279],[135.903125,35.606885],[136.843457,37.382129],[137.322656,37.52207],[136.899902,37.117676],[137.246289,36.753174],[138.319922,37.218408],[139.801953,38.881592],[139.966699,40.672754],[140.385938,41.229785],[141.118555,40.882275],[141.244238,41.205615],[140.801855,41.253662],[141.229297,41.372656]]],[[[124.293164,24.515918],[124.234277,24.358057],[124.135742,24.347607],[124.084766,24.43584],[124.210547,24.458643],[124.301953,24.587109],[124.293164,24.515918]]],[[[123.888672,24.280127],[123.679785,24.317773],[123.752344,24.348486],[123.771484,24.414453],[123.934863,24.362012],[123.888672,24.280127]]],[[[125.444141,24.743164],[125.268945,24.73252],[125.283594,24.871924],[125.444141,24.743164]]],[[[128.258789,26.652783],[127.86709,26.44248],[127.904785,26.328125],[127.790137,26.255078],[127.803613,26.152539],[127.653125,26.094727],[127.728906,26.433936],[127.945508,26.593945],[127.89082,26.631055],[127.907227,26.693604],[128.046777,26.643311],[128.097656,26.667773],[128.254883,26.881885],[128.331641,26.812109],[128.258789,26.652783]]],[[[128.998145,27.720801],[128.9,27.727783],[128.907617,27.897998],[128.95166,27.910254],[128.998145,27.720801]]],[[[129.452539,28.208984],[129.366406,28.127734],[129.164648,28.249756],[129.689551,28.51748],[129.710449,28.432129],[129.456738,28.272314],[129.452539,28.208984]]],[[[129.324023,28.104932],[129.232422,28.101123],[129.19248,28.19248],[129.324023,28.104932]]],[[[139.841113,33.056055],[139.775684,33.078223],[139.777441,33.125146],[139.873633,33.093506],[139.841113,33.056055]]]]}},{"type":"Feature","properties":{"sigla":"JAM","nome":"Jamaica"},"geometry":{"type":"Polygon","coordinates":[[[-77.261475,18.457422],[-76.210791,17.913525],[-77.768164,17.877393],[-78.216699,18.448096],[-77.261475,18.457422]]]}},{"type":"Feature","properties":{"sigla":"ITA","nome":"It\u00e1lia"},"geometry":{"type":"MultiPolygon","coordinates":[[[[7.021094,45.925781],[8.422559,46.446045],[9.02373,45.845703],[9.304395,46.495557],[10.080566,46.227979],[10.452832,46.864941],[12.169434,47.082129],[13.7,46.520264],[13.378223,46.261621],[13.874707,45.614844],[12.274316,45.446045],[12.396289,44.223877],[13.56416,43.571289],[14.540723,42.244287],[16.164648,41.896191],[15.900488,41.512061],[17.95498,40.655176],[18.393457,39.903613],[16.928223,40.458057],[16.521875,39.747559],[17.174609,38.998096],[15.724512,37.939111],[16.209961,38.941113],[15.692773,39.990186],[11.103223,42.416602],[10.047656,44.019971],[8.76582,44.422314],[7.493164,43.767139],[7.637207,44.164844],[6.900195,44.335742],[6.634766,45.068164],[7.146387,45.381738],[7.021094,45.925781]],[[12.43916,41.898389],[12.438379,41.906201],[12.427539,41.900732],[12.43916,41.898389]],[[12.485254,43.901416],[12.503711,43.989746],[12.396875,43.93457],[12.485254,43.901416]]],[[[10.395117,42.858154],[10.419336,42.713184],[10.335645,42.761133],[10.13125,42.742041],[10.109766,42.785059],[10.395117,42.858154]]],[[[13.938281,40.705615],[13.867676,40.70874],[13.871191,40.761816],[13.962109,40.739404],[13.938281,40.705615]]],[[[12.05127,36.757031],[11.940625,36.780371],[11.936426,36.828613],[12.024219,36.820947],[12.05127,36.757031]]],[[[15.576563,38.220312],[15.112598,36.687842],[12.435547,37.819775],[12.734375,38.183057],[15.576563,38.220312]]],[[[9.632031,40.882031],[9.5625,39.166016],[8.648535,38.926562],[8.224219,40.91333],[9.228418,41.25708],[9.632031,40.882031]]],[[[8.478906,39.067529],[8.421484,38.968652],[8.358594,39.098779],[8.478906,39.067529]]],[[[8.286035,41.039844],[8.205664,40.997461],[8.320215,41.121875],[8.286035,41.039844]]]]}},{"type":"Feature","properties":{"sigla":"ISR","nome":"Israel"},"geometry":{"type":"Polygon","coordinates":[[[35.840723,33.415674],[35.551465,32.395508],[34.955957,32.160937],[34.880469,31.368164],[35.450586,31.479297],[34.904297,29.477344],[34.245313,31.208301],[35.108594,33.083691],[35.840723,33.415674]]]}},{"type":"Feature","properties":{"sigla":"PSX","nome":"Palestina"},"geometry":{"type":"MultiPolygon","coordinates":[[[[34.477344,31.584863],[34.525586,31.525635],[34.245313,31.208301],[34.198145,31.322607],[34.477344,31.584863]]],[[[35.551465,32.395508],[35.450586,31.479297],[34.880469,31.368164],[35.065039,32.460449],[35.551465,32.395508]]]]}},{"type":"Feature","properties":{"sigla":"IRL","nome":"Irlanda"},"geometry":{"type":"MultiPolygon","coordinates":[[[[-9.948193,53.913135],[-10.265723,53.977686],[-10.181055,54.016846],[-9.996387,54.003613],[-9.948193,53.913135]]],[[[-7.218652,55.091992],[-8.144824,54.453516],[-6.175732,54.053516],[-6.325,52.24668],[-10.120752,51.600684],[-9.598828,51.874414],[-10.341064,51.798926],[-9.909668,52.122949],[-10.356689,52.206934],[-8.783447,52.679639],[-9.916602,52.569727],[-8.930127,53.20708],[-10.09126,53.412842],[-9.578223,53.80542],[-10.056396,54.257812],[-8.545557,54.241211],[-8.133447,54.64082],[-8.763916,54.681201],[-8.274609,55.146289],[-7.218652,55.091992]]]]}},{"type":"Feature","properties":{"sigla":"IRQ","nome":"Iraque"},"geometry":{"type":"Polygon","coordinates":[[[42.358984,37.108594],[44.730957,37.165283],[45.361621,36.015332],[46.273438,35.773242],[45.39707,33.97085],[46.112793,32.957666],[47.371289,32.42373],[47.82998,31.794434],[47.679492,31.002393],[48.546484,29.962354],[47.223242,30.041504],[46.531445,29.09624],[44.716504,29.193604],[42.074414,31.080371],[39.14541,32.124512],[38.773535,33.372217],[40.987012,34.429053],[41.295996,36.38335],[42.358984,37.108594]]]}},{"type":"Feature","properties":{"sigla":"IRN","nome":"Ir\u00e3"},"geometry":{"type":"MultiPolygon","coordinates":[[[[56.187988,26.921143],[55.954297,26.701123],[55.847656,26.730811],[55.42373,26.583105],[55.311523,26.592627],[55.29502,26.639209],[55.762598,26.811963],[55.757617,26.947656],[55.907129,26.909814],[56.213965,27.003271],[56.279395,26.9521],[56.187988,26.921143]]],[[[53.91416,37.343555],[55.380859,38.051123],[57.193555,38.216406],[61.169922,36.572266],[61.278516,35.51377],[60.485938,33.711914],[60.916992,33.505225],[60.560547,33.137842],[60.820703,31.495166],[61.660156,31.382422],[61.81084,30.913281],[60.843359,29.858691],[61.889844,28.546533],[62.758008,28.243555],[62.752734,27.265625],[63.305176,27.124561],[63.157813,26.649756],[61.842383,26.225928],[61.587891,25.202344],[57.33457,25.791553],[56.812891,27.08999],[54.644922,26.508936],[51.589063,27.864209],[50.071582,30.198535],[49.554883,30.028955],[49.001953,30.506543],[48.43457,30.037598],[47.371289,32.42373],[46.112793,32.957666],[45.39707,33.97085],[46.273438,35.773242],[45.361621,36.015332],[44.211328,37.908057],[44.023242,39.377441],[44.587109,39.768555],[46.170117,38.869043],[47.995898,39.683936],[48.322168,39.399072],[47.996484,38.85376],[48.86875,38.435498],[49.080957,37.667578],[51.118555,36.742578],[53.970117,36.818311],[53.91416,37.343555]]]]}},{"type":"Feature","properties":{"sigla":"IDN","nome":"Indon\u00e9sia"},"geometry":{"type":"MultiPolygon","coordinates":[[[[97.481543,1.465088],[97.82041,0.564453],[97.079199,1.425488],[97.481543,1.465088]]],[[[99.163867,-1.77793],[99.071777,-1.783496],[98.827734,-1.609961],[98.601758,-1.197852],[98.676074,-0.970508],[98.869043,-0.915625],[98.932617,-0.954004],[99.130664,-1.442383],[99.267285,-1.627734],[99.271484,-1.738477],[99.163867,-1.77793]]],[[[116.64082,-8.613867],[115.857324,-8.787891],[116.401563,-8.204199],[116.64082,-8.613867]]],[[[115.447852,-8.155176],[115.704297,-8.407129],[115.144922,-8.849023],[114.467578,-8.166309],[115.447852,-8.155176]]],[[[106.045703,-1.669434],[106.818457,-2.57334],[106.667188,-3.071777],[105.133398,-2.042578],[105.45957,-1.574707],[106.045703,-1.669434]]],[[[123.179785,-4.551172],[123.187305,-5.333008],[122.64502,-5.663379],[123.179785,-4.551172]]],[[[122.645117,-5.269434],[122.283105,-5.319531],[122.701953,-4.618652],[122.645117,-5.269434]]],[[[108.316016,3.689648],[108.17959,3.653076],[108.100391,3.704541],[108.243262,3.810352],[108.088477,3.8521],[108.002344,3.982861],[108.003516,4.042578],[108.24834,4.217139],[108.392871,3.986182],[108.393555,3.836182],[108.316016,3.689648]]],[[[108.207227,-2.997656],[107.614453,-3.209375],[107.666309,-2.566309],[108.207227,-2.997656]]],[[[135.383008,-0.651367],[135.893555,-0.725781],[136.154688,-0.97832],[136.375293,-1.094043],[136.305371,-1.173145],[136.164746,-1.214746],[135.915039,-1.178418],[135.83877,-1.119434],[135.74707,-0.823047],[135.645703,-0.881934],[135.431641,-0.768848],[135.383008,-0.651367]]],[[[135.474219,-1.591797],[136.201563,-1.65498],[136.892578,-1.799707],[136.621875,-1.873047],[136.228125,-1.893652],[135.487598,-1.668359],[135.474219,-1.591797]]],[[[130.813281,-0.004102],[131.217871,-0.374121],[130.236621,-0.209668],[130.813281,-0.004102]]],[[[128.453906,2.051758],[128.295898,2.034717],[128.217969,2.297461],[128.330371,2.469336],[128.47207,2.570508],[128.602148,2.597607],[128.688477,2.473682],[128.623242,2.224414],[128.547559,2.09707],[128.453906,2.051758]]],[[[128.153027,-1.660547],[128.06123,-1.712402],[127.91377,-1.685156],[127.561621,-1.728516],[127.392188,-1.644824],[127.39502,-1.589844],[127.456738,-1.453711],[127.64668,-1.332422],[127.905078,-1.439063],[128.14873,-1.603711],[128.153027,-1.660547]]],[[[126.055078,-2.45127],[125.97793,-2.41543],[125.862891,-2.077148],[125.922754,-1.974805],[125.992676,-2.011816],[125.975977,-2.168066],[126.065723,-2.36582],[126.055078,-2.45127]]],[[[126.024219,-1.789746],[126.331738,-1.822852],[125.956445,-1.916602],[125.479199,-1.940039],[125.432617,-1.938086],[125.387207,-1.843066],[125.520898,-1.800879],[126.024219,-1.789746]]],[[[124.969531,-1.705469],[125.062988,-1.741016],[125.187891,-1.712891],[125.197656,-1.780273],[125.320215,-1.810059],[125.314063,-1.877148],[125.006738,-1.943066],[124.834473,-1.894434],[124.63916,-1.978223],[124.417773,-2.005176],[124.329688,-1.858887],[124.417578,-1.659277],[124.663965,-1.635938],[124.969531,-1.705469]]],[[[131.325586,-7.999512],[131.11377,-7.997363],[131.086816,-7.865039],[131.137793,-7.684863],[131.190039,-7.671875],[131.260059,-7.470508],[131.535254,-7.220605],[131.560742,-7.135742],[131.643457,-7.112793],[131.736133,-7.19707],[131.643848,-7.266895],[131.691113,-7.438867],[131.624414,-7.626172],[131.377051,-7.869141],[131.325586,-7.999512]]],[[[126.800977,-7.667871],[126.812695,-7.737891],[126.577344,-7.807617],[126.47207,-7.950391],[126.040039,-7.88584],[125.798242,-7.98457],[125.843164,-7.816699],[125.975293,-7.663379],[126.213672,-7.706738],[126.60957,-7.571777],[126.800977,-7.667871]]],[[[124.575586,-8.14082],[125.131738,-8.326465],[124.444238,-8.444629],[124.575586,-8.14082]]],[[[131.001855,-1.315527],[130.845117,-1.317285],[130.782324,-1.255469],[130.672949,-0.959766],[130.897168,-0.890039],[131.033008,-0.917578],[131.073926,-0.968262],[131.001855,-1.315527]]],[[[96.492578,5.229346],[97.547168,5.205859],[100.523828,2.18916],[101.046191,2.257471],[103.031836,0.578906],[102.55,0.216455],[103.672656,0.288916],[103.438574,-0.575586],[104.360547,-1.038379],[104.650781,-2.595215],[105.396973,-2.380176],[106.044336,-3.10625],[105.74834,-5.818262],[104.639551,-5.52041],[104.601562,-5.90459],[101.578613,-3.166992],[98.595313,1.8646],[95.578613,4.661963],[95.227832,5.564795],[96.492578,5.229346]]],[[[122.78291,-8.611719],[119.80791,-8.697656],[120.610254,-8.24043],[122.323242,-8.62832],[122.845703,-8.093262],[122.78291,-8.611719]]],[[[120.0125,-9.374707],[120.804199,-10.108496],[119.085449,-9.706934],[120.0125,-9.374707]]],[[[118.242383,-8.317773],[118.987793,-8.337695],[118.832617,-8.833398],[116.788477,-9.006348],[117.164844,-8.367188],[117.969531,-8.728027],[117.755273,-8.149512],[118.242383,-8.317773]]],[[[124.888867,0.995312],[123.753809,0.305518],[120.192285,0.268506],[120.062891,-0.555566],[120.667383,-1.370117],[121.575586,-0.828516],[123.43418,-0.778223],[121.355469,-1.878223],[122.872266,-4.391992],[121.588672,-4.75957],[121.618066,-4.092676],[120.891797,-3.520605],[121.052148,-2.75166],[120.653613,-2.667578],[120.261035,-2.949316],[120.430371,-5.591016],[119.557422,-5.611035],[119.623633,-4.034375],[118.783301,-2.720801],[120.269531,0.970801],[121.081738,1.327637],[123.930762,0.850439],[125.110938,1.685693],[124.888867,0.995312]]],[[[107.373926,-6.007617],[108.677832,-6.790527],[110.42627,-6.947266],[110.834766,-6.424219],[112.539258,-6.926465],[113.013574,-7.657715],[114.409277,-7.79248],[114.583789,-8.769629],[106.455273,-7.368652],[106.519727,-7.053711],[105.273438,-6.729395],[106.075,-5.91416],[107.373926,-6.007617]]],[[[109.628906,2.027539],[110.505762,0.861963],[112.476172,1.559082],[114.5125,1.452002],[115.678809,4.193018],[117.100586,4.337061],[117.777246,3.689258],[117.055957,3.622656],[118.066602,2.317822],[117.789258,2.026855],[118.984961,0.982129],[117.911621,1.098682],[117.5625,-0.770898],[116.275488,-1.784863],[116.257227,-3.126367],[114.693555,-4.169727],[114.344336,-3.235156],[113.705078,-3.455273],[113.033984,-2.933496],[111.858105,-3.551855],[111.694727,-2.889453],[110.256055,-2.966113],[109.983301,-1.274805],[109.258789,-0.807422],[108.944531,0.355664],[109.075879,1.495898],[109.628906,2.027539]]],[[[127.732715,0.848145],[128.688379,1.572559],[128.260645,0.733789],[128.899609,0.21626],[127.887402,0.29834],[128.425488,-0.892676],[127.691602,-0.241895],[127.428516,1.13999],[128.036426,2.199023],[127.732715,0.848145]]],[[[129.754688,-2.86582],[130.569922,-3.130859],[130.805078,-3.857715],[129.844141,-3.327148],[128.132031,-3.157422],[127.902344,-3.496289],[128.198535,-2.865918],[129.754688,-2.86582]]],[[[126.861133,-3.087891],[127.22959,-3.633008],[126.056543,-3.420996],[126.861133,-3.087891]]],[[[124.922266,-8.94248],[124.963086,-9.665625],[123.644141,-10.310938],[123.709375,-9.614844],[124.922266,-8.94248]]],[[[134.746973,-5.707031],[134.441113,-6.334863],[134.205371,-5.707227],[134.746973,-5.707031]]],[[[134.536816,-6.442285],[134.09082,-6.833789],[134.114648,-6.19082],[134.536816,-6.442285]]],[[[138.535352,-8.273633],[137.650391,-8.386133],[138.081836,-7.566211],[138.769824,-7.39043],[138.535352,-8.273633]]],[[[140.973438,-2.609766],[140.976172,-9.11875],[140.116992,-7.92373],[138.890625,-8.237793],[138.747949,-7.251465],[139.176855,-7.19043],[138.601367,-6.936523],[138.339648,-5.675684],[137.279785,-4.94541],[133.973828,-3.817969],[133.841504,-3.054785],[132.914453,-4.056934],[132.751367,-3.294629],[131.971191,-2.788574],[133.700098,-2.624609],[133.921582,-2.102051],[132.307617,-2.242285],[131.930371,-1.559668],[130.995898,-1.424707],[132.39375,-0.355469],[133.974512,-0.744336],[134.194824,-2.309082],[135.251563,-3.368555],[137.80625,-1.483203],[140.973438,-2.609766]]],[[[138.895117,-8.388672],[138.594238,-8.371484],[138.563379,-8.309082],[138.67666,-8.199219],[138.796191,-8.173633],[138.895117,-8.388672]]],[[[101.708105,2.078418],[101.773535,1.943457],[101.719434,1.78916],[101.602734,1.715723],[101.500781,1.733203],[101.403418,1.901318],[101.409668,2.02168],[101.640723,2.126709],[101.708105,2.078418]]],[[[102.427148,0.990137],[102.380859,0.959766],[102.27959,1.075684],[102.23418,1.263965],[102.256348,1.39707],[102.442871,1.234229],[102.427148,0.990137]]],[[[102.491895,1.45918],[102.499414,1.330908],[102.274219,1.453125],[102.078711,1.498584],[102.024023,1.607959],[102.469531,1.510059],[102.491895,1.45918]]],[[[103.027539,0.746631],[103.008789,0.708105],[102.49043,0.856641],[102.453906,0.889502],[102.506641,1.08877],[102.549219,1.130225],[102.726172,0.989209],[103.002441,0.859277],[103.027539,0.746631]]],[[[103.166406,0.870166],[103.086719,0.848145],[102.886328,0.996777],[102.701855,1.053711],[102.725586,1.158838],[102.999414,1.067773],[103.166406,0.870166]]],[[[103.284473,0.541943],[103.139551,0.549072],[103.187402,0.699756],[103.238184,0.698633],[103.295117,0.613965],[103.284473,0.541943]]],[[[103.450195,0.664453],[103.344434,0.777881],[103.386133,0.86958],[103.497461,0.722705],[103.450195,0.664453]]],[[[104.024805,1.180566],[104.088086,1.137012],[104.139844,1.165576],[104.066113,0.989551],[103.963574,1.013232],[103.932227,1.071387],[104.024805,1.180566]]],[[[104.585352,1.216113],[104.575195,0.831934],[104.251953,1.014893],[104.585352,1.216113]]],[[[104.778613,-0.175977],[104.843164,-0.140625],[105.005371,-0.282813],[104.914258,-0.32334],[104.702246,-0.208691],[104.566602,-0.245605],[104.44707,-0.18916],[104.542676,0.017725],[104.635645,-0.018457],[104.778613,-0.175977]]],[[[104.474219,-0.334668],[104.590137,-0.466602],[104.506543,-0.59668],[104.413867,-0.583691],[104.363184,-0.658594],[104.257129,-0.463281],[104.302344,-0.385742],[104.363574,-0.402832],[104.474219,-0.334668]]],[[[103.736523,-0.347949],[103.606348,-0.38291],[103.461328,-0.357617],[103.548926,-0.227539],[103.723926,-0.27666],[103.764258,-0.317773],[103.736523,-0.347949]]],[[[109.710254,-1.180664],[109.463672,-1.277539],[109.428125,-1.241211],[109.475977,-0.985352],[109.614648,-0.979102],[109.743359,-1.039355],[109.760547,-1.105176],[109.710254,-1.180664]]],[[[113.844531,-7.105371],[113.655859,-7.111719],[113.470703,-7.218457],[113.126953,-7.224121],[112.76377,-7.139648],[112.725879,-7.072754],[112.868066,-6.899902],[113.067383,-6.87998],[113.974707,-6.873047],[114.073633,-6.960156],[113.844531,-7.105371]]],[[[134.965332,-1.116016],[134.861719,-1.11416],[134.808887,-1.037598],[134.82793,-0.978809],[134.889258,-0.938477],[134.996289,-1.034082],[134.965332,-1.116016]]],[[[127.249902,-0.495313],[127.119141,-0.520508],[127.126465,-0.278613],[127.290039,-0.284375],[127.249902,-0.495313]]],[[[127.566992,-0.318945],[127.761133,-0.883691],[127.3,-0.500293],[127.566992,-0.318945]]],[[[132.92627,-5.902051],[132.84502,-5.987988],[132.937695,-5.682617],[133.008789,-5.621387],[133.138477,-5.317871],[133.172852,-5.348145],[133.119629,-5.575977],[132.971094,-5.73584],[132.92627,-5.902051]]],[[[132.807129,-5.850781],[132.746289,-5.94707],[132.681445,-5.912598],[132.630176,-5.607031],[132.737793,-5.661719],[132.807129,-5.850781]]],[[[128.275586,-3.674609],[128.191797,-3.735254],[128.11084,-3.686426],[127.978027,-3.770996],[127.925,-3.699316],[128.016211,-3.600879],[128.329102,-3.515918],[128.275586,-3.674609]]],[[[126.816602,4.033496],[126.71123,4.020264],[126.704492,4.070996],[126.813574,4.258496],[126.72207,4.344189],[126.757324,4.5479],[126.865137,4.479834],[126.921094,4.291016],[126.816602,4.033496]]],[[[125.658105,3.436035],[125.633203,3.40542],[125.511523,3.461133],[125.468848,3.733252],[125.658105,3.436035]]],[[[130.862207,-8.31875],[130.775195,-8.349902],[131.020117,-8.091309],[131.176367,-8.130762],[130.908105,-8.245703],[130.862207,-8.31875]]],[[[129.838867,-7.95459],[129.779785,-8.046484],[129.713477,-8.040723],[129.591895,-7.917383],[129.608984,-7.803418],[129.812988,-7.819727],[129.838867,-7.95459]]],[[[127.823438,-8.098828],[128.098828,-8.134863],[128.119238,-8.170703],[128.023535,-8.255371],[127.820898,-8.190234],[127.78623,-8.120313],[127.823438,-8.098828]]],[[[130.35332,-1.690527],[130.248047,-2.047754],[129.737695,-1.866895],[130.35332,-1.690527]]],[[[102.367188,-5.478711],[102.285937,-5.483496],[102.110742,-5.322559],[102.198438,-5.288867],[102.371777,-5.366406],[102.405469,-5.404785],[102.367188,-5.478711]]],[[[100.425098,-3.18291],[100.465137,-3.328516],[100.346094,-3.229199],[100.332031,-3.113086],[100.204297,-2.986816],[100.198535,-2.785547],[100.245605,-2.783203],[100.45459,-3.001953],[100.425098,-3.18291]]],[[[100.204102,-2.741016],[100.132715,-2.821387],[100.014941,-2.819727],[99.987891,-2.525391],[100.201953,-2.679688],[100.204102,-2.741016]]],[[[99.843066,-2.343066],[99.607031,-2.25752],[99.537402,-2.161523],[99.572168,-2.025781],[99.686426,-2.063379],[99.843066,-2.343066]]],[[[98.459277,-0.530469],[98.399707,-0.576855],[98.309668,-0.531836],[98.427148,-0.226465],[98.322949,-0.000781],[98.41543,-0.017529],[98.544141,-0.257617],[98.459277,-0.530469]]],[[[96.463672,2.36001],[96.340625,2.37207],[96.021973,2.595752],[95.808594,2.655615],[95.717188,2.825977],[95.80625,2.916016],[95.895801,2.889062],[96.417285,2.515186],[96.463672,2.36001]]],[[[122.042969,-5.437988],[121.97959,-5.464746],[121.808496,-5.256152],[121.913672,-5.072266],[122.041016,-5.158789],[122.042969,-5.437988]]],[[[123.212305,-1.171289],[123.511914,-1.447363],[122.89043,-1.587207],[123.212305,-1.171289]]],[[[121.864355,-0.406836],[121.906836,-0.45127],[121.88125,-0.502637],[121.655273,-0.526172],[121.749316,-0.407031],[121.864355,-0.406836]]],[[[120.52832,-6.298438],[120.487305,-6.464844],[120.435547,-6.180176],[120.477344,-5.775293],[120.549219,-5.969238],[120.52832,-6.298438]]],[[[115.377051,-6.970801],[115.220313,-6.952539],[115.240527,-6.86123],[115.414453,-6.839746],[115.546094,-6.938672],[115.377051,-6.970801]]],[[[116.30332,-3.868164],[116.093359,-4.054102],[116.058789,-4.006934],[116.076953,-3.81748],[116.018359,-3.699902],[116.063574,-3.45791],[116.117383,-3.339551],[116.269727,-3.251074],[116.30332,-3.868164]]],[[[122.948926,-10.909277],[122.826172,-10.899121],[122.845703,-10.761816],[123.061426,-10.698438],[123.371094,-10.474902],[123.418164,-10.65127],[123.214844,-10.806152],[122.948926,-10.909277]]],[[[124.286621,-8.329492],[124.14668,-8.531445],[124.065723,-8.55166],[124.017285,-8.443848],[123.927734,-8.448926],[124.01377,-8.318652],[124.110547,-8.364258],[124.239551,-8.203418],[124.304492,-8.228809],[124.286621,-8.329492]]],[[[123.924805,-8.272461],[123.783887,-8.299609],[123.697852,-8.424414],[123.629199,-8.422461],[123.553027,-8.566797],[123.488672,-8.532324],[123.410742,-8.586621],[123.230078,-8.530664],[123.475879,-8.322266],[123.391211,-8.280469],[123.600586,-8.291309],[123.775977,-8.19043],[123.924805,-8.272461]]],[[[123.31748,-8.354785],[123.297266,-8.398633],[123.025,-8.395508],[123.032617,-8.337793],[123.21709,-8.235449],[123.336035,-8.269043],[123.31748,-8.354785]]],[[[134.716113,-6.549414],[134.66084,-6.558887],[134.633691,-6.477246],[134.679102,-6.456055],[134.716113,-6.549414]]],[[[103.423926,1.04834],[103.429688,0.993359],[103.31543,1.071289],[103.37998,1.133643],[103.423926,1.04834]]],[[[103.828613,0.801025],[103.742383,0.82998],[103.751953,0.891357],[103.828613,0.801025]]],[[[104.239355,0.833984],[104.176758,0.804883],[104.108301,0.933545],[104.239355,0.833984]]],[[[104.689258,0.059521],[104.603516,0.095215],[104.499219,0.23208],[104.689258,0.059521]]],[[[106.285254,3.157129],[106.283691,3.088232],[106.214551,3.128564],[106.200977,3.204883],[106.271191,3.216309],[106.285254,3.157129]]],[[[105.760352,2.863037],[105.706152,2.888867],[105.692187,3.0625],[105.836719,2.976514],[105.760352,2.863037]]],[[[108.8875,2.90542],[108.838867,2.853027],[108.786523,2.885645],[108.885742,2.998975],[108.8875,2.90542]]],[[[108.953125,-1.619629],[108.837891,-1.661621],[108.803711,-1.567773],[108.956836,-1.564063],[108.953125,-1.619629]]],[[[107.47334,-2.899512],[107.409277,-2.900586],[107.419336,-2.838086],[107.499707,-2.84502],[107.47334,-2.899512]]],[[[106.886426,-3.005273],[106.814258,-3.014453],[106.742871,-2.932813],[106.796875,-2.898926],[106.910645,-2.933984],[106.886426,-3.005273]]],[[[114.412598,-7.133496],[114.346875,-7.163281],[114.298828,-7.097559],[114.383594,-7.080664],[114.412598,-7.133496]]],[[[112.719434,-5.811035],[112.602148,-5.843652],[112.586035,-5.803613],[112.690039,-5.726172],[112.719434,-5.811035]]],[[[105.252832,-6.64043],[105.19043,-6.6625],[105.121387,-6.614941],[105.260547,-6.523926],[105.252832,-6.64043]]],[[[97.33418,2.075635],[97.108301,2.216895],[97.291406,2.20083],[97.33418,2.075635]]],[[[95.362109,5.812402],[95.283203,5.798535],[95.217676,5.889502],[95.35918,5.876758],[95.362109,5.812402]]],[[[123.597559,-1.704297],[123.48252,-1.681445],[123.486621,-1.534863],[123.528516,-1.502832],[123.616406,-1.627441],[123.597559,-1.704297]]],[[[123.242383,-4.112988],[123.144531,-4.233301],[123.076172,-4.227148],[122.994727,-4.148047],[122.969043,-4.02998],[123.024902,-3.980957],[123.211914,-3.997559],[123.242383,-4.112988]]],[[[123.848242,-1.955469],[123.866016,-1.995703],[123.803516,-1.994336],[123.783496,-1.87832],[123.848242,-1.955469]]],[[[123.152539,-1.816504],[123.078809,-1.898926],[123.106445,-1.786719],[123.152539,-1.816504]]],[[[119.464063,-8.741016],[119.385547,-8.736035],[119.378906,-8.586523],[119.446484,-8.429199],[119.557227,-8.518848],[119.444043,-8.671777],[119.464063,-8.741016]]],[[[119.073828,-8.238867],[119.020898,-8.199902],[119.097754,-8.13916],[119.134863,-8.19707],[119.073828,-8.238867]]],[[[115.609961,-8.769824],[115.581934,-8.804199],[115.480469,-8.71543],[115.561426,-8.669922],[115.609961,-8.769824]]],[[[117.649023,4.168994],[117.884766,4.186133],[117.922852,4.054297],[117.736816,4.004004],[117.625098,4.121484],[117.649023,4.168994]]],[[[117.658398,3.280518],[117.645801,3.247754],[117.560352,3.328223],[117.547852,3.431982],[117.680859,3.40752],[117.658398,3.280518]]],[[[124.05127,-5.97373],[124.04209,-6.021582],[123.975781,-5.880176],[124.05127,-5.97373]]],[[[123.626758,-5.271582],[123.622754,-5.373047],[123.582617,-5.367383],[123.542773,-5.271094],[123.626758,-5.271582]]],[[[120.774414,-7.118945],[120.64082,-7.11582],[120.633398,-7.018262],[120.781738,-7.063086],[120.774414,-7.118945]]],[[[117.556348,-8.367285],[117.49043,-8.34873],[117.490527,-8.183398],[117.665039,-8.148242],[117.556348,-8.367285]]],[[[116.424121,-3.464453],[116.387793,-3.636719],[116.326563,-3.539062],[116.426953,-3.399902],[116.424121,-3.464453]]],[[[127.372656,0.791309],[127.306055,0.769434],[127.292773,0.84248],[127.353809,0.847461],[127.372656,0.791309]]],[[[134.374219,-2.123535],[134.335059,-2.095215],[134.369531,-2.027637],[134.419043,-2.051758],[134.374219,-2.123535]]],[[[133.570801,-4.245898],[133.621875,-4.299316],[133.333008,-4.169629],[133.320898,-4.111035],[133.570801,-4.245898]]],[[[130.905273,-0.777441],[130.832422,-0.862891],[130.402441,-0.923926],[130.484277,-0.83252],[130.905273,-0.777441]]],[[[130.62666,-0.528711],[130.46543,-0.486523],[130.615918,-0.417285],[130.684277,-0.469141],[130.62666,-0.528711]]],[[[129.548926,-0.187012],[129.370117,-0.066406],[129.308789,0.04541],[129.548926,-0.187012]]],[[[127.453418,-0.005859],[127.448633,-0.036621],[127.396777,0.016602],[127.431348,0.142578],[127.453418,-0.005859]]],[[[127.419727,0.64209],[127.373633,0.634863],[127.382617,0.743555],[127.442578,0.733447],[127.419727,0.64209]]],[[[127.300391,-0.780957],[127.156445,-0.760938],[127.209082,-0.619336],[127.258203,-0.623438],[127.300391,-0.780957]]],[[[128.722461,-3.546875],[128.713281,-3.602539],[128.619531,-3.588574],[128.585156,-3.512207],[128.722461,-3.546875]]],[[[128.562598,-3.585449],[128.391602,-3.637891],[128.451563,-3.514746],[128.562598,-3.585449]]],[[[126.719336,3.874658],[126.721777,3.83252],[126.6375,4.041943],[126.739648,3.917725],[126.719336,3.874658]]],[[[126.851855,3.768457],[126.778906,3.843164],[126.857031,3.812402],[126.851855,3.768457]]],[[[125.407422,2.651611],[125.360059,2.746826],[125.39082,2.805371],[125.446484,2.762988],[125.407422,2.651611]]],[[[131.982031,-7.202051],[131.969531,-7.251367],[131.750781,-7.116797],[131.922266,-7.104492],[131.982031,-7.202051]]],[[[128.670117,-7.183301],[128.625,-7.208594],[128.529785,-7.13457],[128.627734,-7.06875],[128.670117,-7.183301]]],[[[127.419434,-7.623047],[127.355273,-7.646484],[127.370703,-7.512793],[127.475195,-7.531055],[127.419434,-7.623047]]],[[[123.416211,-10.302637],[123.325977,-10.3375],[123.325586,-10.26416],[123.458789,-10.139941],[123.496777,-10.193945],[123.405078,-10.227148],[123.416211,-10.302637]]],[[[121.883008,-10.590332],[121.704688,-10.555664],[121.866992,-10.438867],[121.99834,-10.446973],[121.981348,-10.528418],[121.883008,-10.590332]]],[[[134.819531,-6.43418],[134.795313,-6.393066],[134.88584,-6.323535],[134.819531,-6.43418]]],[[[134.674414,-6.749805],[134.629102,-6.712793],[134.735742,-6.62334],[134.674414,-6.749805]]],[[[127.987891,-2.936523],[127.937695,-3.02002],[127.834277,-3.004395],[127.987891,-2.936523]]],[[[127.60625,-3.315137],[127.629297,-3.35918],[127.487695,-3.288184],[127.554492,-3.254297],[127.60625,-3.315137]]],[[[122.977344,-8.545215],[122.945508,-8.604004],[122.887793,-8.587305],[123.010547,-8.44834],[123.153125,-8.475781],[122.977344,-8.545215]]]]}},{"type":"Feature","properties":{"sigla":"IND","nome":"\u00cdndia"},"geometry":{"type":"MultiPolygon","coordinates":[[[[68.165039,23.857324],[68.781152,24.313721],[71.044043,24.400098],[69.537012,27.122949],[70.403711,28.025049],[71.870313,27.9625],[74.632812,31.034668],[74.555566,31.818555],[75.324707,32.215283],[74.003809,33.189453],[73.96123,34.653467],[75.70918,34.503076],[77.799414,35.495898],[78.970117,34.302637],[79.219336,32.501074],[78.389648,32.519873],[78.743555,31.323779],[81.010254,30.164502],[80.070703,28.830176],[82.733398,27.518994],[87.995117,26.382373],[88.141113,27.948926],[88.803711,28.006934],[89.148242,26.816162],[91.99834,26.85498],[91.631934,27.759961],[92.54668,27.879199],[94.623047,29.312402],[95.389258,29.037402],[96.035352,29.447168],[96.580859,28.763672],[96.281445,28.412061],[97.322461,28.217969],[96.876855,27.586719],[97.102051,27.11543],[96.19082,27.261279],[95.128711,26.597266],[94.127637,23.876465],[93.32627,24.064209],[92.909473,21.988916],[92.574902,21.978076],[92.246094,23.683594],[91.619531,22.979688],[91.165527,23.581055],[92.468359,24.944141],[89.833301,25.292773],[89.670898,26.213818],[88.369922,26.564111],[88.08457,25.888232],[88.95166,25.259277],[88.023438,24.627832],[88.723535,24.274902],[89.05166,21.654102],[88.641602,22.121973],[88.12207,21.635791],[87.941406,22.374316],[87.948437,21.825439],[86.85957,21.236719],[86.750391,20.313232],[85.248633,19.757666],[82.258789,16.559863],[80.293457,15.710742],[79.838184,10.322559],[78.939941,9.565771],[79.411426,9.192383],[78.421484,9.105029],[77.517578,8.07832],[76.553418,8.902783],[73.337598,16.459863],[72.667773,19.830957],[72.613281,21.461816],[73.1125,21.750439],[72.543066,21.696582],[72.80918,22.233301],[72.182813,22.269727],[72.015234,21.155713],[70.485059,20.840186],[68.969922,22.290283],[70.177246,22.572754],[70.489258,23.089502],[69.235937,22.848535],[68.41748,23.571484],[68.776758,23.8521],[68.165039,23.857324]]],[[[93.890039,6.831055],[93.828809,6.748682],[93.709277,7.000684],[93.658008,7.016064],[93.68418,7.183594],[93.822461,7.236621],[93.92959,6.973486],[93.890039,6.831055]]],[[[93.733594,7.356494],[93.638477,7.261865],[93.597266,7.31875],[93.69248,7.410596],[93.733594,7.356494]]],[[[93.140723,8.249512],[93.170605,8.212061],[93.064258,8.274951],[93.096973,8.349365],[93.140723,8.249512]]],[[[93.442578,7.877832],[93.365039,7.876562],[93.309375,7.964014],[93.334473,8.006934],[93.375488,8.01792],[93.442578,7.877832]]],[[[93.536914,8.056641],[93.478223,8.024463],[93.456445,8.171875],[93.494043,8.224658],[93.531641,8.21377],[93.536914,8.056641]]],[[[92.7875,9.13667],[92.716602,9.165088],[92.762109,9.243896],[92.7875,9.13667]]],[[[92.502832,10.554883],[92.472656,10.520752],[92.369531,10.547412],[92.352832,10.751123],[92.510352,10.897461],[92.574316,10.704248],[92.502832,10.554883]]],[[[92.693164,11.381152],[92.595703,11.386426],[92.640234,11.509131],[92.693164,11.381152]]],[[[92.722754,11.536084],[92.668359,11.538721],[92.533887,11.873389],[92.60752,11.949512],[92.676465,12.192383],[92.788281,12.225781],[92.718945,12.357324],[92.720703,12.54126],[92.740039,12.779639],[92.830859,13.002637],[92.857324,13.358105],[92.924609,13.48584],[93.062305,13.545459],[93.07666,13.400684],[93.016016,13.336182],[93.066113,13.221582],[92.88623,12.942285],[92.965039,12.850488],[92.990234,12.538525],[92.932617,12.453076],[92.863672,12.436035],[92.879492,12.22793],[92.747656,11.992773],[92.797559,11.874658],[92.722754,11.536084]]],[[[93.017383,12.036816],[93.062109,11.899414],[92.955371,12.002441],[93.017383,12.036816]]],[[[92.717578,12.864893],[92.685742,12.799951],[92.710645,12.961572],[92.717578,12.864893]]],[[[72.780371,11.20249],[72.772461,11.214258],[72.792676,11.262744],[72.780371,11.20249]]],[[[73.067383,8.269092],[73.023438,8.265918],[73.079492,8.316504],[73.067383,8.269092]]]]}},{"type":"Feature","properties":{"sigla":"ISL","nome":"Isl\u00e2ndia"},"geometry":{"type":"Polygon","coordinates":[[[-15.543115,66.228516],[-14.59585,66.381543],[-15.116406,66.102441],[-13.617871,65.519336],[-13.569678,65.068115],[-18.653613,63.406689],[-22.652197,63.827734],[-21.590625,64.626367],[-24.026172,64.863428],[-21.892139,65.048779],[-22.509082,65.196777],[-21.844385,65.447363],[-24.475684,65.525195],[-23.285352,65.75],[-23.832617,65.849219],[-23.452539,66.181006],[-22.441699,65.908301],[-22.889209,66.440625],[-21.406885,66.025586],[-21.658447,65.723584],[-21.129687,65.266602],[-20.20752,66.100098],[-19.489697,65.768066],[-18.845898,66.183936],[-18.141943,65.734082],[-18.297168,66.157422],[-17.550439,65.964404],[-16.249316,66.5229],[-15.543115,66.228516]]]}},{"type":"Feature","properties":{"sigla":"HUN","nome":"Hungria"},"geometry":{"type":"Polygon","coordinates":[[[22.131836,48.405322],[22.87666,47.947266],[21.039844,46.242236],[17.963867,45.770264],[16.093066,46.863281],[16.421289,47.674463],[17.147363,48.005957],[18.724219,47.787158],[20.490039,48.526904],[22.131836,48.405322]]]}},{"type":"Feature","properties":{"sigla":"HND","nome":"Honduras"},"geometry":{"type":"MultiPolygon","coordinates":[[[[-83.15752,14.993066],[-84.985156,14.752441],[-85.733936,13.858691],[-86.758984,13.746143],[-87.05918,12.991455],[-87.814209,13.39917],[-87.802246,13.88999],[-89.362598,14.416016],[-89.142578,15.072314],[-87.701855,15.910645],[-84.97373,15.989893],[-83.15752,14.993066]]],[[[-86.419922,16.378369],[-86.63042,16.301758],[-86.438281,16.413867],[-86.255518,16.428223],[-86.419922,16.378369]]],[[[-85.870947,16.461523],[-85.947217,16.403613],[-85.924219,16.483301],[-85.833789,16.510889],[-85.870947,16.461523]]]]}},{"type":"Feature","properties":{"sigla":"HTI","nome":"Haiti"},"geometry":{"type":"MultiPolygon","coordinates":[[[[-71.779248,19.718164],[-71.768311,18.03916],[-74.459961,18.393066],[-72.376074,18.574463],[-73.315332,19.85459],[-71.779248,19.718164]]],[[[-72.80459,18.777686],[-72.822217,18.707129],[-73.077979,18.790918],[-73.285254,18.896729],[-73.276416,18.954053],[-73.069141,18.932031],[-72.80459,18.777686]]],[[[-72.664062,20.0375],[-72.638867,19.98584],[-72.960352,20.062256],[-72.791016,20.091895],[-72.664062,20.0375]]]]}},{"type":"Feature","properties":{"sigla":"GUY","nome":"Guiana"},"geometry":{"type":"Polygon","coordinates":[[[-60.742139,5.202051],[-61.39082,5.93877],[-61.145605,6.694531],[-60.3521,7.002881],[-60.718652,7.535937],[-59.849072,8.248682],[-60.017529,8.549316],[-59.200244,8.074609],[-58.511084,7.398047],[-58.672949,6.390771],[-58.298437,6.879297],[-57.227539,6.178418],[-57.209814,5.19541],[-57.881104,4.880615],[-58.054297,4.10166],[-56.482812,1.942139],[-59.231201,1.376025],[-59.994336,2.68999],[-59.703271,4.381104],[-60.148633,4.533252],[-60.142041,5.238818],[-60.742139,5.202051]]]}},{"type":"Feature","properties":{"sigla":"GNB","nome":"Guin\u00e9-Bissau"},"geometry":{"type":"MultiPolygon","coordinates":[[[[-16.711816,12.354834],[-13.729248,12.673926],[-13.732764,11.736035],[-15.043018,10.940137],[-15.479492,11.410303],[-15.072656,11.597803],[-15.501904,11.723779],[-15.078271,11.968994],[-15.941748,11.786621],[-16.711816,12.354834]]],[[[-16.114502,11.059424],[-16.194531,11.04458],[-16.236426,11.113428],[-16.067334,11.197217],[-16.052783,11.117529],[-16.114502,11.059424]]],[[[-15.895898,11.082471],[-15.963965,11.058984],[-15.937695,11.192773],[-15.895898,11.082471]]],[[[-15.725146,11.215479],[-15.725146,11.174512],[-15.779785,11.194531],[-15.71748,11.301758],[-15.65835,11.286475],[-15.725146,11.215479]]],[[[-15.553418,11.537012],[-15.619629,11.533496],[-15.482471,11.632324],[-15.484424,11.567529],[-15.553418,11.537012]]],[[[-15.901807,11.46582],[-15.94873,11.434424],[-16.023193,11.477148],[-15.964551,11.598291],[-15.915332,11.589111],[-15.901807,11.46582]]],[[[-15.986426,11.882031],[-16.03833,11.759717],[-16.102441,11.773193],[-16.152441,11.876807],[-15.986426,11.882031]]]]}},{"type":"Feature","properties":{"sigla":"GIN","nome":"Guin\u00e9"},"geometry":{"type":"Polygon","coordinates":[[[-10.283203,8.485156],[-10.712109,8.335254],[-10.500537,8.687549],[-11.205664,9.977734],[-12.427979,9.898145],[-13.292676,9.049219],[-13.689795,9.927783],[-15.051221,10.83457],[-14.682959,11.508496],[-13.732764,11.736035],[-13.729248,12.673926],[-11.389404,12.404395],[-10.709229,11.89873],[-9.043066,12.402344],[-7.985693,10.278418],[-7.681201,8.410352],[-8.209961,8.483252],[-8.205957,7.590234],[-9.117578,7.215918],[-9.518262,8.346094],[-10.283203,8.485156]]]}},{"type":"Feature","properties":{"sigla":"GTM","nome":"Guatemala"},"geometry":{"type":"Polygon","coordinates":[[[-92.235156,14.54541],[-91.736572,16.070166],[-90.447168,16.072705],[-91.409619,17.255859],[-90.992969,17.252441],[-90.98916,17.816406],[-89.161475,17.814844],[-89.2375,15.894434],[-88.22832,15.729004],[-89.171777,14.606885],[-90.095215,13.736523],[-92.235156,14.54541]]]}},{"type":"Feature","properties":{"sigla":"GRD","nome":"Granada"},"geometry":{"type":"Polygon","coordinates":[[[-61.715527,12.012646],[-61.782178,12.008447],[-61.71499,12.185156],[-61.660449,12.237012],[-61.607031,12.223291],[-61.627148,12.053955],[-61.715527,12.012646]]]}},{"type":"Feature","properties":{"sigla":"GRC","nome":"Gr\u00e9cia"},"geometry":{"type":"MultiPolygon","coordinates":[[[[27.860156,36.553906],[27.785742,36.60752],[27.8625,36.641162],[27.860156,36.553906]]],[[[20.612305,38.38335],[20.761328,38.070557],[20.352539,38.179883],[20.612305,38.38335]]],[[[20.888477,37.805371],[20.993945,37.708008],[20.909082,37.732129],[20.818555,37.664746],[20.619531,37.855029],[20.691504,37.929541],[20.888477,37.805371]]],[[[20.686719,38.608691],[20.554688,38.582568],[20.59248,38.760156],[20.694141,38.844238],[20.686719,38.608691]]],[[[20.758691,38.329443],[20.709277,38.318604],[20.623633,38.480322],[20.70127,38.451416],[20.758691,38.329443]]],[[[20.07793,39.432715],[20.099609,39.376611],[19.883984,39.461523],[19.646484,39.76709],[19.838574,39.820117],[19.926074,39.77373],[19.84668,39.668115],[19.955273,39.47041],[20.07793,39.432715]]],[[[23.41543,38.958643],[24.578516,38.020166],[22.870313,38.870508],[23.41543,38.958643]]],[[[23.779785,39.114404],[23.666113,39.095361],[23.593945,39.208594],[23.779785,39.114404]]],[[[23.887988,39.158301],[23.841211,39.146582],[23.970898,39.267725],[23.887988,39.158301]]],[[[24.674707,38.809229],[24.541016,38.788672],[24.566406,38.832373],[24.461035,38.888623],[24.485645,38.980273],[24.674707,38.809229]]],[[[24.774219,40.615186],[24.645898,40.579443],[24.515527,40.647021],[24.516699,40.687207],[24.62334,40.79292],[24.719141,40.786279],[24.786328,40.703857],[24.774219,40.615186]]],[[[23.550977,37.925879],[23.419336,37.93125],[23.483691,37.991113],[23.550977,37.925879]]],[[[23.053809,36.189795],[23.042188,36.146387],[22.91084,36.220996],[22.950488,36.383936],[23.09707,36.246582],[23.053809,36.189795]]],[[[27.176074,35.465283],[27.137891,35.409082],[27.070703,35.597754],[27.158008,35.788672],[27.223145,35.820459],[27.157227,35.629492],[27.233594,35.478564],[27.176074,35.465283]]],[[[27.019727,36.959033],[26.919922,36.945215],[26.937695,37.024609],[26.888672,37.087256],[27.040137,37.001562],[27.019727,36.959033]]],[[[26.949609,36.7271],[26.918359,36.725928],[26.955566,36.774219],[27.214941,36.898633],[27.352148,36.868896],[26.949609,36.7271]]],[[[25.545898,36.967578],[25.456738,36.929688],[25.361914,37.07041],[25.525293,37.196387],[25.587891,37.152539],[25.545898,36.967578]]],[[[25.278906,37.068408],[25.199414,36.991309],[25.105469,37.034961],[25.235059,37.148535],[25.275293,37.137842],[25.278906,37.068408]]],[[[25.482422,36.392627],[25.435938,36.340088],[25.370508,36.358936],[25.408984,36.47373],[25.482422,36.392627]]],[[[25.381738,36.674023],[25.259961,36.758447],[25.295898,36.78916],[25.406934,36.717334],[25.381738,36.674023]]],[[[26.824414,37.811426],[27.039648,37.77002],[27.055078,37.709277],[26.844922,37.644727],[26.581055,37.72373],[26.638672,37.780859],[26.824414,37.811426]]],[[[26.029297,37.529395],[25.982422,37.525586],[26.086328,37.634912],[26.351367,37.674316],[26.204883,37.568506],[26.029297,37.529395]]],[[[25.859375,36.79043],[25.743164,36.789746],[26.000684,36.937402],[26.064453,36.902734],[25.859375,36.79043]]],[[[26.460645,36.5854],[26.331445,36.511377],[26.27002,36.546924],[26.269824,36.59541],[26.337012,36.580566],[26.37002,36.638574],[26.460645,36.5854]]],[[[24.355957,37.576855],[24.288965,37.528271],[24.32041,37.677734],[24.379102,37.682715],[24.355957,37.576855]]],[[[24.435742,37.344434],[24.378906,37.314111],[24.369727,37.419629],[24.43125,37.475195],[24.481445,37.408008],[24.435742,37.344434]]],[[[24.535742,36.76377],[24.530664,36.683984],[24.325977,36.655615],[24.357422,36.744287],[24.425195,36.712939],[24.535742,36.76377]]],[[[24.942871,37.493506],[24.911523,37.390576],[24.906543,37.508887],[24.942871,37.493506]]],[[[24.991699,37.759619],[24.962207,37.692383],[24.714355,37.898877],[24.700195,37.96167],[24.79043,37.990137],[24.855078,37.913672],[24.956348,37.904785],[24.991699,37.759619]]],[[[25.255859,37.599609],[25.21875,37.535107],[25.156348,37.545068],[24.996484,37.676904],[25.255859,37.599609]]],[[[24.720898,36.921436],[24.681445,37.021631],[24.763184,36.949219],[24.720898,36.921436]]],[[[26.094043,38.218066],[25.998535,38.161523],[25.891895,38.243311],[25.874316,38.269629],[25.991406,38.353516],[25.85127,38.508398],[25.846094,38.574023],[26.0125,38.601709],[26.160352,38.540723],[26.157031,38.30293],[26.094043,38.218066]]],[[[26.410156,39.329443],[26.547168,38.994141],[25.844141,39.200049],[26.410156,39.329443]]],[[[25.685742,40.426562],[25.572656,40.400439],[25.448047,40.482812],[25.568555,40.515869],[25.685742,40.426562]]],[[[25.437695,39.983301],[25.357031,39.808105],[25.263379,39.822949],[25.249414,39.894141],[25.185156,39.829932],[25.062207,39.852393],[25.058008,39.999658],[25.23418,40.00542],[25.285742,39.956299],[25.449121,40.034814],[25.437695,39.983301]]],[[[25.402734,37.419141],[25.307129,37.412988],[25.312695,37.489307],[25.462988,37.471094],[25.402734,37.419141]]],[[[24.523535,37.125098],[24.424805,37.131982],[24.441211,37.186865],[24.529102,37.192334],[24.523535,37.125098]]],[[[27.842773,35.929297],[27.745703,35.911035],[27.715527,35.957324],[27.757324,36.069189],[27.716309,36.171582],[27.914453,36.345312],[28.231836,36.433643],[28.067676,36.129687],[28.087793,36.065332],[27.965527,36.04751],[27.842773,35.929297]]],[[[23.852246,35.535449],[26.320215,35.315137],[24.799805,34.934473],[23.592773,35.257227],[23.852246,35.535449]]],[[[26.320898,41.716553],[26.624902,41.401758],[26.10918,40.749658],[23.762793,40.747803],[24.343359,40.147705],[23.72793,40.329736],[23.94707,39.965576],[22.629492,40.495557],[23.327734,39.174902],[22.569141,38.86748],[23.966992,38.275],[24.055371,37.709619],[23.501758,38.034863],[23.036328,37.878369],[23.489258,37.440186],[22.725391,37.542139],[23.160156,36.448096],[21.738086,36.863232],[21.124707,37.891602],[21.403711,38.19668],[23.183496,38.133691],[21.182617,38.345557],[20.768555,38.874414],[21.118359,39.02998],[20.300781,39.3271],[20.00127,39.709424],[20.964258,40.849902],[24.056055,41.527246],[25.92334,41.311914],[26.320898,41.716553]]]]}},{"type":"Feature","properties":{"sigla":"GHA","nome":"Gana"},"geometry":{"type":"Polygon","coordinates":[[[-0.068604,11.115625],[0.686328,8.354883],[0.525586,6.850928],[1.187207,6.089404],[-2.001855,4.762451],[-3.114014,5.088672],[-2.75498,5.43252],[-3.235791,6.807227],[-2.505859,8.20874],[-2.829932,10.998389],[-0.068604,11.115625]]]}},{"type":"Feature","properties":{"sigla":"DEU","nome":"Alemanha"},"geometry":{"type":"MultiPolygon","coordinates":[[[[9.524023,47.524219],[7.56543,47.606543],[8.134863,48.973584],[6.344336,49.452734],[5.94873,51.802686],[7.019629,52.266016],[6.691602,52.530176],[7.206445,53.654541],[9.783984,53.554639],[8.644922,54.294971],[8.957227,54.53833],[8.670313,54.903418],[11.013379,54.37915],[10.917773,53.995312],[12.575391,54.467383],[13.724219,54.153223],[14.258887,53.729639],[14.128613,52.878223],[14.963867,51.095117],[12.089746,50.268555],[13.785352,48.587451],[12.760352,48.106982],[13.014355,47.478076],[9.524023,47.524219]]],[[[13.70918,54.382715],[13.707324,54.281152],[13.482031,54.337402],[13.364355,54.24585],[13.162109,54.364551],[13.17666,54.544238],[13.239941,54.638428],[13.422754,54.699316],[13.491211,54.615381],[13.657617,54.55957],[13.580469,54.463965],[13.70918,54.382715]]],[[[14.211426,53.950342],[14.213672,53.870752],[13.925781,53.879053],[13.92168,53.996631],[13.827148,54.05957],[13.827734,54.127246],[14.211426,53.950342]]],[[[11.282813,54.417969],[11.011719,54.466162],[11.084961,54.533398],[11.233594,54.50127],[11.282813,54.417969]]],[[[8.307715,54.786963],[8.284668,54.76709],[8.295703,54.908301],[8.405176,55.05874],[8.451465,55.055371],[8.379883,54.899854],[8.62959,54.891748],[8.347363,54.847607],[8.307715,54.786963]]],[[[8.587891,54.712695],[8.400391,54.714111],[8.509961,54.760303],[8.587891,54.712695]]]]}},{"type":"Feature","properties":{"sigla":"GEO","nome":"Ge\u00f3rgia"},"geometry":{"type":"Polygon","coordinates":[[[43.439453,41.107129],[42.754102,41.578906],[41.510059,41.51748],[41.48877,42.659326],[39.97832,43.419824],[45.727539,42.475049],[46.626367,41.159668],[45.280957,41.449561],[43.439453,41.107129]]]}},{"type":"Feature","properties":{"sigla":"GMB","nome":"G\u00e2mbia"},"geometry":{"type":"Polygon","coordinates":[[[-16.562305,13.587305],[-15.10835,13.812109],[-13.826709,13.407812],[-15.151123,13.556494],[-16.76333,13.06416],[-16.669336,13.475],[-15.42749,13.468359],[-16.562305,13.587305]]]}},{"type":"Feature","properties":{"sigla":"GAB","nome":"Gab\u00e3o"},"geometry":{"type":"Polygon","coordinates":[[[13.293555,2.161572],[13.216309,1.248437],[14.180859,1.370215],[14.429883,0.901465],[13.860059,-0.20332],[14.474121,-0.573438],[14.383984,-1.890039],[13.993848,-2.490625],[12.59043,-1.826855],[12.446387,-2.32998],[11.605469,-2.342578],[11.879883,-3.665918],[11.130176,-3.916309],[9.624609,-2.36709],[8.703125,-0.591016],[9.29668,-0.35127],[9.354883,0.343604],[10.001465,0.194971],[9.324805,0.5521],[9.59082,1.031982],[11.335352,0.999707],[11.348438,2.299707],[13.293555,2.161572]]]}},{"type":"Feature","properties":{"sigla":"FRA","nome":"Fran\u00e7a"},"geometry":{"type":"MultiPolygon","coordinates":[[[[9.480371,42.80542],[9.186133,41.384912],[8.565625,42.357715],[9.480371,42.80542]]],[[[7.615625,47.592725],[6.968359,47.453223],[5.97002,46.214697],[6.776074,46.406641],[7.153418,45.400928],[6.634766,45.068164],[6.900195,44.335742],[7.637207,44.164844],[7.493164,43.767139],[6.115918,43.072363],[3.91084,43.563086],[3.051758,42.915137],[3.211426,42.431152],[2.032715,42.353516],[-1.46084,43.051758],[-1.794043,43.407324],[-1.081006,45.532422],[-0.548486,45.000586],[-1.146289,46.311377],[-2.059375,46.810303],[-2.19707,47.162939],[-1.742529,47.215967],[-4.312109,47.8229],[-4.678809,48.039502],[-4.241406,48.303662],[-4.7625,48.450244],[-1.376465,48.652588],[-1.856445,49.683789],[0.416895,49.448389],[0.186719,49.703027],[1.592773,50.252197],[1.672266,50.88501],[2.524902,51.097119],[4.176074,49.960254],[4.818652,50.153174],[5.507324,49.510889],[8.134863,48.973584],[7.615625,47.592725]]],[[[-1.17832,45.904053],[-1.213574,45.816602],[-1.368701,45.967676],[-1.388672,46.050391],[-1.17832,45.904053]]],[[[45.180273,-12.976758],[45.117578,-12.984961],[45.069434,-12.895605],[45.093555,-12.786133],[45.042578,-12.70127],[45.092383,-12.653027],[45.223145,-12.752148],[45.180273,-12.976758]]],[[[55.797363,-21.339355],[55.557617,-21.358301],[55.362695,-21.273633],[55.232813,-21.058398],[55.311328,-20.904102],[55.450488,-20.865137],[55.661914,-20.90625],[55.839063,-21.138574],[55.797363,-21.339355]]],[[[-60.82627,14.494482],[-60.862109,14.42627],[-60.899414,14.473779],[-61.063721,14.46709],[-61.090332,14.529687],[-61.011328,14.601904],[-61.141113,14.652393],[-61.21333,14.848584],[-61.127393,14.875293],[-60.927148,14.755176],[-60.933691,14.686182],[-60.82627,14.494482]]],[[[-61.327148,16.23042],[-61.522168,16.228027],[-61.528906,16.433789],[-61.471191,16.506641],[-61.355469,16.363184],[-61.172607,16.256104],[-61.327148,16.23042]]],[[[-61.589551,16.006934],[-61.670459,15.962061],[-61.759424,16.062061],[-61.794092,16.300977],[-61.748047,16.355273],[-61.552344,16.270898],[-61.589551,16.006934]]],[[[-61.230469,15.889941],[-61.310742,15.894678],[-61.318408,15.954883],[-61.25,16.006299],[-61.203418,15.92124],[-61.230469,15.889941]]],[[[-54.61626,2.326758],[-53.990479,3.589551],[-54.47334,4.914697],[-53.919922,5.768994],[-52.899316,5.425049],[-52.00293,4.352295],[-51.827539,4.635693],[-51.652539,4.061279],[-52.700635,2.363672],[-54.61626,2.326758]]]]}},{"type":"Feature","properties":{"sigla":"FIN","nome":"Finl\u00e2ndia"},"geometry":{"type":"MultiPolygon","coordinates":[[[[24.155469,65.805273],[23.700293,66.252637],[23.988574,66.810547],[23.454883,67.460254],[23.638867,67.954395],[20.622168,69.036865],[21.59375,69.273584],[22.410938,68.719873],[24.941406,68.593262],[26.525391,69.915039],[29.141602,69.671436],[28.470703,68.488379],[29.988086,67.668262],[29.066211,66.891748],[30.0875,65.786523],[29.604199,64.968408],[30.526074,64.077295],[29.991504,63.735156],[31.533984,62.8854],[27.797656,60.536133],[22.963867,59.826367],[23.198438,60.021826],[22.462695,60.029199],[22.584961,60.380566],[21.436035,60.596387],[21.605957,61.591553],[21.103613,62.622949],[21.545117,63.204297],[25.288184,64.860352],[25.347852,65.479248],[24.155469,65.805273]]],[[[21.994238,60.33667],[21.818652,60.381836],[21.827246,60.469922],[21.994238,60.33667]]],[[[21.217773,63.241309],[21.421973,63.245898],[21.415625,63.197363],[21.253418,63.152002],[21.083887,63.277539],[21.236328,63.277734],[21.217773,63.241309]]],[[[22.175098,60.370752],[22.35498,60.355859],[22.415527,60.303369],[22.312891,60.269971],[22.360547,60.165576],[22.258301,60.165625],[22.077148,60.286328],[22.175098,60.370752]]],[[[21.450879,60.52959],[21.436914,60.483057],[21.3,60.479785],[21.214551,60.603857],[21.268066,60.638281],[21.450879,60.52959]]],[[[21.833203,60.140527],[21.69502,60.114355],[21.764258,60.198828],[21.864355,60.201807],[21.833203,60.140527]]],[[[21.62832,60.107812],[21.486035,60.126807],[21.634082,60.168994],[21.62832,60.107812]]],[[[24.848242,64.991016],[24.578613,64.978564],[24.576563,65.042871],[24.786035,65.086426],[24.997559,65.038721],[24.848242,64.991016]]]]}},{"type":"Feature","properties":{"sigla":"FJI","nome":"Fiji"},"geometry":{"type":"MultiPolygon","coordinates":[[[[179.999219,-16.168555],[179.56416,-16.636914],[179.92793,-16.744434],[178.497461,-16.787891],[179.999219,-16.168555]]],[[[178.280176,-17.371973],[178.667676,-18.080859],[177.321387,-18.077539],[177.504492,-17.539551],[178.280176,-17.371973]]],[[[-179.974902,-16.924805],[-180,-16.962988],[-180,-16.785547],[-179.860986,-16.688281],[-179.822314,-16.765332],[-179.974902,-16.924805]]],[[[180,-16.963086],[179.925879,-17.000293],[179.896973,-16.964063],[180,-16.785742],[180,-16.963086]]],[[[178.487891,-18.974121],[178.487695,-19.01709],[178.358984,-19.045605],[178.287988,-19.003711],[178.162109,-19.121484],[178.020801,-19.15166],[177.958691,-19.121582],[178.334277,-18.934473],[178.487891,-18.974121]]],[[[-178.988086,-17.97666],[-179.079004,-17.944141],[-179.047607,-17.92041],[-178.988086,-17.97666]]],[[[-178.761914,-18.233887],[-178.8479,-18.202051],[-178.763086,-18.191406],[-178.761914,-18.233887]]],[[[-178.251123,-17.952734],[-178.357227,-17.920898],[-178.280322,-17.886426],[-178.251123,-17.952734]]],[[[-178.956494,-17.272852],[-179.003906,-17.294922],[-178.971484,-17.212695],[-179.005029,-17.14834],[-178.914844,-17.223047],[-178.956494,-17.272852]]],[[[-178.535107,-19.166016],[-178.595947,-19.151367],[-178.589307,-19.118848],[-178.535107,-19.166016]]],[[[-179.799854,-18.940332],[-179.865039,-18.99873],[-179.856201,-18.943262],[-179.799854,-18.940332]]],[[[177.23418,-17.14707],[177.182813,-17.163867],[177.210156,-17.084277],[177.287402,-17.048633],[177.23418,-17.14707]]],[[[179.422363,-17.366797],[179.388965,-17.393848],[179.373145,-17.256152],[179.432813,-17.271582],[179.422363,-17.366797]]],[[[179.349316,-18.102344],[179.253516,-18.030566],[179.306445,-17.944043],[179.349316,-18.102344]]],[[[178.827539,-17.729004],[178.776074,-17.746777],[178.747656,-17.685742],[178.787109,-17.624414],[178.831055,-17.618848],[178.827539,-17.729004]]],[[[-179.929443,-16.502832],[-179.999951,-16.540039],[-179.999951,-16.488867],[-179.900928,-16.431543],[-179.929443,-16.502832]]],[[[-179.956152,-16.149219],[-180,-16.168262],[-179.969385,-16.126074],[-179.956152,-16.149219]]],[[[180,-16.540039],[179.984668,-16.522168],[180,-16.488867],[180,-16.540039]]],[[[177.121484,-12.505469],[177.00625,-12.491113],[177.118066,-12.482324],[177.121484,-12.505469]]],[[[174.629688,-21.69502],[174.592969,-21.702344],[174.587207,-21.680078],[174.629688,-21.69502]]],[[[-178.711621,-20.667773],[-178.729102,-20.660156],[-178.727539,-20.645215],[-178.711621,-20.667773]]]]}},{"type":"Feature","properties":{"sigla":"ETH","nome":"Eti\u00f3pia"},"geometry":{"type":"Polygon","coordinates":[[[35.268359,5.492285],[34.710645,6.660303],[33.012598,7.951514],[34.094531,8.582227],[34.275684,10.528125],[36.10752,12.726465],[36.524316,14.256836],[37.571191,14.149072],[37.88418,14.852295],[40.820117,14.11167],[42.378516,12.466406],[41.798242,10.980469],[42.922754,10.999316],[42.841602,10.203076],[43.983789,9.008838],[47.978223,7.99707],[44.940527,4.912012],[43.583496,4.85498],[41.883984,3.977734],[40.765234,4.273047],[39.494434,3.456104],[36.021973,4.468115],[35.268359,5.492285]]]}},{"type":"Feature","properties":{"sigla":"EST","nome":"Est\u00f4nia"},"geometry":{"type":"MultiPolygon","coordinates":[[[[27.351953,57.528125],[24.322559,57.870605],[24.529102,58.354248],[23.767578,58.36084],[23.494434,59.195654],[25.509277,59.639014],[28.0125,59.484277],[27.43418,58.787256],[27.778516,57.870703],[27.351953,57.528125]]],[[[22.617383,58.62124],[23.323242,58.45083],[21.996875,57.931348],[21.862305,58.497168],[22.617383,58.62124]]],[[[22.92373,58.826904],[22.841699,58.777441],[22.767285,58.820898],[22.661426,58.70918],[22.542188,58.68999],[22.472656,58.712061],[22.411035,58.863379],[22.05625,58.943604],[22.462598,58.974316],[22.649414,59.087109],[22.725488,59.015088],[22.909863,58.991211],[23.008691,58.833936],[22.92373,58.826904]]],[[[23.343555,58.550342],[23.063477,58.611084],[23.16543,58.678125],[23.332813,58.648584],[23.343555,58.550342]]]]}},{"type":"Feature","properties":{"sigla":"ERI","nome":"Eritreia"},"geometry":{"type":"MultiPolygon","coordinates":[[[[36.524316,14.256836],[37.008984,17.058887],[38.609473,18.005078],[39.785547,15.124854],[39.86377,15.470312],[41.176465,14.620312],[43.116699,12.708594],[42.378516,12.466406],[40.140625,14.456055],[38.431445,14.428613],[37.88418,14.852295],[37.571191,14.149072],[36.524316,14.256836]]],[[[40.076465,16.082422],[40.110059,15.985742],[39.996094,16.042676],[40.048145,16.104492],[40.076465,16.082422]]],[[[40.141211,15.696143],[40.18252,15.64292],[40.250098,15.703467],[40.408203,15.629199],[40.399023,15.579883],[39.975195,15.612451],[39.947461,15.696143],[40.070508,15.676611],[39.939941,15.744531],[40.000488,15.828271],[39.956738,15.889404],[40.096777,15.838477],[40.141211,15.696143]]]]}},{"type":"Feature","properties":{"sigla":"GNQ","nome":"Guin\u00e9 Equatorial"},"geometry":{"type":"MultiPolygon","coordinates":[[[[8.735742,3.758301],[8.910059,3.758203],[8.946094,3.627539],[8.704004,3.223633],[8.474902,3.264648],[8.434277,3.332422],[8.464648,3.450586],[8.577246,3.482373],[8.675879,3.735937],[8.735742,3.758301]]],[[[11.328711,2.167432],[11.335352,0.999707],[9.385938,1.139258],[9.800781,2.304443],[11.328711,2.167432]]]]}},{"type":"Feature","properties":{"sigla":"SLV","nome":"El Salvador"},"geometry":{"type":"Polygon","coordinates":[[[-89.362598,14.416016],[-87.731445,13.841064],[-87.820703,13.285156],[-90.095215,13.736523],[-89.362598,14.416016]]]}},{"type":"Feature","properties":{"sigla":"EGY","nome":"Egito"},"geometry":{"type":"Polygon","coordinates":[[[36.871387,21.996729],[24.980273,21.99585],[24.852734,31.334814],[25.893262,31.620898],[29.07207,30.830273],[31.08291,31.60332],[31.888965,31.541406],[32.101758,31.092822],[34.198145,31.322607],[34.904297,29.477344],[34.220117,27.764307],[32.565723,29.973975],[32.359766,29.630664],[35.783887,23.937793],[35.697852,22.946191],[36.871387,21.996729]]]}},{"type":"Feature","properties":{"sigla":"ECU","nome":"Equador"},"geometry":{"type":"MultiPolygon","coordinates":[[[[-75.284473,-0.106543],[-75.62627,-0.122852],[-75.259375,-0.590137],[-75.570557,-1.53125],[-78.345361,-3.397363],[-79.033301,-4.969141],[-80.478564,-4.430078],[-79.729883,-2.579102],[-79.842139,-2.067383],[-80.284717,-2.706738],[-80.932178,-2.269141],[-80.902393,-1.078906],[-80.282373,-0.620508],[-80.035937,0.83457],[-78.859668,1.455371],[-77.396338,0.393896],[-76.270605,0.439404],[-75.284473,-0.106543]]],[[[-80.131592,-2.973145],[-80.150684,-3.011719],[-80.272949,-2.995898],[-80.223682,-2.753125],[-80.080762,-2.668848],[-79.909033,-2.725586],[-80.093408,-2.845898],[-80.131592,-2.973145]]],[[[-78.909229,1.252783],[-78.965625,1.245361],[-78.991699,1.293213],[-78.899805,1.359766],[-78.909229,1.252783]]],[[[-90.334863,-0.771582],[-90.542139,-0.676465],[-90.531689,-0.581445],[-90.469727,-0.517383],[-90.269385,-0.484668],[-90.185303,-0.544824],[-90.192725,-0.658789],[-90.334863,-0.771582]]],[[[-89.418896,-0.911035],[-89.536621,-0.952344],[-89.608594,-0.888574],[-89.423145,-0.722266],[-89.287842,-0.689844],[-89.259375,-0.728418],[-89.418896,-0.911035]]],[[[-91.425977,-0.46084],[-91.610742,-0.443945],[-91.64668,-0.284473],[-91.460156,-0.255664],[-91.399365,-0.322461],[-91.425977,-0.46084]]],[[[-90.423926,-1.339941],[-90.519531,-1.299121],[-90.477197,-1.220996],[-90.37915,-1.292285],[-90.423926,-1.339941]]],[[[-91.272168,0.025146],[-90.799658,-0.752051],[-91.131055,-1.019629],[-91.49541,-0.860938],[-91.120947,-0.559082],[-91.596826,0.0021],[-91.272168,0.025146]]],[[[-90.573926,-0.333984],[-90.620459,-0.364258],[-90.809033,-0.329395],[-90.867773,-0.271387],[-90.780371,-0.160449],[-90.55332,-0.278418],[-90.573926,-0.333984]]]]}},{"type":"Feature","properties":{"sigla":"DOM","nome":"Rep\u00fablica Dominicana"},"geometry":{"type":"Polygon","coordinates":[[[-71.768311,18.03916],[-71.557764,19.895361],[-69.956836,19.671875],[-68.33916,18.611523],[-68.687402,18.214941],[-71.027832,18.273193],[-71.438965,17.635596],[-71.768311,18.03916]]]}},{"type":"Feature","properties":{"sigla":"DMA","nome":"Dominica"},"geometry":{"type":"Polygon","coordinates":[[[-61.281689,15.249023],[-61.375391,15.227295],[-61.481152,15.525146],[-61.458105,15.633105],[-61.277246,15.526709],[-61.281689,15.249023]]]}},{"type":"Feature","properties":{"sigla":"DJI","nome":"Djibouti"},"geometry":{"type":"Polygon","coordinates":[[[43.245996,11.499805],[42.922754,10.999316],[41.798242,10.980469],[42.45,12.521338],[43.116699,12.708594],[43.380273,12.09126],[42.521777,11.572168],[43.245996,11.499805]]]}},{"type":"Feature","properties":{"sigla":"DNK","nome":"Dinamarca"},"geometry":{"type":"MultiPolygon","coordinates":[[[[12.56875,55.785059],[11.862305,54.772607],[10.978906,55.721533],[12.218945,56.118652],[12.56875,55.785059]]],[[[9.739746,54.825537],[8.670313,54.903418],[8.132129,55.599805],[8.163965,56.606885],[9.196387,56.70166],[9.110449,57.043652],[8.268262,56.754004],[8.618555,57.111279],[10.609961,57.736914],[10.282715,56.620508],[10.926172,56.443262],[9.591113,55.493213],[9.739746,54.825537]]],[[[10.645117,55.609814],[10.623828,55.052441],[9.858984,55.357227],[10.645117,55.609814]]],[[[11.361426,54.89165],[11.739551,54.807422],[11.765918,54.679443],[11.457422,54.628857],[11.035547,54.773096],[11.058594,54.940576],[11.258496,54.951807],[11.361426,54.89165]]],[[[10.734082,54.750732],[10.689746,54.745068],[10.62168,54.851416],[10.951074,55.156201],[10.734082,54.750732]]],[[[12.549219,54.965771],[12.118848,54.914404],[12.274023,55.064111],[12.549219,54.965771]]],[[[12.665723,55.596533],[12.550879,55.55625],[12.520313,55.6146],[12.62002,55.679346],[12.665723,55.596533]]],[[[10.484375,54.847559],[10.340527,54.858936],[10.199902,54.962744],[10.484375,54.847559]]],[[[10.06123,54.886377],[9.80625,54.906006],[9.771191,55.059912],[9.998828,54.986475],[10.06123,54.886377]]],[[[10.607324,55.783057],[10.526953,55.783789],[10.547168,55.991943],[10.661719,55.877588],[10.607324,55.783057]]],[[[11.052148,57.252539],[10.873828,57.262256],[10.93457,57.308594],[11.174512,57.3229],[11.052148,57.252539]]],[[[15.087695,55.021875],[14.68418,55.102246],[14.713672,55.238037],[14.765332,55.296729],[15.132617,55.144531],[15.087695,55.021875]]]]}},{"type":"Feature","properties":{"sigla":"CZE","nome":"Ch\u00e9quia"},"geometry":{"type":"Polygon","coordinates":[[[18.832227,49.510791],[16.953125,48.598828],[14.993457,49.001123],[14.189844,48.578564],[12.681152,49.414502],[12.089844,50.301758],[14.99375,51.014355],[16.359961,50.621387],[16.63916,50.102148],[17.702246,50.307178],[18.832227,49.510791]]]}},{"type":"Feature","properties":{"sigla":"CYP","nome":"Chipre"},"geometry":{"type":"Polygon","coordinates":[[[32.712695,35.171045],[34.050195,34.988379],[32.941797,34.575879],[32.317188,34.95332],[32.712695,35.171045]]]}},{"type":"Feature","properties":{"sigla":"CUB","nome":"Cuba"},"geometry":{"type":"MultiPolygon","coordinates":[[[[-81.837451,23.163037],[-79.820264,22.887012],[-74.153711,20.168555],[-77.715088,19.855469],[-77.22959,20.64375],[-78.116357,20.761865],[-78.727686,21.592725],[-81.849414,22.213672],[-81.838818,22.672461],[-84.838232,21.82793],[-84.044922,22.666016],[-81.837451,23.163037]]],[[[-77.668994,21.951953],[-77.710059,21.921338],[-77.918555,22.088086],[-77.633691,22.054004],[-77.668994,21.951953]]],[[[-78.0271,22.285156],[-78.180029,22.321973],[-78.273535,22.423584],[-78.150586,22.431494],[-78.0271,22.285156]]],[[[-78.630127,22.552246],[-78.351221,22.538623],[-78.283887,22.455469],[-78.547656,22.464014],[-78.695508,22.533984],[-78.630127,22.552246]]],[[[-77.879395,22.127539],[-78.04165,22.20127],[-77.999219,22.29873],[-77.84248,22.148975],[-77.879395,22.127539]]],[[[-82.561768,21.57168],[-83.183789,21.593457],[-82.991211,21.942725],[-82.561768,21.57168]]],[[[-79.349561,22.663916],[-79.522754,22.711133],[-79.628174,22.805225],[-79.349561,22.663916]]]]}},{"type":"Feature","properties":{"sigla":"HRV","nome":"Cro\u00e1cia"},"geometry":{"type":"MultiPolygon","coordinates":[[[[13.57793,45.516895],[15.339453,45.467041],[16.321191,46.534619],[17.807129,45.79043],[18.905371,45.931738],[19.400977,45.189062],[18.941309,44.865186],[15.788086,45.178955],[17.585156,42.938379],[15.985547,43.519775],[14.550488,45.297705],[13.860742,44.837402],[13.57793,45.516895]]],[[[16.650684,42.996582],[17.093652,42.964355],[17.188281,42.917041],[16.850684,42.895508],[16.696387,42.933691],[16.650684,42.996582]]],[[[17.194043,43.125781],[16.679199,43.123145],[16.376465,43.21377],[16.521387,43.229248],[17.194043,43.125781]]],[[[16.785254,43.270654],[16.423145,43.317236],[16.448926,43.387061],[16.891309,43.314648],[16.785254,43.270654]]],[[[15.231055,44.062305],[15.24668,44.027051],[15.06582,44.157666],[15.231055,44.062305]]],[[[14.810254,44.977051],[14.687012,44.955615],[14.437891,45.098633],[14.571094,45.224756],[14.810254,44.977051]]],[[[14.831445,44.758936],[14.856641,44.714844],[14.660352,44.799805],[14.690527,44.848145],[14.754199,44.844824],[14.831445,44.758936]]],[[[15.188477,44.335742],[15.162598,44.30918],[14.912793,44.48584],[14.741895,44.697363],[15.239941,44.350195],[15.188477,44.335742]]],[[[15.18877,43.922363],[15.13584,43.907275],[14.865039,44.167969],[15.18877,43.922363]]],[[[15.371387,43.973828],[15.437207,43.899512],[15.27002,44.010742],[15.371387,43.973828]]],[[[14.488086,44.660059],[14.480371,44.62124],[14.419531,44.670312],[14.312402,44.900391],[14.340039,45.019971],[14.28584,45.144629],[14.33125,45.16499],[14.467383,44.970215],[14.488086,44.660059]]],[[[17.607813,42.769043],[17.744238,42.700342],[17.344141,42.790381],[17.607813,42.769043]]],[[[18.436328,42.559717],[18.51748,42.43291],[17.823828,42.797412],[17.04541,43.014893],[17.219824,43.025879],[17.723633,42.850684],[17.667578,42.897119],[17.801953,42.902246],[18.123926,42.690576],[18.436328,42.559717]]]]}},{"type":"Feature","properties":{"sigla":"CIV","nome":"Costa do Marfim"},"geometry":{"type":"MultiPolygon","coordinates":[[[[-3.086719,5.12832],[-3.114014,5.088672],[-3.246387,5.114062],[-3.214893,5.147217],[-3.086719,5.12832]]],[[[-7.990625,10.1625],[-7.01709,10.143262],[-6.261133,10.724072],[-6.117188,10.201904],[-5.556592,10.439941],[-4.62583,9.713574],[-3.223535,9.895459],[-2.69585,9.481348],[-2.505859,8.20874],[-3.243896,6.648682],[-2.815674,5.153027],[-5.282373,5.210254],[-7.544971,4.351318],[-7.454395,5.841309],[-8.603564,6.507812],[-8.236963,8.455664],[-7.681201,8.410352],[-7.990625,10.1625]]]]}},{"type":"Feature","properties":{"sigla":"CRI","nome":"Costa Rica"},"geometry":{"type":"Polygon","coordinates":[[[-82.563574,9.57666],[-82.939844,9.44917],[-82.879346,8.070654],[-85.025049,10.115723],[-85.114502,9.581787],[-85.624854,9.902441],[-85.908008,10.897559],[-83.641992,10.917236],[-82.563574,9.57666]]]}},{"type":"Feature","properties":{"sigla":"COD","nome":"Rep\u00fablica Democr\u00e1tica do Congo"},"geometry":{"type":"Polygon","coordinates":[[[30.751172,-8.193652],[28.898145,-8.485449],[28.400684,-9.224805],[28.48252,-11.812109],[29.064355,-12.348828],[29.795117,-12.155469],[29.775195,-13.438086],[29.111621,-13.395117],[27.15918,-11.579199],[26.025977,-11.890137],[25.28877,-11.212402],[24.37793,-11.41709],[23.966504,-10.871777],[22.278809,-11.194141],[21.781641,-7.314648],[19.875195,-6.986328],[19.34082,-7.966602],[17.57959,-8.099023],[16.431445,-5.900195],[12.213672,-5.758691],[12.829688,-4.736621],[14.358301,-4.299414],[14.70791,-4.881738],[15.990039,-3.766211],[16.215332,-2.177832],[17.752832,-0.549023],[18.56748,4.257568],[19.068555,4.891406],[19.686035,5.121387],[20.558105,4.462695],[22.422168,4.134961],[22.864551,4.723877],[27.114941,5.197852],[28.19209,4.350244],[29.676855,4.586914],[30.895313,3.463672],[30.728613,2.455371],[31.274023,2.146289],[29.942871,0.819238],[29.576953,-1.387891],[28.857617,-2.44668],[29.54082,-6.313867],[30.751172,-8.193652]]]}},{"type":"Feature","properties":{"sigla":"COG","nome":"Rep\u00fablica do Congo"},"geometry":{"type":"Polygon","coordinates":[[[11.130176,-3.916309],[11.879883,-3.665918],[11.605469,-2.342578],[12.446387,-2.32998],[12.59043,-1.826855],[13.993848,-2.490625],[14.383984,-1.890039],[14.474121,-0.573438],[13.860059,-0.20332],[14.429883,0.901465],[14.180859,1.370215],[13.216309,1.248437],[13.293555,2.161572],[16.059375,1.676221],[16.610742,3.505371],[18.499805,3.604102],[17.752832,-0.549023],[16.215332,-2.177832],[15.872461,-3.934277],[14.70791,-4.881738],[14.358301,-4.299414],[13.414941,-4.837402],[12.798242,-4.430566],[12.018359,-5.004297],[11.130176,-3.916309]]]}},{"type":"Feature","properties":{"sigla":"COM","nome":"Comores"},"geometry":{"type":"MultiPolygon","coordinates":[[[[44.476367,-12.081543],[44.526758,-12.219531],[44.50498,-12.356543],[44.220117,-12.171387],[44.379102,-12.165625],[44.412598,-12.092969],[44.476367,-12.081543]]],[[[43.788672,-12.307031],[43.858984,-12.368262],[43.663672,-12.342871],[43.631348,-12.24707],[43.788672,-12.307031]]],[[[43.46582,-11.90127],[43.30332,-11.844043],[43.22666,-11.751855],[43.256055,-11.432129],[43.299023,-11.374512],[43.392969,-11.408594],[43.379395,-11.61416],[43.491504,-11.862109],[43.46582,-11.90127]]]]}},{"type":"Feature","properties":{"sigla":"COL","nome":"Col\u00f4mbia"},"geometry":{"type":"MultiPolygon","coordinates":[[[[-71.319727,11.861914],[-72.690088,10.83584],[-73.366211,9.194141],[-72.796387,9.108984],[-72.006641,7.032617],[-70.129199,6.953613],[-69.427148,6.123975],[-67.481982,6.180273],[-67.855273,4.506885],[-67.311133,3.415869],[-67.859082,2.793604],[-67.21084,2.390137],[-66.884473,1.358252],[-67.400439,2.116699],[-69.848584,1.70874],[-69.852148,1.059521],[-69.15332,0.658789],[-70.053906,0.578613],[-69.400244,-1.194922],[-69.965918,-4.235938],[-70.735107,-3.781543],[-70.09585,-2.658203],[-70.968555,-2.206836],[-72.941113,-2.394043],[-74.801758,-0.200098],[-77.396338,0.393896],[-79.025439,1.623682],[-77.076807,3.913281],[-77.520703,4.212793],[-77.368799,6.575586],[-77.901172,7.229346],[-77.195996,7.972461],[-77.393066,8.644678],[-76.786572,7.931592],[-76.920459,8.57373],[-75.639355,9.450439],[-75.70835,10.143408],[-74.84458,11.109717],[-74.400879,10.765234],[-74.14292,11.32085],[-73.313379,11.295752],[-71.714551,12.419971],[-71.262109,12.335303],[-71.319727,11.861914]]],[[[-78.113721,2.541748],[-78.19248,2.559277],[-78.178418,2.646338],[-78.113721,2.541748]]]]}},{"type":"Feature","properties":{"sigla":"CHN","nome":"China"},"geometry":{"type":"MultiPolygon","coordinates":[[[[118.183008,24.496289],[118.149512,24.436133],[118.090527,24.446143],[118.076758,24.501416],[118.103809,24.552344],[118.183008,24.496289]]],[[[121.862695,31.492285],[121.780469,31.46377],[121.519922,31.549609],[121.336426,31.64375],[121.211133,31.805371],[121.46416,31.756445],[121.576563,31.637305],[121.862695,31.492285]]],[[[122.295898,29.963428],[122.024023,30.01333],[121.969434,30.143115],[122.284473,30.068018],[122.322266,30.031396],[122.295898,29.963428]]],[[[122.172559,29.679004],[122.042676,29.735937],[122.062305,29.772754],[122.119629,29.782227],[122.172559,29.679004]]],[[[122.403906,29.892383],[122.367578,29.852686],[122.331836,29.934961],[122.401563,29.950244],[122.403906,29.892383]]],[[[119.820898,25.456982],[119.74668,25.410693],[119.700293,25.432715],[119.722559,25.638818],[119.77793,25.653174],[119.838379,25.591064],[119.820898,25.456982]]],[[[110.385156,21.093164],[110.422363,21.058594],[110.521582,21.083105],[110.503906,20.967725],[110.280957,21.001172],[110.309863,21.074756],[110.385156,21.093164]]],[[[121.251367,28.086426],[121.131543,28.062598],[121.133984,28.135254],[121.205469,28.204395],[121.251367,28.086426]]],[[[113.555273,22.804199],[113.563672,22.75791],[113.404395,22.902832],[113.464941,22.904541],[113.555273,22.804199]]],[[[112.790234,21.601855],[112.712695,21.697949],[112.782031,21.772266],[112.862598,21.752637],[112.800684,21.694873],[112.790234,21.601855]]],[[[112.64375,21.639648],[112.525,21.623047],[112.647656,21.710254],[112.64375,21.639648]]],[[[107.972656,21.507959],[106.663574,21.978906],[106.780273,22.778906],[105.275391,23.345215],[103.941504,22.540088],[101.70752,22.486572],[101.728125,21.156396],[101.079785,21.755859],[100.147656,21.480518],[99.917676,22.028027],[99.173438,22.15332],[99.507129,22.959131],[98.86377,23.19126],[98.835059,24.121191],[97.564551,23.911035],[97.819531,25.251855],[98.65625,25.863574],[98.651172,27.572461],[97.658887,28.5],[96.281445,28.412061],[96.580859,28.763672],[96.035352,29.447168],[95.389258,29.037402],[94.623047,29.312402],[91.977637,27.730371],[89.897852,28.294141],[88.891406,27.316064],[88.621094,28.091846],[85.994531,27.9104],[82.043359,30.326758],[81.110352,30.036816],[78.757812,31.30249],[78.389648,32.519873],[79.219336,32.501074],[78.970117,34.302637],[78.282031,34.653906],[78.042676,35.479785],[76.177832,35.810547],[75.840234,36.649707],[74.376172,37.137354],[75.11875,37.385693],[74.835938,38.404297],[73.80166,38.606885],[73.631641,39.448877],[74.835156,40.482617],[76.318555,40.352246],[76.907715,41.02417],[78.123438,41.075635],[80.235156,42.043457],[80.165039,42.665527],[80.785742,43.161572],[80.481543,44.714648],[79.871875,44.883789],[82.521484,45.125488],[82.315234,45.594922],[83.029492,47.185937],[85.484766,47.063525],[85.692187,48.311816],[86.885938,49.090576],[87.814258,49.162305],[87.979688,48.555127],[90.313281,47.676172],[91.028906,46.566064],[90.877246,45.196094],[95.350293,44.278076],[96.385449,42.720361],[101.495313,42.53877],[104.982031,41.595508],[106.77002,42.288721],[109.339844,42.438379],[111.933203,43.711426],[111.402246,44.367285],[111.898047,45.064062],[113.587012,44.745703],[117.438086,46.58623],[119.867188,46.672168],[118.498438,47.983984],[115.898242,47.686914],[115.525098,48.130859],[116.683301,49.823779],[117.873438,49.513477],[119.259863,50.066406],[120.749805,52.096533],[120.044336,52.718213],[120.704102,53.171826],[123.607813,53.546533],[125.649023,53.042285],[127.550781,49.801807],[130.553125,48.861182],[131.002734,47.691455],[134.293359,48.373437],[134.752344,47.71543],[133.113477,45.130713],[131.851855,45.326855],[130.981641,44.844336],[131.257324,43.378076],[130.526953,42.5354],[129.898242,42.998145],[129.697852,42.448145],[128.045215,41.9875],[128.149414,41.387744],[126.721582,41.716553],[124.26748,39.92417],[121.163574,38.731641],[121.818457,39.386523],[121.26748,39.544678],[122.263867,40.500195],[121.834863,40.974268],[118.976953,39.182568],[117.784668,39.134473],[117.656055,38.424219],[118.940039,38.042773],[119.287402,37.138281],[120.75,37.833936],[122.666992,37.402832],[122.340918,36.832227],[120.183301,36.202441],[119.165332,34.848828],[120.266699,34.274023],[120.853223,32.661377],[121.832422,31.899756],[120.035937,31.936279],[120.715527,31.98374],[121.834473,31.061621],[120.194629,30.241309],[122.08291,29.870361],[121.50625,29.48457],[121.968359,29.490625],[121.447656,29.131348],[121.609961,28.292139],[120.747656,28.009961],[120.042969,26.633838],[119.588184,26.784961],[119.881055,26.33418],[119.139453,26.121777],[119.61875,26.003564],[119.622461,25.391162],[117.842676,24.474316],[118.056055,24.246094],[116.470703,22.945898],[114.01543,22.511914],[113.519727,23.1021],[113.549121,22.225195],[110.410937,21.338135],[110.344727,20.294824],[109.88252,20.364063],[109.930762,21.480566],[109.566406,21.690576],[109.148633,21.425537],[108.479883,21.904639],[107.972656,21.507959]]],[[[110.88877,19.991943],[110.067383,18.447559],[108.701563,18.535254],[108.665527,19.304102],[109.263477,19.882666],[110.88877,19.991943]]]]}},{"type":"Feature","properties":{"sigla":"CHL","nome":"Chile"},"geometry":{"type":"MultiPolygon","coordinates":[[[[-109.27998,-27.14043],[-109.434131,-27.171289],[-109.390479,-27.068359],[-109.222852,-27.101074],[-109.27998,-27.14043]]],[[[-78.80415,-33.646484],[-78.989453,-33.661719],[-78.877441,-33.575195],[-78.768945,-33.627344],[-78.80415,-33.646484]]],[[[-70.418262,-18.345605],[-69.510937,-17.506055],[-69.093945,-18.050488],[-67.879443,-22.822949],[-67.008789,-23.001367],[-67.356201,-24.033789],[-68.562012,-24.747363],[-68.318652,-26.973242],[-69.656934,-28.413574],[-69.844287,-30.175],[-70.51958,-31.148438],[-69.852441,-34.224316],[-70.555176,-35.246875],[-70.404785,-36.061719],[-71.192187,-36.843652],[-70.847656,-38.541602],[-71.719922,-39.635254],[-71.75,-42.046777],[-72.143701,-42.577148],[-71.82002,-44.383105],[-71.159717,-44.560254],[-72.063721,-44.771875],[-71.35376,-45.230469],[-71.699658,-46.651367],[-72.614404,-48.792871],[-73.57627,-49.58291],[-73.15293,-50.738281],[-72.340234,-50.681836],[-72.407666,-51.54082],[-71.971094,-51.96416],[-68.460986,-52.29043],[-70.795117,-52.76875],[-71.297754,-53.883398],[-72.412891,-53.350195],[-71.791455,-53.48457],[-71.227148,-52.810645],[-72.548926,-53.460742],[-73.052734,-53.243457],[-72.727686,-52.762305],[-71.511279,-52.605371],[-72.712109,-52.535547],[-73.122461,-53.073926],[-73.645215,-52.837012],[-73.123926,-52.487988],[-74.014453,-52.639355],[-74.295654,-52.117871],[-72.52334,-52.255469],[-72.542529,-51.706152],[-73.16875,-51.453906],[-72.600049,-51.799121],[-73.518164,-52.041016],[-74.19668,-51.680566],[-73.939502,-51.266309],[-75.094678,-50.68125],[-74.644482,-50.360938],[-73.806543,-50.938379],[-73.654443,-50.492676],[-73.978027,-50.827051],[-74.62959,-50.194043],[-73.836377,-49.609375],[-73.934961,-49.020898],[-74.366553,-49.400488],[-74.009082,-48.475],[-74.584668,-47.999023],[-73.391064,-48.145898],[-73.715869,-47.655469],[-74.654932,-47.702246],[-74.134082,-47.59082],[-74.482666,-47.430469],[-74.313574,-46.788184],[-75.706396,-46.705273],[-73.957178,-45.404395],[-74.392969,-46.217383],[-73.735254,-45.811719],[-73.845361,-46.566016],[-73.730762,-45.47998],[-72.933838,-45.452344],[-73.404883,-45.102344],[-72.680078,-44.593945],[-73.265088,-44.168652],[-72.773242,-42.257715],[-72.412354,-42.388184],[-72.824072,-41.908789],[-72.318262,-41.499023],[-73.735156,-41.74248],[-73.983594,-40.974316],[-73.226465,-39.224414],[-73.662402,-37.341016],[-72.223779,-35.096191],[-71.452246,-32.65957],[-71.519238,-28.926465],[-70.646582,-26.329395],[-70.593359,-23.255469],[-70.087549,-21.493066],[-70.418262,-18.345605]]],[[[-68.629932,-52.652637],[-68.653223,-54.853613],[-71.901562,-54.601562],[-70.310986,-54.528516],[-70.863086,-54.110449],[-70.531299,-53.627344],[-70.535303,-54.136133],[-69.253174,-54.557422],[-70.151123,-53.888086],[-69.355957,-53.416309],[-70.329297,-53.377637],[-70.380127,-52.751953],[-68.629932,-52.652637]]],[[[-67.079932,-55.153809],[-67.172559,-55.242578],[-67.339697,-55.292578],[-67.494727,-55.177441],[-67.767773,-55.25957],[-68.07002,-55.221094],[-68.301367,-54.980664],[-68.106934,-54.929395],[-67.245264,-54.977637],[-67.107324,-55.063574],[-67.079932,-55.153809]]],[[[-73.773389,-43.345898],[-74.387354,-43.231641],[-74.03667,-41.795508],[-73.4229,-42.192871],[-73.773389,-43.345898]]],[[[-74.476172,-49.147852],[-74.594727,-50.006641],[-74.723828,-49.423828],[-75.549805,-49.791309],[-74.89624,-48.733203],[-74.476172,-49.147852]]],[[[-75.510254,-48.763477],[-75.391406,-48.019727],[-75.158496,-48.622656],[-75.510254,-48.763477]]],[[[-74.385742,-52.922363],[-73.654004,-53.069824],[-73.450586,-53.144336],[-73.135205,-53.353906],[-73.567285,-53.306836],[-73.61709,-53.229688],[-73.866943,-53.096875],[-74.270215,-53.081543],[-74.558301,-52.921875],[-74.712012,-52.74873],[-74.571533,-52.771289],[-74.385742,-52.922363]]],[[[-74.567285,-48.591992],[-75.247266,-48.026758],[-74.827441,-47.850391],[-74.567285,-48.591992]]],[[[-72.923242,-53.481641],[-72.20542,-53.807422],[-72.870996,-54.126563],[-73.845459,-53.545801],[-72.923242,-53.481641]]],[[[-74.822949,-51.630176],[-74.694482,-52.279199],[-75.105371,-51.788867],[-74.822949,-51.630176]]],[[[-69.702979,-54.919043],[-68.458008,-54.959668],[-68.04834,-55.643164],[-69.192627,-55.171875],[-69.411816,-55.444238],[-69.979785,-55.147461],[-69.702979,-54.919043]]],[[[-71.390479,-54.032813],[-71.143262,-54.374023],[-72.210449,-54.047754],[-71.390479,-54.032813]]],[[[-73.735352,-44.394531],[-73.7521,-45.266797],[-74.099072,-45.325391],[-74.617773,-44.647949],[-73.994922,-44.140234],[-73.735352,-44.394531]]],[[[-72.986133,-44.780078],[-73.39707,-44.774316],[-73.26001,-44.350293],[-72.776367,-44.508594],[-72.986133,-44.780078]]],[[[-75.04248,-44.890137],[-75.09873,-44.901758],[-75.142139,-44.815625],[-75.079492,-44.795117],[-75.04248,-44.890137]]],[[[-75.302002,-50.67998],[-75.330469,-50.772363],[-75.438525,-50.741113],[-75.477393,-50.654199],[-75.427637,-50.480566],[-75.115332,-50.510449],[-75.292334,-50.596875],[-75.302002,-50.67998]]],[[[-75.106689,-48.836523],[-75.115088,-48.916016],[-75.389941,-49.15918],[-75.506104,-49.230664],[-75.641162,-49.19541],[-75.487646,-49.082422],[-75.514551,-49.00957],[-75.637842,-48.942578],[-75.583105,-48.858887],[-75.118604,-48.772949],[-75.106689,-48.836523]]],[[[-75.112207,-47.837695],[-75.18584,-47.850684],[-75.261035,-47.763867],[-75.089844,-47.690625],[-74.926465,-47.723145],[-74.916016,-47.756641],[-75.112207,-47.837695]]],[[[-74.66875,-43.607812],[-74.810449,-43.625391],[-74.841992,-43.570312],[-74.74502,-43.535938],[-74.66875,-43.607812]]],[[[-73.632178,-44.821484],[-73.69458,-44.831152],[-73.818457,-44.652148],[-73.779492,-44.55918],[-73.686475,-44.546289],[-73.641211,-44.61084],[-73.632178,-44.821484]]],[[[-74.558643,-51.277051],[-74.560889,-51.36084],[-74.620361,-51.395703],[-74.730908,-51.367383],[-74.85332,-51.43418],[-75.047363,-51.39834],[-75.289111,-51.625391],[-75.300049,-51.556445],[-75.153662,-51.278809],[-75.040332,-51.318164],[-74.73667,-51.207617],[-74.611572,-51.207129],[-74.558643,-51.277051]]],[[[-75.054785,-50.296094],[-75.449121,-50.343359],[-75.32666,-50.011816],[-75.054785,-50.296094]]],[[[-73.810645,-43.827246],[-73.789648,-43.876465],[-73.90415,-43.875391],[-73.955664,-43.921973],[-74.142969,-43.872168],[-74.139941,-43.820996],[-73.856934,-43.783789],[-73.810645,-43.827246]]],[[[-74.142187,-51.931055],[-74.338672,-51.897949],[-74.423633,-51.845117],[-74.475391,-51.725684],[-74.133398,-51.870898],[-74.142187,-51.931055]]],[[[-74.312891,-45.691504],[-74.689844,-45.662598],[-74.310547,-45.172656],[-74.312891,-45.691504]]],[[[-67.575195,-55.889648],[-67.849707,-55.842578],[-67.517285,-55.832813],[-67.575195,-55.889648]]],[[[-66.472119,-55.229102],[-66.551709,-55.272852],[-66.636621,-55.234375],[-66.523145,-55.165527],[-66.435791,-55.189746],[-66.472119,-55.229102]]],[[[-70.991602,-54.867969],[-70.92793,-54.942969],[-70.804834,-54.967676],[-70.417529,-54.908887],[-70.283057,-55.065918],[-70.297852,-55.11377],[-70.475586,-55.177051],[-70.597461,-55.082031],[-70.710986,-55.106934],[-70.939844,-55.061914],[-70.990723,-54.99043],[-71.20332,-54.892969],[-71.388574,-54.934277],[-71.437207,-54.889258],[-71.374268,-54.83457],[-70.991602,-54.867969]]],[[[-67.288867,-55.776855],[-67.563477,-55.707813],[-67.374072,-55.589355],[-67.262451,-55.74375],[-67.288867,-55.776855]]]]}},{"type":"Feature","properties":{"sigla":"TCD","nome":"Chade"},"geometry":{"type":"Polygon","coordinates":[[[23.980273,19.496631],[23.970801,15.721533],[22.933887,15.533105],[21.825293,12.790527],[22.352344,12.660449],[22.860059,10.919678],[21.771484,10.642822],[20.34209,9.1271],[18.95625,8.938867],[18.56416,8.045898],[15.480078,7.523779],[13.977246,9.691553],[15.654883,10.007812],[14.84707,12.5021],[13.448242,14.380664],[15.474316,16.908398],[15.963184,20.346191],[15.181836,21.523389],[14.979004,22.996191],[15.984082,23.445215],[23.980273,19.496631]]]}},{"type":"Feature","properties":{"sigla":"CAF","nome":"Rep\u00fablica Centro-Africana"},"geometry":{"type":"Polygon","coordinates":[[[24.147363,8.665625],[27.40332,5.10918],[25.525098,5.312109],[22.864551,4.723877],[22.422168,4.134961],[19.500977,5.12749],[18.594141,4.34624],[18.610352,3.478418],[16.610742,3.505371],[16.183398,2.270068],[14.73125,4.602393],[14.440723,6.086719],[15.480078,7.523779],[18.56416,8.045898],[18.888281,8.889746],[20.631445,9.301367],[22.043164,10.822705],[22.860059,10.919678],[23.646289,9.8229],[23.537305,8.81582],[24.147363,8.665625]]]}},{"type":"Feature","properties":{"sigla":"CPV","nome":"Cabo Verde"},"geometry":{"type":"MultiPolygon","coordinates":[[[[-25.169824,16.946484],[-25.308301,16.93584],[-25.337109,17.091016],[-25.113477,17.193652],[-25.034668,17.176465],[-24.979687,17.094727],[-25.169824,16.946484]]],[[[-23.444238,15.007959],[-23.504687,14.916113],[-23.705371,14.961328],[-23.78501,15.076904],[-23.748096,15.328516],[-23.444238,15.007959]]],[[[-24.887061,16.818115],[-25.019971,16.797217],[-25.093066,16.83252],[-24.936475,16.922119],[-24.887061,16.818115]]],[[[-22.917725,16.237256],[-22.749414,16.221533],[-22.692627,16.169043],[-22.710107,16.043359],[-22.820508,15.986035],[-22.959277,16.045117],[-22.917725,16.237256]]],[[[-24.308252,14.856299],[-24.440527,14.834814],[-24.51709,14.93125],[-24.496875,14.980273],[-24.391992,15.038281],[-24.329492,15.019482],[-24.308252,14.856299]]],[[[-24.087695,16.62251],[-24.032715,16.572021],[-24.243066,16.599414],[-24.322363,16.493115],[-24.398096,16.618408],[-24.376709,16.677783],[-24.087695,16.62251]]],[[[-22.88833,16.659082],[-22.920264,16.60791],[-22.980615,16.700879],[-22.990918,16.808838],[-22.93291,16.841016],[-22.88833,16.659082]]],[[[-23.182129,15.136768],[-23.251807,15.178125],[-23.210254,15.323535],[-23.137744,15.317725],[-23.119336,15.268408],[-23.115869,15.16665],[-23.182129,15.136768]]]]}},{"type":"Feature","properties":{"sigla":"CAN","nome":"Canad\u00e1"},"geometry":{"type":"MultiPolygon","coordinates":[[[[-132.655518,54.12749],[-132.166113,53.955225],[-132.534668,53.651709],[-131.667627,54.141357],[-132.011328,53.265186],[-132.74751,53.310498],[-133.097949,54.005615],[-132.655518,54.12749]]],[[[-131.753711,53.195557],[-131.971777,52.879834],[-131.221533,52.153613],[-132.546777,53.1375],[-131.753711,53.195557]]],[[[-127.197314,50.640381],[-125.48208,50.316797],[-123.283789,48.455176],[-125.017236,48.711475],[-124.812646,49.212646],[-125.543115,48.952832],[-126.548535,49.418945],[-126.134082,49.672314],[-127.863916,50.127734],[-127.465918,50.583105],[-128.241553,50.828174],[-127.197314,50.640381]]],[[[-130.025098,55.888232],[-131.824268,56.58999],[-133.401123,58.410889],[-135.475928,59.793262],[-137.438574,58.903125],[-139.079248,60.343701],[-141.002148,60.300244],[-141.002148,69.650781],[-135.258838,68.684326],[-135.910205,69.111475],[-134.408936,69.681787],[-133.879785,69.507715],[-134.174316,69.252832],[-129.675635,70.192969],[-133.196826,68.739844],[-131.788379,69.431982],[-130.970654,69.209082],[-128.853027,69.751025],[-127.683789,70.260352],[-127.991016,70.573828],[-125.727783,69.37998],[-124.555029,70.151221],[-124.338086,69.364844],[-121.741846,69.79751],[-115.442285,68.940918],[-113.964404,68.399072],[-115.133203,67.819189],[-110.073926,67.99292],[-107.988721,67.256396],[-108.496045,67.092285],[-107.259473,66.398535],[-107.745996,66.961475],[-107.156494,66.881738],[-107.958398,67.818604],[-105.750195,68.592285],[-108.322803,68.154102],[-108.718115,68.297461],[-108.345752,68.597803],[-106.164453,68.919873],[-104.486816,68.063184],[-102.320361,67.735645],[-99.032178,67.718848],[-98.412109,67.807178],[-98.631543,68.072559],[-97.454932,67.616992],[-97.139844,67.79624],[-98.650488,68.363525],[-97.410352,68.496533],[-96.430664,68.310596],[-96.72207,68.03877],[-95.970312,68.249121],[-96.369141,67.509766],[-95.418896,67.013232],[-96.422559,67.051758],[-95.787549,66.616797],[-96.036865,66.9375],[-95.25874,67.262549],[-95.460693,68.021387],[-93.448926,68.618896],[-93.852441,69.000342],[-94.600439,68.803223],[-93.532275,69.480908],[-96.551367,70.210303],[-95.878613,70.548975],[-96.548926,70.80874],[-96.446582,71.239893],[-94.611133,71.986865],[-91.564062,70.178271],[-92.320508,70.235352],[-91.976709,70.038672],[-92.887793,69.668213],[-90.415576,69.456982],[-91.237207,69.285547],[-90.247754,68.267432],[-89.279541,69.255469],[-88.041357,68.811719],[-87.82793,68.299951],[-88.313818,67.950342],[-87.359375,67.177246],[-86.560791,67.482129],[-85.689795,68.670947],[-84.867578,68.77334],[-85.507373,69.845264],[-82.37417,69.641797],[-82.754834,69.494385],[-81.377832,69.185645],[-81.95791,68.883643],[-81.25249,68.743164],[-82.552686,68.446484],[-81.294336,67.497412],[-81.467578,67.069873],[-83.406445,66.37124],[-85.113721,66.906934],[-83.869043,66.213574],[-86.708154,66.523047],[-85.95874,66.119043],[-87.452881,65.338965],[-91.427246,65.9479],[-87.027539,65.198096],[-88.105615,64.183301],[-90.04165,64.140869],[-90.811914,63.580908],[-93.696338,64.147168],[-90.711279,63.304053],[-90.777881,62.971631],[-92.361279,62.819385],[-91.93584,62.592383],[-92.551416,62.546729],[-92.527979,62.168408],[-93.205371,62.364941],[-92.905518,62.215137],[-94.761719,60.498242],[-94.957324,59.068848],[-94.332227,58.297363],[-94.123193,58.736719],[-93.17876,58.725635],[-92.432812,57.320312],[-92.798145,56.921973],[-90.592187,57.224463],[-85.67666,55.601074],[-85.365283,55.079297],[-82.393262,55.067822],[-81.827881,52.224219],[-80.657959,51.75835],[-80.443311,51.388574],[-80.851221,51.125],[-80.103564,51.282861],[-79.3479,50.762646],[-79.688818,51.346582],[-79.296973,51.622803],[-78.903174,51.200293],[-78.448096,52.261377],[-78.996045,54.00249],[-79.712354,54.671826],[-77.775293,55.29126],[-76.529834,56.499951],[-76.890918,57.758105],[-78.505908,58.649121],[-77.289209,60.022021],[-77.603027,60.825195],[-78.181348,60.819141],[-77.514355,61.556299],[-78.133398,62.282275],[-77.372412,62.57251],[-74.632568,62.115674],[-73.705078,62.473145],[-71.422705,61.158936],[-69.471924,61.010938],[-69.67373,60.075879],[-70.654834,60.026221],[-69.733936,59.918018],[-69.344043,59.303076],[-70.154346,58.760596],[-68.381152,58.743506],[-68.356543,58.163232],[-69.04082,57.90249],[-68.021045,58.485303],[-67.678271,57.991113],[-66.362402,58.791162],[-66.002393,58.431201],[-65.475098,59.470312],[-65.038232,59.387891],[-65.433398,59.776514],[-64.499414,60.268262],[-64.768457,60.012109],[-63.415137,59.194385],[-63.971143,59.053809],[-62.873877,58.672461],[-63.537061,58.329932],[-62.593848,58.474023],[-63.261523,58.014697],[-61.958643,57.911768],[-62.495557,57.489209],[-61.33374,57.010596],[-61.371631,56.680811],[-62.497266,56.801709],[-60.341016,55.784668],[-60.617139,55.060205],[-59.758789,55.30957],[-59.437891,55.175928],[-59.837793,54.813965],[-59.25957,55.199951],[-57.404492,54.590869],[-60.39541,53.65332],[-60.329492,53.266113],[-58.309961,54.20166],[-57.416064,54.162744],[-57.331738,53.469092],[-55.966113,53.471143],[-55.802832,52.643164],[-56.324902,52.544531],[-55.672803,52.190137],[-56.975977,51.457666],[-58.510352,51.295068],[-60.080176,50.25459],[-66.495508,50.211865],[-69.673877,48.19917],[-71.018262,48.455615],[-69.775,48.098096],[-71.267773,46.795947],[-74.315088,45.531055],[-73.973828,45.345117],[-76.819971,43.628809],[-78.845557,43.58335],[-79.036719,42.802344],[-82.690039,41.675195],[-83.149658,42.141943],[-82.137842,43.570898],[-82.551074,45.347363],[-84.149463,46.542773],[-88.378174,48.303076],[-91.518311,48.058301],[-94.620898,48.742627],[-95.155273,49.369678],[-95.162061,48.991748],[-123.077295,48.980225],[-123.1875,49.680322],[-124.028613,49.602881],[-123.582471,49.68125],[-123.825439,50.144238],[-124.28125,49.772119],[-124.782373,50.020117],[-124.859863,50.872412],[-126.094336,50.497607],[-126.517334,51.056836],[-127.708105,51.151172],[-126.691455,51.703418],[-127.714063,51.490186],[-127.795361,52.191016],[-126.713965,52.060693],[-127.193994,52.457666],[-127.019336,52.84248],[-128.102246,51.788428],[-128.053271,52.910693],[-129.171582,53.533594],[-127.927832,53.274707],[-128.675537,53.55459],[-128.532129,53.858105],[-129.563721,53.251465],[-130.335254,53.723926],[-129.626025,54.230273],[-130.430273,54.420996],[-129.560645,55.462549],[-130.048486,55.057275],[-130.025098,55.888232]]],[[[-109.815967,78.650391],[-109.484473,78.316406],[-113.292578,78.334375],[-109.815967,78.650391]]],[[[-110.458057,78.103223],[-109.619043,78.056836],[-110.865625,77.834131],[-110.198486,77.524512],[-111.951953,77.344189],[-113.283447,77.813037],[-110.458057,78.103223]]],[[[-115.55127,77.363281],[-116.329199,77.137061],[-115.946289,76.711279],[-117.233594,76.281543],[-117.992969,76.405811],[-117.880811,76.805078],[-119.912891,75.858838],[-122.902783,76.134717],[-119.090186,77.305078],[-115.55127,77.363281]]],[[[-108.292383,76.057129],[-106.913525,75.679639],[-105.604443,75.929932],[-106.092627,75.089453],[-112.519336,74.416846],[-114.376953,74.67085],[-111.181201,75.260449],[-113.711768,75.068604],[-113.46709,75.416113],[-114.016504,75.434277],[-115.728857,74.968115],[-117.600098,75.27168],[-115.141846,75.678516],[-117.163623,75.644873],[-114.991504,75.896338],[-116.664551,75.957568],[-114.778613,76.172607],[-115.831738,76.295801],[-114.998486,76.497461],[-109.086377,75.506494],[-110.309473,76.397412],[-108.831641,76.821143],[-108.292383,76.057129]]],[[[-114.521533,72.59292],[-113.073535,72.995264],[-111.269727,72.713721],[-111.675098,72.300146],[-110.008447,72.983643],[-107.812842,71.626172],[-107.306006,71.894678],[-108.237402,73.149902],[-106.482129,73.196191],[-105.415137,72.78833],[-104.385937,71.576953],[-104.514795,71.064258],[-100.905713,69.811719],[-103.434766,69.667676],[-103.120215,69.20459],[-101.789258,69.181641],[-102.895068,68.823633],[-106.659082,69.4396],[-109.472119,68.676709],[-113.019531,68.481348],[-113.694141,69.19502],[-116.513477,69.424609],[-117.19541,70.054053],[-111.632568,70.308838],[-117.587061,70.629541],[-118.376514,70.967725],[-115.303418,71.493701],[-118.987695,71.764258],[-118.374512,72.533887],[-116.573242,73.054932],[-114.206396,73.297803],[-114.521533,72.59292]]],[[[-119.736328,74.112646],[-117.514844,74.231738],[-115.392822,73.501953],[-118.961572,72.684131],[-120.179883,72.212646],[-120.619336,71.505762],[-123.095654,71.093799],[-125.845313,71.978662],[-123.797266,73.768164],[-124.69624,74.348193],[-121.50415,74.545117],[-119.736328,74.112646]]],[[[-69.488867,83.016797],[-66.422559,82.926855],[-68.469336,82.653369],[-63.49873,82.792578],[-61.273535,82.279834],[-68.688525,81.293311],[-64.832764,81.438623],[-69.550684,80.383252],[-70.712598,80.5396],[-70.264893,80.233594],[-72.055957,80.123242],[-70.559082,80.070996],[-71.387842,79.761768],[-76.898828,79.512305],[-74.532324,79.052734],[-78.581641,79.075],[-74.433105,78.724121],[-76.416113,78.511523],[-75.193457,78.327734],[-78.012598,77.946045],[-78.493213,77.369385],[-81.659082,77.525439],[-81.277734,77.365186],[-81.756348,77.204004],[-77.99873,76.851953],[-80.799707,76.173584],[-82.529834,76.723291],[-85.343604,76.313379],[-88.395996,76.405273],[-88.49585,76.772852],[-88.545801,76.420898],[-89.570068,76.491943],[-89.499756,76.826807],[-86.812256,77.184912],[-88.016992,77.784717],[-84.487012,77.367969],[-82.710352,77.849512],[-85.289355,77.559033],[-85.547559,77.927686],[-84.222705,78.176025],[-84.910352,78.239697],[-84.783203,78.527588],[-85.585938,78.10957],[-87.551758,78.176611],[-86.80791,78.774365],[-81.750098,78.975781],[-84.412012,78.996582],[-83.575879,79.053662],[-86.420752,79.845215],[-86.498535,80.258252],[-80.475928,79.60625],[-82.987012,80.322607],[-76.862988,80.864795],[-78.716211,80.95166],[-76.885107,81.430273],[-81.007031,80.654883],[-85.14585,80.521143],[-86.2521,80.789551],[-83.288818,81.147949],[-87.71167,80.65625],[-89.263281,80.914307],[-84.941211,81.28623],[-89.623047,81.032471],[-87.597021,81.52583],[-91.684082,81.635693],[-85.044824,81.982812],[-86.615625,82.218555],[-84.896826,82.449414],[-79.424854,81.854443],[-82.447559,82.39502],[-78.748779,82.679395],[-79.886328,82.938525],[-76.009375,82.535156],[-77.124902,83.008545],[-69.488867,83.016797]]],[[[-95.484375,77.791992],[-93.128711,77.660156],[-95.987061,77.484131],[-95.484375,77.791992]]],[[[-93.542578,75.02793],[-93.573096,74.668848],[-94.534521,74.636719],[-96.599609,75.031787],[-94.878174,75.630029],[-93.542578,75.02793]]],[[[-100.001904,73.945898],[-97.111719,73.790332],[-98.430908,72.958057],[-96.54209,72.69873],[-96.613428,71.833838],[-98.322705,71.852344],[-98.198633,71.440869],[-99.167139,71.367188],[-102.70874,72.764502],[-100.128125,72.906689],[-100.536377,73.197852],[-99.825146,73.213867],[-101.523193,73.486377],[-100.52168,73.449316],[-100.985107,73.765332],[-100.001904,73.945898]]],[[[-84.919629,65.261084],[-84.501123,65.458447],[-82.05,64.644287],[-81.887109,64.016406],[-80.261328,63.801953],[-81.046387,63.461572],[-83.303955,64.143799],[-85.392627,63.119678],[-85.768945,63.700342],[-87.177148,63.595117],[-86.2521,64.136865],[-85.813965,65.831934],[-84.919629,65.261084]]],[[[-97.700928,76.466504],[-97.890527,75.760352],[-97.336035,75.419824],[-97.991797,75.045801],[-100.234375,75.007715],[-100.711914,75.406348],[-99.19458,75.698389],[-102.79751,75.599658],[-100.972803,75.798438],[-102.137744,76.284863],[-101.787549,76.45127],[-99.865479,75.924219],[-99.541064,76.146289],[-100.57373,76.584619],[-97.700928,76.466504]]],[[[-103.426025,79.315625],[-100.014746,78.728613],[-98.999609,77.996875],[-104.879346,78.40127],[-103.371582,78.736328],[-104.895508,78.808154],[-105.535645,79.03252],[-105.387695,79.323584],[-103.426025,79.315625]]],[[[-91.885547,81.132861],[-88.857324,80.166211],[-87.675,80.372119],[-87.922314,80.097705],[-86.977197,79.894238],[-87.295166,79.580176],[-85.042139,79.28457],[-87.617383,78.676318],[-88.040186,78.995312],[-87.982861,78.537061],[-88.741602,78.584033],[-88.822412,78.185889],[-90.037109,78.606836],[-89.489844,78.171924],[-92.35127,78.312891],[-92.848242,78.460107],[-91.866895,78.542676],[-94.169678,78.972803],[-91.299902,79.372705],[-95.103174,79.289893],[-95.662891,79.527344],[-94.401855,79.736328],[-95.85752,79.673779],[-96.773242,80.135791],[-94.262598,80.194873],[-96.394092,80.315039],[-95.549072,80.366602],[-95.926953,80.720654],[-93.92793,80.55918],[-95.514746,80.838135],[-93.345117,81.085352],[-94.179346,81.339258],[-91.885547,81.132861]]],[[[-94.294971,76.912451],[-93.211865,76.754688],[-93.53457,76.447705],[-91.305029,76.680762],[-89.284521,76.301611],[-91.407324,76.220068],[-88.916699,75.453955],[-82.153662,75.831055],[-79.660205,75.449512],[-80.381982,75.03418],[-79.401416,74.917627],[-81.940186,74.472705],[-83.52207,74.901465],[-84.425537,74.508105],[-91.50835,74.650684],[-92.389258,75.26333],[-92.185107,75.846533],[-93.091748,76.354004],[-95.273877,76.264404],[-96.897998,76.754004],[-94.294971,76.912451]]],[[[-96.204492,78.531299],[-94.915381,78.390527],[-95.329248,78.225049],[-94.934277,78.075635],[-96.989648,77.806006],[-97.658154,78.090625],[-96.944678,78.151855],[-98.34082,78.751221],[-96.204492,78.531299]]],[[[-93.17085,74.160986],[-90.35459,73.868652],[-92.11792,72.753809],[-94.211328,72.756934],[-93.541602,72.437012],[-94.037549,72.02876],[-95.192969,72.027441],[-95.63291,73.695459],[-93.17085,74.160986]]],[[[-97.439453,69.642676],[-95.267773,68.826074],[-96.598828,68.46084],[-99.440869,68.917676],[-98.041357,69.456641],[-98.238672,69.780029],[-97.439453,69.642676]]],[[[-61.105176,45.944727],[-60.737891,45.751416],[-60.297949,46.31123],[-59.828027,45.965137],[-61.449805,45.716211],[-60.489062,47.009717],[-60.494531,46.270264],[-61.105176,45.944727]]],[[[-67.124854,45.169434],[-67.802246,45.727539],[-67.806787,47.082812],[-69.242871,47.462988],[-70.865039,45.270703],[-74.708887,45.003857],[-70.519482,47.03252],[-68.815674,48.366016],[-65.523389,49.266162],[-64.216211,48.873633],[-64.348828,48.423193],[-66.704395,48.022461],[-64.703223,47.724854],[-65.318896,47.101221],[-64.831396,47.060791],[-64.541504,46.240332],[-62.750098,45.648242],[-61.955518,45.868164],[-61.031543,45.291748],[-64.286084,44.550342],[-65.481689,43.518066],[-66.125732,43.813818],[-66.090625,44.504932],[-63.368018,45.364795],[-64.873145,45.35459],[-64.314648,45.835693],[-64.632715,45.946631],[-65.884473,45.2229],[-67.124854,45.169434]]],[[[-55.45874,51.536523],[-56.031104,51.328369],[-55.8,51.033301],[-56.822168,49.613477],[-56.179395,50.11499],[-55.50293,49.983154],[-56.140186,49.619141],[-55.229541,49.508154],[-55.353174,49.079443],[-54.502197,49.527344],[-53.619434,49.321631],[-54.114453,48.393604],[-53.027588,48.634717],[-53.86958,48.019678],[-53.672363,47.648242],[-52.866016,48.112988],[-53.069775,46.68125],[-53.589795,46.638867],[-53.597363,47.145996],[-54.17373,46.880371],[-53.849512,47.440332],[-54.191846,47.859814],[-55.788525,46.867236],[-54.784619,47.664746],[-59.259766,47.63418],[-58.330225,48.522119],[-59.167676,48.558496],[-57.990527,48.987939],[-58.213379,49.38667],[-57.035937,51.01084],[-55.45874,51.536523]]],[[[-86.589355,71.010791],[-84.82373,71.028613],[-84.699414,71.631445],[-85.911621,71.986523],[-84.28374,72.044482],[-85.649902,72.722168],[-84.256641,72.796729],[-85.454736,73.105469],[-81.605371,73.695996],[-80.277246,72.770166],[-81.229346,72.311719],[-80.611475,72.45083],[-80.925146,71.907666],[-79.831299,72.446289],[-78.585107,71.880615],[-78.699268,72.351416],[-77.516504,72.177783],[-78.422412,72.571533],[-76.893506,72.720654],[-75.071484,72.322852],[-75.922803,71.717236],[-74.266357,72.037695],[-75.204785,71.709131],[-74.700781,71.675586],[-74.996191,71.218115],[-73.866602,71.771045],[-74.197266,71.40415],[-73.180615,71.282861],[-72.901953,71.677783],[-71.640674,71.51626],[-71.186523,71.278711],[-72.632715,70.830762],[-70.672656,71.052197],[-71.890186,70.431543],[-71.275879,70.500293],[-71.429443,70.127783],[-70.560937,70.738281],[-69.289062,70.783447],[-68.358252,70.5229],[-70.057715,70.042627],[-68.120654,70.3146],[-67.195898,69.860693],[-69.250781,69.511914],[-66.679297,69.191064],[-69.319092,68.856982],[-66.713916,68.445703],[-66.923096,68.065723],[-66.212402,68.28042],[-66.526465,67.851172],[-65.942383,68.070947],[-65.40127,67.674854],[-64.976904,68.043408],[-63.850195,67.566064],[-64.699951,67.350537],[-63.040137,67.23501],[-63.701562,66.822363],[-62.123584,67.046729],[-61.299707,66.64873],[-62.553125,66.406836],[-61.991602,66.035303],[-62.624121,66.01626],[-62.658887,65.639941],[-63.45874,65.853027],[-63.606592,64.928076],[-65.401611,65.764014],[-64.445361,66.317139],[-65.825732,65.996924],[-66.986328,66.62749],[-67.883398,66.467432],[-67.350439,65.929736],[-68.748926,66.200049],[-66.697412,64.815186],[-65.431934,64.726416],[-65.074609,64.43667],[-65.580322,64.293848],[-64.410937,63.706348],[-64.664648,63.245361],[-65.191846,63.764258],[-64.672363,62.921973],[-65.108496,62.626465],[-67.893262,63.73374],[-67.722559,63.422754],[-68.911084,63.703223],[-65.980176,62.208887],[-66.32373,61.870264],[-71.347266,63.066113],[-71.992236,63.416162],[-71.380859,63.580322],[-72.498437,63.823486],[-73.271289,64.58252],[-74.681396,64.830664],[-74.694727,64.496582],[-76.856152,64.237646],[-78.174561,64.617725],[-77.326709,65.453125],[-75.4521,64.841602],[-75.798682,65.29751],[-73.550781,65.485254],[-74.416406,66.16709],[-72.22002,67.254297],[-74.716699,69.045508],[-76.585059,68.69873],[-75.647754,69.212549],[-76.234082,69.662109],[-79.066406,70.603564],[-79.405225,70.400732],[-78.818799,70.010449],[-81.651953,70.094629],[-80.921729,69.730908],[-88.848437,70.5229],[-89.455908,71.061719],[-87.140088,71.011621],[-89.845752,71.492285],[-89.874023,72.367188],[-89.225342,73.108057],[-87.719775,73.7229],[-85.009326,73.778613],[-86.667773,72.762549],[-86.218457,71.899121],[-85.023389,71.353223],[-86.589355,71.010791]]],[[[-61.801123,49.093896],[-62.219531,49.079102],[-63.041504,49.224951],[-63.565869,49.399316],[-63.776611,49.602002],[-64.440039,49.827734],[-64.485205,49.886963],[-64.131445,49.94165],[-63.291992,49.816846],[-62.858545,49.705469],[-61.817139,49.283545],[-61.696143,49.139014],[-61.801123,49.093896]]],[[[-63.811279,46.468701],[-62.02373,46.421582],[-62.478076,45.999707],[-63.568896,46.209229],[-64.388037,46.640869],[-63.993555,47.061572],[-63.811279,46.468701]]],[[[-82.000488,62.954199],[-83.01582,62.209912],[-83.912402,62.425537],[-83.376416,62.904932],[-82.000488,62.954199]]],[[[-79.545312,62.411719],[-79.272021,62.185986],[-79.66875,61.644434],[-80.265186,61.818213],[-79.545312,62.411719]]],[[[-75.675879,68.32251],[-75.078125,68.173145],[-75.201953,67.45918],[-77.224219,67.508203],[-76.740234,68.23125],[-75.675879,68.32251]]],[[[-79.537305,73.654492],[-77.206543,73.499561],[-76.08999,72.881201],[-79.500537,72.755957],[-80.860742,73.670557],[-79.537305,73.654492]]],[[[-80.731689,52.747266],[-82.039258,53.049902],[-81.135596,53.205811],[-80.731689,52.747266]]],[[[-78.826514,56.145312],[-78.913818,56.132812],[-78.799414,56.383301],[-78.66875,56.438623],[-78.672803,56.260498],[-78.826514,56.145312]]],[[[-78.935596,56.266064],[-80.008252,55.911035],[-79.458887,56.539746],[-79.536328,56.180078],[-79.272412,56.600439],[-78.935596,56.266064]]],[[[-79.977588,56.207031],[-80.088867,56.213867],[-80.057471,56.287354],[-79.579736,56.466357],[-79.687939,56.326807],[-79.977588,56.207031]]],[[[-89.833252,77.267627],[-90.228271,77.212451],[-90.993213,77.329492],[-91.147266,77.387305],[-91.182666,77.557178],[-91.109131,77.625732],[-90.842578,77.65498],[-90.171924,77.594678],[-89.719482,77.442139],[-89.712012,77.3104],[-89.833252,77.267627]]],[[[-104.558154,77.141748],[-105.215088,77.18208],[-105.556348,77.352637],[-106.066113,77.725391],[-105.587891,77.735986],[-105.289648,77.64209],[-105.007227,77.506738],[-104.955322,77.418701],[-104.770215,77.413232],[-104.542236,77.337744],[-104.453711,77.249121],[-104.493359,77.162354],[-104.558154,77.141748]]],[[[-98.791602,79.981104],[-98.789795,79.7854],[-98.945215,79.724072],[-99.301758,79.784082],[-99.333008,79.839551],[-99.515625,79.887158],[-99.999902,79.884033],[-100.092432,79.918652],[-100.126025,80.00127],[-100.053271,80.093359],[-99.731201,80.144092],[-99.016602,80.111133],[-98.894678,80.081787],[-98.791602,79.981104]]],[[[-105.288916,72.919922],[-106.949658,73.510352],[-104.5875,73.578076],[-105.288916,72.919922]]],[[[-102.227344,76.014893],[-102.008008,75.939404],[-102.423437,75.869189],[-102.57959,75.780225],[-103.314746,75.764209],[-103.041504,75.918848],[-103.201562,75.958496],[-103.769775,75.892383],[-103.985254,75.933105],[-103.800781,76.037012],[-104.24248,76.046973],[-104.406055,76.108496],[-104.350635,76.182324],[-104.012061,76.222998],[-102.728027,76.307031],[-102.584082,76.281641],[-102.490039,76.095068],[-102.227344,76.014893]]],[[[-104.022852,76.583105],[-103.722754,76.601074],[-103.033545,76.431494],[-103.472217,76.329053],[-104.35752,76.334619],[-104.603027,76.582715],[-104.205127,76.666113],[-103.959082,76.63877],[-104.022852,76.583105]]],[[[-118.328125,75.579688],[-119.39458,75.617334],[-117.75249,76.112451],[-118.328125,75.579688]]],[[[-113.832471,77.754639],[-114.287207,77.721484],[-114.60835,77.769336],[-115.029346,77.967529],[-114.330371,78.077539],[-114.279834,78.004297],[-113.768018,77.903564],[-113.61792,77.832422],[-113.832471,77.754639]]],[[[-130.927148,54.479053],[-130.953467,54.541846],[-130.906836,54.631787],[-130.758008,54.61377],[-130.927148,54.479053]]],[[[-131.029297,51.961621],[-131.103418,52.013867],[-131.098096,52.150635],[-131.010645,52.095264],[-131.029297,51.961621]]],[[[-130.236279,53.958545],[-130.384229,53.843945],[-130.624609,53.941406],[-130.663574,53.847559],[-130.707275,53.921484],[-130.447998,54.089014],[-130.315869,54.046924],[-130.236279,53.958545]]],[[[-129.848584,53.16792],[-129.934375,53.17666],[-130.517578,53.544238],[-130.452002,53.631152],[-130.394824,53.62041],[-129.944727,53.436377],[-129.754834,53.244775],[-129.848584,53.16792]]],[[[-130.575342,54.769678],[-130.214063,55.025879],[-130.203906,54.947021],[-130.349414,54.814551],[-130.575342,54.769678]]],[[[-128.552441,52.939746],[-128.678955,52.289648],[-129.184326,52.990674],[-129.033252,53.279932],[-128.552441,52.939746]]],[[[-126.09209,49.354004],[-126.064014,49.263623],[-126.229639,49.295654],[-126.208545,49.379785],[-126.09209,49.354004]]],[[[-124.153662,49.531152],[-124.362305,49.588184],[-124.649854,49.75835],[-124.421484,49.727783],[-124.153662,49.531152]]],[[[-126.641211,49.605811],[-126.938574,49.718457],[-126.896875,49.78291],[-126.92583,49.837744],[-126.826074,49.872363],[-126.738135,49.843652],[-126.649902,49.745801],[-126.641211,49.605811]]],[[[-125.184131,50.097119],[-125.195117,50.044336],[-125.358447,50.311523],[-125.301172,50.414062],[-125.195996,50.389746],[-125.091406,50.267773],[-125.074023,50.220654],[-125.184131,50.097119]]],[[[-128.936865,52.51001],[-128.968701,52.464258],[-129.151025,52.605322],[-129.263525,52.800781],[-128.993994,52.661719],[-128.936865,52.51001]]],[[[-127.924658,51.473877],[-128.091797,51.511133],[-128.142383,51.646582],[-127.998682,51.703809],[-127.916357,51.585449],[-127.924658,51.473877]]],[[[-128.36875,52.400879],[-128.44541,52.3875],[-128.4125,52.472852],[-128.439795,52.696387],[-128.364893,52.781885],[-128.247266,52.784375],[-128.36875,52.400879]]],[[[-129.313721,52.992188],[-129.409717,53.02373],[-129.514746,53.179395],[-129.450732,53.174707],[-129.313721,52.992188]]],[[[-129.167725,53.117871],[-129.323877,53.142139],[-129.238184,53.330078],[-129.177002,53.259131],[-129.167725,53.117871]]],[[[-123.4354,48.754443],[-123.517529,48.750146],[-123.582324,48.925781],[-123.467871,48.867383],[-123.4354,48.754443]]],[[[-59.787598,43.9396],[-60.037744,43.906641],[-60.11748,43.953369],[-59.866357,43.947168],[-59.727148,44.002832],[-59.787598,43.9396]]],[[[-60.961572,45.489941],[-61.081738,45.557812],[-60.912451,45.567285],[-60.961572,45.489941]]],[[[-61.914111,47.284521],[-61.772559,47.259814],[-61.83374,47.222607],[-62.008301,47.234277],[-61.924707,47.425146],[-61.548047,47.631787],[-61.395508,47.637646],[-61.475537,47.563965],[-61.684082,47.49873],[-61.914111,47.284521]]],[[[-64.508594,47.886719],[-64.533887,47.81377],[-64.68457,47.753613],[-64.663281,47.863037],[-64.508594,47.886719]]],[[[-64.476074,47.958887],[-64.591309,47.907227],[-64.500195,48.01377],[-64.476074,47.958887]]],[[[-66.273779,44.292285],[-66.324121,44.257324],[-66.210352,44.392041],[-66.273779,44.292285]]],[[[-66.7625,44.681787],[-66.89707,44.628906],[-66.802148,44.805371],[-66.74541,44.791406],[-66.7625,44.681787]]],[[[-73.566504,45.469092],[-73.960547,45.441406],[-73.476074,45.704736],[-73.566504,45.469092]]],[[[-73.695312,45.585498],[-73.857715,45.573584],[-73.724658,45.671826],[-73.572363,45.694482],[-73.695312,45.585498]]],[[[-71.025732,46.872949],[-71.11665,46.864844],[-70.825781,46.995361],[-71.025732,46.872949]]],[[[-55.536133,50.719678],[-55.633887,50.740186],[-55.469287,50.796387],[-55.536133,50.719678]]],[[[-54.554395,49.588867],[-54.786523,49.496143],[-54.863574,49.576074],[-54.733105,49.562158],[-54.55918,49.631494],[-54.554395,49.588867]]],[[[-55.36123,51.889648],[-55.419629,51.900049],[-55.399805,51.938477],[-55.274072,51.995166],[-55.36123,51.889648]]],[[[-54.093701,49.744434],[-53.980664,49.661963],[-54.286133,49.595361],[-54.277637,49.711475],[-54.199365,49.688525],[-54.093701,49.744434]]],[[[-54.227148,47.441357],[-54.325977,47.408105],[-54.128174,47.646826],[-54.227148,47.441357]]],[[[-64.823828,62.55874],[-64.515332,62.551807],[-64.418066,62.487402],[-64.47832,62.417871],[-64.657422,62.383594],[-64.956494,62.45835],[-64.8271,62.50498],[-64.823828,62.55874]]],[[[-68.233789,60.240918],[-68.365234,60.254053],[-68.367871,60.314746],[-68.141895,60.562012],[-67.978027,60.57041],[-67.818848,60.449512],[-67.922314,60.339893],[-68.233789,60.240918]]],[[[-70.337061,62.54873],[-70.766064,62.596875],[-70.986133,62.787793],[-71.220117,62.873926],[-70.834619,62.840088],[-70.442627,62.733789],[-70.268848,62.578076],[-70.337061,62.54873]]],[[[-64.832617,61.366064],[-65.393896,61.562842],[-65.432129,61.649512],[-65.129785,61.685693],[-64.789648,61.662207],[-64.66958,61.593018],[-64.696387,61.471484],[-64.832617,61.366064]]],[[[-65.030566,61.879053],[-64.960547,61.87168],[-64.84707,61.761523],[-64.927734,61.73252],[-65.165918,61.797656],[-65.235352,61.897705],[-65.125635,61.942236],[-65.030566,61.879053]]],[[[-69.160059,59.040234],[-69.22085,58.967578],[-69.352832,58.960742],[-69.303223,59.144873],[-69.195166,59.146143],[-69.160059,59.040234]]],[[[-64.407031,60.36709],[-64.441943,60.297852],[-64.737939,60.375635],[-64.808984,60.4104],[-64.836426,60.501025],[-64.646289,60.5146],[-64.407031,60.36709]]],[[[-60.994482,56.039307],[-61.19585,56.063916],[-61.086914,56.14082],[-60.966406,56.098828],[-60.994482,56.039307]]],[[[-61.743604,57.55459],[-61.659521,57.524951],[-61.6375,57.416064],[-61.795264,57.422461],[-62.01123,57.548486],[-61.743604,57.55459]]],[[[-67.914697,69.540967],[-68.202344,69.58042],[-68.221387,69.616748],[-67.908838,69.681836],[-67.75459,69.631445],[-67.914697,69.540967]]],[[[-62.681543,67.056299],[-62.80542,67.028809],[-62.871631,67.062598],[-62.625293,67.176953],[-62.396338,67.17832],[-62.681543,67.056299]]],[[[-79.063086,75.925879],[-79.051758,75.866992],[-79.355664,75.831152],[-79.544531,75.825635],[-79.69873,75.883252],[-79.009326,76.145898],[-78.845166,76.106299],[-79.056641,75.985156],[-79.063086,75.925879]]],[[[-79.866992,56.774561],[-79.943652,56.776758],[-79.898145,56.865283],[-79.82666,56.843115],[-79.866992,56.774561]]],[[[-79.716504,57.515527],[-79.775195,57.514453],[-79.808447,57.442432],[-79.838232,57.483008],[-79.742578,57.607959],[-79.716504,57.515527]]],[[[-79.518164,56.656689],[-79.577393,56.644922],[-79.570117,56.795703],[-79.491064,56.742676],[-79.518164,56.656689]]],[[[-79.938232,53.30415],[-80.004102,53.280078],[-80.074023,53.344287],[-79.974561,53.352246],[-79.938232,53.30415]]],[[[-79.384277,51.951953],[-79.64375,52.010059],[-79.271289,52.086816],[-79.384277,51.951953]]],[[[-123.372363,48.886133],[-123.541016,48.945947],[-123.689258,49.095117],[-123.372363,48.886133]]],[[[-124.977734,50.02959],[-125.025977,50.134082],[-124.99082,50.217139],[-124.907471,50.083984],[-124.977734,50.02959]]],[[[-73.621729,67.783838],[-74.480713,67.804883],[-74.678613,67.905566],[-74.749268,68.018457],[-74.706543,68.06709],[-74.379395,68.093457],[-73.435254,67.97002],[-73.407178,67.793066],[-73.621729,67.783838]]],[[[-77.876709,63.470557],[-77.532715,63.233643],[-77.942432,63.114404],[-78.536768,63.42373],[-77.876709,63.470557]]],[[[-94.526562,75.749316],[-94.751465,75.769678],[-94.901221,75.930762],[-94.498682,75.992188],[-94.296289,75.788086],[-94.526562,75.749316]]],[[[-80.285254,59.624121],[-80.324658,59.633203],[-80.298975,59.67417],[-80.167236,59.708887],[-80.285254,59.624121]]],[[[-80.064209,59.770801],[-80.16709,59.763867],[-80.041162,59.870166],[-79.898633,59.853125],[-80.064209,59.770801]]],[[[-96.782324,72.936621],[-96.943799,72.926709],[-97.092773,72.996924],[-97.069238,73.130176],[-96.862402,73.188818],[-96.598486,73.073828],[-96.670605,72.960938],[-96.782324,72.936621]]],[[[-97.355518,74.526318],[-97.656104,74.465674],[-97.75,74.510547],[-97.416504,74.626563],[-97.291309,74.576367],[-97.355518,74.526318]]],[[[-98.270361,73.868506],[-98.973926,73.812061],[-99.416992,73.89541],[-98.818164,74.020996],[-98.061035,74.104687],[-97.698242,74.108691],[-97.659131,74.071631],[-97.861084,73.968457],[-98.270361,73.868506]]],[[[-90.199805,69.419092],[-90.177393,69.35708],[-90.295459,69.257812],[-90.492041,69.369873],[-90.199805,69.419092]]],[[[-90.492578,69.221094],[-90.574414,69.209424],[-90.771582,69.292578],[-90.765674,69.335986],[-90.599707,69.367822],[-90.492578,69.221094]]],[[[-74.000439,62.618408],[-74.253516,62.621973],[-74.626465,62.712744],[-74.108936,62.680322],[-74.016797,62.662695],[-74.000439,62.618408]]],[[[-74.880859,68.348682],[-75.310156,68.474463],[-75.400244,68.525488],[-75.396191,68.588818],[-75.287402,68.687744],[-74.983643,68.647607],[-74.798242,68.457959],[-74.880859,68.348682]]],[[[-78.531641,60.728564],[-78.668896,60.716895],[-78.612012,60.772314],[-78.241699,60.818652],[-78.531641,60.728564]]],[[[-78.982715,68.192822],[-79.174023,68.234961],[-79.153467,68.335254],[-78.952588,68.353027],[-78.828516,68.268164],[-78.982715,68.192822]]],[[[-76.677588,63.393945],[-76.921875,63.406348],[-77.364746,63.58833],[-77.133691,63.682031],[-76.652441,63.503564],[-76.677588,63.393945]]],[[[-79.430664,69.787793],[-79.36499,69.712354],[-79.552832,69.630859],[-80.04751,69.634326],[-79.977832,69.509668],[-80.448047,69.649707],[-80.794775,69.689258],[-80.726611,69.74043],[-80.465918,69.737109],[-80.424219,69.797607],[-80.213672,69.801953],[-80.124609,69.737256],[-79.593994,69.810498],[-79.430664,69.787793]]],[[[-78.029102,69.714893],[-77.969141,69.638965],[-78.03999,69.608398],[-78.470068,69.502539],[-78.848193,69.482812],[-78.578564,69.638818],[-78.295508,69.667139],[-78.200732,69.739502],[-78.029102,69.714893]]],[[[-77.64209,63.991895],[-77.714062,63.945703],[-77.965967,63.99292],[-77.563623,64.02207],[-77.64209,63.991895]]],[[[-83.123486,66.282813],[-82.931348,66.257324],[-83.059863,66.199268],[-83.237842,66.331543],[-83.123486,66.282813]]],[[[-79.210645,68.845459],[-79.361377,68.857666],[-79.405762,68.923047],[-79.242676,69.049268],[-78.930469,69.1229],[-78.771826,69.252197],[-78.662012,69.262354],[-78.689062,69.325098],[-78.650195,69.351221],[-78.332568,69.386035],[-78.228955,69.304004],[-78.852686,68.915674],[-79.210645,68.845459]]],[[[-76.995361,69.14375],[-77.340918,69.403857],[-76.668848,69.366162],[-76.995361,69.14375]]],[[[-86.913037,70.113232],[-86.612744,70.105713],[-86.515234,70.017041],[-86.734326,69.976318],[-87.043799,69.999854],[-87.323242,70.080127],[-87.107275,70.14668],[-86.913037,70.113232]]],[[[-83.725977,65.796729],[-83.233936,65.696582],[-83.381445,65.62998],[-83.606543,65.701367],[-83.649512,65.657764],[-83.787549,65.668896],[-83.798193,65.71001],[-83.701904,65.756201],[-83.813574,65.7875],[-84.118262,65.771777],[-84.143213,65.915967],[-84.467383,66.088281],[-84.407178,66.131006],[-83.786963,65.965771],[-83.701367,65.920117],[-83.765137,65.831152],[-83.725977,65.796729]]],[[[-86.595557,67.735938],[-86.892529,67.836572],[-86.908447,67.901953],[-86.84707,68.010254],[-86.959814,68.100244],[-86.7021,68.305615],[-86.569922,68.287695],[-86.421143,68.183447],[-86.396436,67.888965],[-86.595557,67.735938]]],[[[-84.674756,65.575],[-84.78291,65.570068],[-85.096338,65.756201],[-85.17417,65.94375],[-85.149609,66.015381],[-84.938574,66.008545],[-84.757373,65.858936],[-84.602637,65.657373],[-84.674756,65.575]]],[[[-93.043945,61.844092],[-93.19668,61.918555],[-93.075781,61.93501],[-92.993018,61.889697],[-93.043945,61.844092]]],[[[-101.226123,76.579346],[-101.613086,76.60459],[-100.886475,76.742676],[-100.269141,76.734131],[-101.226123,76.579346]]],[[[-103.003369,78.146436],[-103.273584,78.165771],[-102.973291,78.267236],[-102.788281,78.218164],[-103.003369,78.146436]]],[[[-101.693555,77.696582],[-102.377832,77.728125],[-102.458203,77.770166],[-102.471533,77.873486],[-101.639404,77.89209],[-101.193213,77.829785],[-101.002051,77.735107],[-101.693555,77.696582]]],[[[-89.726465,76.507422],[-90.164551,76.523584],[-90.5625,76.754297],[-90.409521,76.810156],[-89.948779,76.83623],[-89.69541,76.741162],[-89.822119,76.630615],[-89.726465,76.507422]]],[[[-96.078564,75.510107],[-96.461621,75.494238],[-96.857129,75.369141],[-97.020654,75.468066],[-96.367822,75.654639],[-95.959863,75.554346],[-96.078564,75.510107]]],[[[-95.306641,74.50542],[-95.850732,74.582471],[-95.510205,74.636768],[-95.278369,74.539551],[-95.306641,74.50542]]],[[[-121.076221,75.745264],[-121.240918,75.751855],[-121.026318,75.84751],[-121.042285,75.902979],[-120.887793,75.927979],[-120.92124,75.814453],[-121.076221,75.745264]]],[[[-113.560693,76.743262],[-113.712451,76.710547],[-114.835254,76.794678],[-114.419873,76.875342],[-113.89165,76.894873],[-113.516504,76.825049],[-113.487598,76.783252],[-113.560693,76.743262]]],[[[-104.119922,75.036328],[-104.887402,75.147754],[-103.851172,75.370801],[-104.119922,75.036328]]],[[[-100.217236,68.806689],[-100.397314,68.723828],[-100.496924,68.792236],[-100.596533,68.766406],[-100.611572,68.990186],[-100.520312,69.035059],[-100.329932,68.997559],[-100.178467,68.903906],[-100.217236,68.806689]]],[[[-99.994678,69.013525],[-100.018018,68.954004],[-100.141309,68.969922],[-100.247363,69.052783],[-100.153125,69.129492],[-100.035352,69.086572],[-99.994678,69.013525]]],[[[-100.30835,70.495801],[-100.620654,70.546924],[-100.67832,70.646191],[-100.537939,70.668604],[-100.276123,70.594629],[-100.321094,70.578369],[-100.30835,70.495801]]],[[[-95.513672,69.573633],[-95.380908,69.506592],[-95.399414,69.419775],[-95.49624,69.350098],[-95.730127,69.347559],[-95.66582,69.438965],[-95.704102,69.538037],[-95.763623,69.559619],[-95.806201,69.560498],[-95.811816,69.447021],[-95.893457,69.351758],[-95.985937,69.391895],[-95.978857,69.508838],[-95.87583,69.606006],[-95.706641,69.624316],[-95.513672,69.573633]]],[[[-101.171729,69.39707],[-101.268506,69.390576],[-101.289502,69.44126],[-101.207324,69.479834],[-101.351318,69.559229],[-101.09834,69.540771],[-101.000635,69.461914],[-101.171729,69.39707]]],[[[-101.845898,68.586328],[-102.308154,68.681982],[-102.013379,68.825391],[-101.828369,68.798975],[-101.721631,68.724121],[-101.732031,68.652148],[-101.845898,68.586328]]],[[[-104.540674,68.405908],[-104.851123,68.453955],[-105.051367,68.559033],[-104.602002,68.561523],[-104.444531,68.470703],[-104.540674,68.405908]]],[[[-107.899854,67.401807],[-107.950244,67.318213],[-108.152246,67.429443],[-108.127539,67.628564],[-108.048975,67.664893],[-107.990869,67.622119],[-107.989355,67.513574],[-107.905176,67.467041],[-107.899854,67.401807]]],[[[-109.166406,67.982373],[-108.970508,67.979736],[-108.886035,67.898535],[-109.09624,67.924023],[-109.166406,67.982373]]],[[[-108.092725,67.005176],[-107.805518,66.998584],[-107.83335,66.921338],[-107.943945,66.857812],[-108.092725,67.005176]]],[[[-109.323145,67.990869],[-109.497949,68.047021],[-109.469141,68.097998],[-109.341699,68.04585],[-109.323145,67.990869]]],[[[-139.043115,69.576904],[-139.125732,69.539307],[-139.291406,69.597852],[-139.1396,69.649609],[-138.878857,69.589697],[-139.043115,69.576904]]]]}},{"type":"Feature","properties":{"sigla":"CMR","nome":"Camar\u00f5es"},"geometry":{"type":"Polygon","coordinates":[[[8.555859,4.755225],[9.779883,6.760156],[10.60625,7.063086],[11.237305,6.450537],[11.861426,7.116406],[13.699902,10.873145],[14.559766,11.492285],[14.063965,13.078516],[14.461719,13.021777],[15.654883,10.007812],[13.977246,9.691553],[15.557813,7.738037],[14.431152,6.038721],[15.062109,3.947217],[16.063477,2.908594],[16.136133,1.724219],[14.578906,2.199121],[9.979883,2.167773],[9.688867,4.056396],[9.000098,4.091602],[8.555859,4.755225]]]}},{"type":"Feature","properties":{"sigla":"KHM","nome":"Camboja"},"geometry":{"type":"MultiPolygon","coordinates":[[[[103.045117,11.285059],[102.993359,11.29043],[103.036816,11.389941],[103.045117,11.285059]]],[[[103.317773,10.718506],[103.28125,10.679688],[103.223437,10.781982],[103.317773,10.718506]]],[[[107.519434,14.705078],[107.538086,12.431787],[105.851465,11.63501],[106.163965,10.794922],[105.045703,10.911377],[104.426367,10.41123],[103.587109,10.552197],[103.532422,11.14668],[103.152832,10.913721],[102.319727,13.53999],[103.031055,14.252539],[104.779004,14.427832],[106.066797,13.921191],[106.225391,14.476221],[107.519434,14.705078]]]]}},{"type":"Feature","properties":{"sigla":"MMR","nome":"Myanmar"},"geometry":{"type":"MultiPolygon","coordinates":[[[[100.122461,20.31665],[98.015039,19.749512],[97.373926,18.517969],[98.888281,16.351904],[98.202148,14.975928],[99.136816,13.716699],[99.614746,11.781201],[98.562598,10.034961],[98.875977,11.719727],[97.812305,14.858936],[97.725977,16.568555],[96.851465,17.401025],[96.76543,16.710352],[96.189063,16.768311],[96.324316,16.444434],[95.389551,15.722754],[95.346777,16.097607],[94.661523,15.904395],[94.70332,16.511914],[94.223828,16.016455],[94.588965,17.569336],[94.044922,19.287402],[93.929199,18.899658],[93.493066,19.369482],[93.998145,19.440869],[93.129492,19.858008],[92.17959,21.293115],[92.599805,21.270166],[92.574902,21.978076],[93.151172,22.230615],[93.32627,24.064209],[94.127637,23.876465],[95.128711,26.597266],[96.19082,27.261279],[97.102051,27.11543],[96.876855,27.586719],[97.658887,28.5],[98.651172,27.572461],[98.739355,26.698145],[98.65625,25.863574],[97.583301,24.774805],[97.564551,23.911035],[98.835059,24.121191],[98.86377,23.19126],[99.507129,22.959131],[99.192969,22.125977],[99.917676,22.028027],[100.214746,21.462988],[101.130859,21.735547],[100.122461,20.31665]]],[[[98.209766,10.952734],[98.293457,10.779687],[98.271484,10.739893],[98.155371,10.897949],[98.080469,10.886621],[98.167285,10.980322],[98.209766,10.952734]]],[[[98.182617,9.933447],[98.118066,9.877881],[98.140234,9.974658],[98.291699,10.051318],[98.182617,9.933447]]],[[[98.22168,11.478223],[98.187305,11.472412],[98.201074,11.567187],[98.299609,11.783008],[98.283789,11.594092],[98.22168,11.478223]]],[[[98.516016,11.905029],[98.474316,11.899414],[98.466211,12.084277],[98.60957,11.956641],[98.516016,11.905029]]],[[[98.553809,11.744873],[98.528418,11.538672],[98.434766,11.56709],[98.376465,11.791504],[98.523535,11.804932],[98.553809,11.744873]]],[[[98.413965,12.597949],[98.468262,12.571338],[98.459473,12.47373],[98.380859,12.353662],[98.313867,12.335986],[98.312109,12.678174],[98.413965,12.597949]]],[[[98.136719,12.150439],[98.037305,12.232471],[98.071387,12.291797],[98.122461,12.278711],[98.136719,12.150439]]],[[[94.476758,15.945947],[94.411914,15.848389],[94.387891,15.994141],[94.60127,16.205518],[94.566113,16.019287],[94.476758,15.945947]]],[[[97.575,16.253223],[97.480371,16.305713],[97.469141,16.461035],[97.541992,16.505078],[97.599609,16.429541],[97.575,16.253223]]],[[[93.69082,18.684277],[93.4875,18.867529],[93.744727,18.865527],[93.69082,18.684277]]],[[[93.491797,19.892578],[93.513281,19.754785],[93.444629,19.806445],[93.412891,19.950342],[93.491797,19.892578]]],[[[93.714844,19.558252],[93.945703,19.428613],[93.901953,19.332031],[93.755859,19.325684],[93.732324,19.416309],[93.644043,19.495068],[93.714844,19.558252]]],[[[98.541699,10.961523],[98.477441,10.979736],[98.526563,11.086963],[98.541699,10.961523]]],[[[98.075488,11.692383],[98.083594,11.636816],[98.021094,11.695898],[98.010352,11.860254],[98.075488,11.692383]]],[[[98.066113,12.389795],[98.002344,12.279004],[97.938672,12.346094],[98.066113,12.389795]]],[[[98.31543,13.099072],[98.30918,12.934717],[98.259277,13.014014],[98.265332,13.202246],[98.31543,13.099072]]],[[[94.804883,15.819336],[94.733496,15.823047],[94.828027,15.933008],[94.804883,15.819336]]],[[[93.010156,19.923926],[93.023242,19.828857],[92.912695,19.999805],[92.914648,20.086475],[93.010156,19.923926]]]]}},{"type":"Feature","properties":{"sigla":"BDI","nome":"Burundi"},"geometry":{"type":"Polygon","coordinates":[[[30.553613,-2.400098],[30.790234,-3.274609],[29.403223,-4.449316],[29.063184,-2.602539],[30.553613,-2.400098]]]}},{"type":"Feature","properties":{"sigla":"BFA","nome":"Burkina Faso"},"geometry":{"type":"Polygon","coordinates":[[[0.900488,10.993262],[-2.829932,10.998389],[-2.766602,9.424707],[-3.223535,9.895459],[-4.62583,9.713574],[-5.523535,10.426025],[-5.288135,11.82793],[-4.428711,12.337598],[-4.151025,13.306201],[-3.301758,13.280762],[-2.586719,14.227588],[-0.666455,15.069775],[0.21748,14.911475],[0.429199,13.972119],[1.201172,13.35752],[0.987305,13.041895],[2.211523,12.538428],[2.287207,11.69126],[0.900488,10.993262]]]}},{"type":"Feature","properties":{"sigla":"BGR","nome":"Bulg\u00e1ria"},"geometry":{"type":"Polygon","coordinates":[[[28.014453,41.969043],[26.615332,41.964893],[25.92334,41.311914],[22.916016,41.336279],[22.344043,42.313965],[22.976855,43.187988],[22.399023,43.969531],[25.49707,43.670801],[27.086914,44.167383],[28.585352,43.742236],[27.484766,42.468066],[28.014453,41.969043]]]}},{"type":"Feature","properties":{"sigla":"BRN","nome":"Brunei"},"geometry":{"type":"MultiPolygon","coordinates":[[[[115.140039,4.899756],[115.266699,4.633984],[115.326758,4.380762],[115.290625,4.352588],[115.107031,4.39043],[115.051562,4.582666],[115.026758,4.899707],[115.140039,4.899756]]],[[[115.026758,4.899707],[114.654102,4.037646],[114.063867,4.592676],[115.026758,4.899707]]]]}},{"type":"Feature","properties":{"sigla":"BRA","nome":"Brasil"},"geometry":{"type":"MultiPolygon","coordinates":[[[[-66.876025,1.223047],[-65.473389,0.69126],[-63.43252,2.155566],[-64.046582,2.502393],[-64.788672,4.276025],[-62.856982,3.593457],[-62.712109,4.01792],[-61.002832,4.535254],[-60.651367,5.221143],[-59.990674,5.082861],[-60.148633,4.533252],[-59.551123,3.933545],[-59.994336,2.68999],[-59.666602,1.746289],[-58.8625,1.203613],[-57.118896,2.013965],[-55.96333,1.85708],[-55.957471,2.520459],[-52.964844,2.183545],[-51.461523,4.31377],[-49.898877,1.162988],[-51.980811,-1.367969],[-52.66416,-1.551758],[-50.894922,-0.937598],[-50.403223,-2.015527],[-49.313672,-1.731738],[-49.636523,-2.656934],[-48.115088,-0.7375],[-47.268604,-0.64541],[-44.65127,-1.745801],[-44.723047,-3.204785],[-44.228613,-2.471289],[-44.192676,-2.80957],[-43.380078,-2.376074],[-39.964697,-2.861523],[-37.174658,-4.912402],[-35.549414,-5.129395],[-35.235449,-5.566699],[-34.96665,-8.407617],[-38.239746,-12.844238],[-38.851758,-12.790137],[-39.154004,-17.703906],[-41.000293,-21.999023],[-42.042383,-22.94707],[-44.637256,-23.055469],[-48.202734,-25.416504],[-48.731738,-25.36875],[-48.401172,-25.597363],[-48.799658,-28.575293],[-52.039209,-32.114844],[-50.581934,-30.438867],[-51.298047,-30.034863],[-51.283057,-30.751563],[-53.370605,-33.742188],[-53.125586,-32.736719],[-53.761719,-32.056836],[-55.603027,-30.850781],[-56.004687,-31.079199],[-56.832715,-30.107227],[-57.608887,-30.187793],[-55.725488,-28.204102],[-53.838184,-27.121094],[-53.671289,-26.225098],[-54.012305,-25.57793],[-54.615869,-25.576074],[-54.241797,-24.047266],[-55.415918,-23.951367],[-55.799561,-22.353906],[-57.985693,-22.046387],[-58.131494,-19.744531],[-57.495654,-18.214648],[-58.395996,-17.234277],[-58.345605,-16.284375],[-60.175586,-16.269336],[-60.506592,-13.789844],[-64.992529,-11.975195],[-65.396143,-9.712402],[-68.622656,-11.10918],[-70.642334,-11.010254],[-70.541113,-9.4375],[-72.181592,-10.003711],[-72.379053,-9.510156],[-73.209424,-9.411426],[-72.974023,-8.993164],[-74.002051,-7.556055],[-73.137354,-6.46582],[-72.887061,-5.122754],[-70.799512,-4.17334],[-69.972021,-4.301172],[-69.400244,-1.194922],[-70.053906,0.578613],[-69.15332,0.658789],[-69.852148,1.059521],[-69.848584,1.70874],[-67.400439,2.116699],[-66.876025,1.223047]]],[[[-49.628662,-0.229199],[-48.392676,-0.297363],[-48.833594,-1.390039],[-50.507617,-1.787988],[-50.645508,-0.272852],[-49.628662,-0.229199]]],[[[-44.129297,-23.141895],[-44.098047,-23.169336],[-44.320068,-23.212305],[-44.360156,-23.17207],[-44.242871,-23.074121],[-44.129297,-23.141895]]],[[[-48.584424,-26.401563],[-48.665771,-26.289648],[-48.539746,-26.170313],[-48.497607,-26.21875],[-48.584424,-26.401563]]],[[[-45.260254,-23.88916],[-45.260889,-23.941309],[-45.451416,-23.895605],[-45.302344,-23.727539],[-45.233105,-23.825391],[-45.260254,-23.88916]]],[[[-44.499316,-2.939648],[-44.597754,-3.037598],[-44.569092,-2.784961],[-44.481445,-2.717578],[-44.499316,-2.939648]]],[[[-38.743848,-13.09707],[-38.783008,-13.118652],[-38.786963,-13.055078],[-38.684863,-12.974902],[-38.668115,-12.880176],[-38.601172,-12.992578],[-38.743848,-13.09707]]],[[[-38.903564,-13.473438],[-38.977588,-13.523535],[-39.022168,-13.445605],[-38.907129,-13.401074],[-38.903564,-13.473438]]],[[[-44.883105,-1.317871],[-44.967871,-1.39082],[-45.02085,-1.372363],[-44.978662,-1.267285],[-44.888281,-1.276855],[-44.883105,-1.317871]]],[[[-49.738232,0.268164],[-49.697266,0.215967],[-49.838965,0.006885],[-49.91709,-0.023193],[-50.339453,0.043359],[-50.345117,0.134473],[-50.272656,0.231738],[-50.127979,0.226514],[-49.879004,0.304541],[-49.738232,0.268164]]],[[[-50.298975,1.938525],[-50.456104,1.910498],[-50.508984,2.029541],[-50.491016,2.128613],[-50.341992,2.141748],[-50.298975,1.938525]]],[[[-50.652881,-0.131641],[-50.926367,-0.327344],[-51.038086,-0.225879],[-50.995068,-0.105273],[-50.842187,-0.050195],[-50.666992,-0.058008],[-50.652881,-0.131641]]],[[[-49.443896,-0.112402],[-49.708838,-0.14375],[-49.830078,-0.093896],[-49.712305,0.015137],[-49.503467,0.083691],[-49.400488,0.057227],[-49.372314,0.001074],[-49.443896,-0.112402]]],[[[-50.426123,0.139258],[-50.443945,-0.007666],[-50.623926,0.054395],[-50.610449,0.204785],[-50.451562,0.326904],[-50.424561,0.558252],[-50.372754,0.590869],[-50.332275,0.259033],[-50.426123,0.139258]]],[[[-50.15293,0.393018],[-50.261328,0.35918],[-50.281689,0.516504],[-50.251172,0.585449],[-50.058838,0.638037],[-50.040039,0.522803],[-50.15293,0.393018]]],[[[-51.83252,-1.433789],[-51.938379,-1.452637],[-51.802051,-1.202539],[-51.680029,-1.086133],[-51.678271,-0.855078],[-51.546045,-0.649609],[-51.424463,-0.565918],[-51.254004,-0.541406],[-51.160742,-0.666699],[-51.276318,-1.021777],[-51.637695,-1.341895],[-51.83252,-1.433789]]],[[[-48.485889,-27.766992],[-48.55459,-27.812207],[-48.542187,-27.574805],[-48.414893,-27.399609],[-48.37793,-27.451465],[-48.485889,-27.766992]]]]}},{"type":"Feature","properties":{"sigla":"BWA","nome":"Botsuana"},"geometry":{"type":"Polygon","coordinates":[[[25.258789,-17.793555],[26.168066,-19.538281],[27.699609,-20.530664],[28.014063,-21.554199],[29.364844,-22.193945],[27.085547,-23.57793],[25.443652,-25.714453],[23.14873,-25.288672],[21.694727,-26.840918],[20.685059,-26.822461],[20.793164,-25.915625],[19.980469,-24.776758],[19.977344,-22.000195],[20.970996,-22.000195],[20.974121,-18.318848],[23.219336,-17.999707],[23.599707,-18.459961],[25.258789,-17.793555]]]}},{"type":"Feature","properties":{"sigla":"BIH","nome":"B\u00f3snia e Herzegovina"},"geometry":{"type":"Polygon","coordinates":[[[19.348633,44.880908],[19.47998,43.595166],[18.950684,43.52666],[18.436328,42.559717],[15.736621,44.76582],[15.822852,45.202783],[16.918652,45.276562],[19.348633,44.880908]]]}},{"type":"Feature","properties":{"sigla":"BOL","nome":"Bol\u00edvia"},"geometry":{"type":"Polygon","coordinates":[[[-69.510937,-17.506055],[-68.842773,-16.337891],[-69.420898,-15.640625],[-68.685254,-12.501953],[-69.578613,-10.951758],[-68.622656,-11.10918],[-65.396143,-9.712402],[-64.992529,-11.975195],[-60.506592,-13.789844],[-60.175586,-16.269336],[-58.345605,-16.284375],[-58.395996,-17.234277],[-57.495654,-18.214648],[-58.09375,-20.151074],[-59.090527,-19.28623],[-61.756836,-19.645313],[-62.650977,-22.233691],[-63.92168,-22.028613],[-64.325293,-22.827637],[-64.605518,-22.228809],[-66.220166,-21.802539],[-67.707324,-22.88916],[-68.760547,-20.416211],[-68.470166,-19.409961],[-69.510937,-17.506055]]]}},{"type":"Feature","properties":{"sigla":"BTN","nome":"But\u00e3o"},"geometry":{"type":"Polygon","coordinates":[[[91.631934,27.759961],[92.049707,26.874854],[89.763867,26.701563],[88.73877,27.175586],[89.981055,28.311182],[91.631934,27.759961]]]}},{"type":"Feature","properties":{"sigla":"BEN","nome":"Benim"},"geometry":{"type":"Polygon","coordinates":[[[1.622656,6.216797],[1.600195,9.050049],[0.7875,10.710254],[2.805273,12.383838],[3.59541,11.696289],[3.834473,10.607422],[2.774805,9.048535],[2.706445,6.369238],[1.622656,6.216797]]]}},{"type":"Feature","properties":{"sigla":"BLZ","nome":"Belize"},"geometry":{"type":"MultiPolygon","coordinates":[[[[-89.161475,17.814844],[-88.522998,18.445898],[-88.097217,18.121631],[-88.894043,15.890625],[-89.2375,15.894434],[-89.161475,17.814844]]],[[[-87.950586,17.924951],[-87.998096,17.906348],[-87.89834,18.154932],[-87.858936,18.154053],[-87.950586,17.924951]]],[[[-87.85293,17.422852],[-87.92998,17.283008],[-87.826416,17.546289],[-87.798145,17.47959],[-87.85293,17.422852]]]]}},{"type":"Feature","properties":{"sigla":"BEL","nome":"B\u00e9lgica"},"geometry":{"type":"Polygon","coordinates":[[[4.226172,51.386475],[5.827148,51.125635],[5.639453,50.843604],[6.364453,50.316162],[5.81543,49.553809],[2.596777,50.875928],[4.226172,51.386475]]]}},{"type":"Feature","properties":{"sigla":"BLR","nome":"Bielorr\u00fassia"},"geometry":{"type":"Polygon","coordinates":[[[31.763379,52.101074],[30.755273,51.895166],[30.544531,51.265039],[25.785742,51.923828],[23.605273,51.51792],[23.175098,52.286621],[23.91543,52.770264],[23.484668,53.939795],[25.749219,54.156982],[25.859277,54.919287],[26.775684,55.273096],[26.593555,55.667529],[28.117871,56.145801],[30.906836,55.57002],[30.798828,54.783252],[32.706445,53.419434],[31.258789,53.016699],[31.763379,52.101074]]]}},{"type":"Feature","properties":{"sigla":"BRB","nome":"Barbados"},"geometry":{"type":"Polygon","coordinates":[[[-59.493311,13.081982],[-59.611328,13.1021],[-59.64668,13.303125],[-59.591602,13.317676],[-59.427637,13.152783],[-59.493311,13.081982]]]}},{"type":"Feature","properties":{"sigla":"BGD","nome":"Bangladesh"},"geometry":{"type":"MultiPolygon","coordinates":[[[[89.051465,22.093164],[88.723535,24.274902],[88.023438,24.627832],[88.95166,25.259277],[88.08457,25.888232],[88.418164,26.571533],[89.670898,26.213818],[89.833301,25.292773],[92.485449,24.90332],[91.160449,23.660645],[91.619531,22.979688],[92.246094,23.683594],[92.631641,21.306201],[92.208203,21.357861],[92.324121,20.791846],[91.863379,22.350488],[91.480078,22.884814],[90.945605,22.597021],[90.604004,23.591357],[90.230566,21.829785],[89.985156,22.466406],[89.568555,21.767432],[89.483203,22.275537],[89.353711,21.721094],[89.051465,22.093164]]],[[[91.150781,22.175195],[91.044727,22.105176],[91.079492,22.519727],[91.178223,22.283008],[91.150781,22.175195]]],[[[91.556738,22.382227],[91.466895,22.378418],[91.411328,22.475684],[91.456055,22.616504],[91.556738,22.382227]]],[[[90.777637,22.089307],[90.515039,22.065137],[90.680469,22.32749],[90.649219,22.540674],[90.564941,22.617627],[90.50293,22.835352],[90.596484,22.863525],[90.672266,22.813184],[90.736914,22.638721],[90.868164,22.484863],[90.829883,22.159961],[90.777637,22.089307]]],[[[91.873828,21.832129],[91.837598,21.750244],[91.850684,21.927051],[91.873828,21.832129]]],[[[91.949219,21.508057],[91.859473,21.532959],[91.857031,21.708789],[91.933984,21.722168],[91.949219,21.508057]]],[[[90.641797,22.962988],[90.65957,22.92002],[90.536328,23.014893],[90.579883,23.035449],[90.641797,22.962988]]]]}},{"type":"Feature","properties":{"sigla":"BHR","nome":"Bahrein"},"geometry":{"type":"Polygon","coordinates":[[[50.607227,25.883105],[50.574902,25.806787],[50.465918,25.965527],[50.469922,26.228955],[50.585938,26.240723],[50.557813,26.198291],[50.609766,26.124463],[50.607227,25.883105]]]}},{"type":"Feature","properties":{"sigla":"BHS","nome":"Bahamas"},"geometry":{"type":"MultiPolygon","coordinates":[[[[-77.657715,24.249463],[-77.57373,23.73916],[-77.999902,24.219824],[-77.657715,24.249463]]],[[[-77.225635,25.904199],[-77.238623,26.561133],[-77.94375,26.903564],[-77.066357,26.530176],[-77.225635,25.904199]]],[[[-73.026855,21.192383],[-73.164551,20.97915],[-73.661035,20.937402],[-73.681152,20.975586],[-73.680371,21.10332],[-73.523096,21.19082],[-73.235352,21.154492],[-73.058496,21.313379],[-73.01167,21.299512],[-73.026855,21.192383]]],[[[-77.743848,24.707422],[-78.044922,24.287451],[-78.435303,24.627588],[-78.162793,25.202344],[-77.743848,24.707422]]],[[[-78.492871,26.729053],[-78.371729,26.697949],[-77.943945,26.744238],[-77.922461,26.691113],[-78.743652,26.500684],[-78.985645,26.689502],[-78.798047,26.582422],[-78.633252,26.65918],[-78.597119,26.797949],[-78.492871,26.729053]]],[[[-77.347559,25.013867],[-77.561914,25.030029],[-77.45127,25.080713],[-77.269141,25.043848],[-77.347559,25.013867]]],[[[-74.05752,22.723486],[-74.098584,22.66543],[-74.274609,22.71167],[-74.307031,22.8396],[-74.05752,22.723486]]],[[[-74.429443,24.068066],[-74.508691,23.959717],[-74.550928,23.968945],[-74.526904,24.105078],[-74.450488,24.125488],[-74.429443,24.068066]]],[[[-74.206738,22.21377],[-74.276904,22.183691],[-73.906396,22.527441],[-73.976367,22.635059],[-73.954199,22.715527],[-73.849951,22.731055],[-73.87749,22.680762],[-73.836523,22.538428],[-73.974609,22.361182],[-74.206738,22.21377]]],[[[-76.648828,25.487402],[-76.343799,25.332031],[-76.126611,25.140527],[-76.169531,24.649414],[-76.319971,24.817676],[-76.21377,24.822461],[-76.1604,25.119336],[-76.369287,25.312598],[-76.620703,25.431641],[-76.780664,25.426855],[-76.71084,25.564893],[-76.648828,25.487402]]],[[[-75.664551,23.450146],[-76.037109,23.602783],[-76.010449,23.671387],[-75.664551,23.450146]]],[[[-74.840479,22.894336],[-74.97334,23.068555],[-75.22334,23.165332],[-75.141113,23.204639],[-75.130566,23.26792],[-75.315967,23.668359],[-75.108789,23.332813],[-75.064209,23.150195],[-74.845605,22.999902],[-74.840479,22.894336]]],[[[-75.308398,24.2],[-75.301758,24.14917],[-75.503223,24.139062],[-75.408936,24.265771],[-75.743994,24.654687],[-75.72666,24.689355],[-75.653516,24.680859],[-75.518164,24.427344],[-75.308398,24.2]]],[[[-73.041016,22.429053],[-72.747266,22.327393],[-72.783887,22.290625],[-72.88916,22.360254],[-73.161914,22.380713],[-73.127393,22.455322],[-73.041016,22.429053]]],[[[-72.916113,21.506689],[-73.049316,21.457617],[-73.062695,21.515332],[-72.994775,21.561621],[-72.916113,21.506689]]]]}},{"type":"Feature","properties":{"sigla":"AZE","nome":"Azerbaij\u00e3o"},"geometry":{"type":"MultiPolygon","coordinates":[[[[44.817188,39.650439],[45.784473,39.545605],[46.114453,38.877783],[44.817188,39.650439]]],[[[48.86875,38.435498],[47.996484,38.85376],[48.322168,39.399072],[47.995898,39.683936],[46.490625,38.906689],[46.481445,39.555176],[45.579785,39.977539],[45.964648,40.233789],[45.001367,41.290967],[46.534375,41.088574],[46.429883,41.890967],[47.791016,41.199268],[48.664648,41.786621],[50.365918,40.279492],[49.551172,40.194141],[48.86875,38.435498]],[[45.552344,40.616064],[45.53418,40.664014],[45.478809,40.64834],[45.478809,40.606982],[45.552344,40.616064]]],[[[45.023633,41.027246],[44.969043,41.027246],[44.961426,41.079248],[45.021094,41.077979],[45.023633,41.027246]]]]}},{"type":"Feature","properties":{"sigla":"AUT","nome":"\u00c1ustria"},"geometry":{"type":"Polygon","coordinates":[[[9.527539,47.270752],[13.014355,47.478076],[12.814258,48.16084],[14.993457,49.001123],[16.883691,48.703711],[17.147363,48.005957],[16.421289,47.674463],[16.46123,47.022461],[15.957617,46.677637],[14.549805,46.399707],[12.479199,46.67251],[12.169434,47.082129],[10.133496,46.851514],[9.527539,47.270752]]]}},{"type":"Feature","properties":{"sigla":"AUS","nome":"Austr\u00e1lia"},"geometry":{"type":"MultiPolygon","coordinates":[[[[143.178906,-11.954492],[143.756348,-14.348828],[144.473047,-14.231836],[145.287695,-14.943164],[146.383398,-18.977051],[148.759375,-20.289551],[149.703906,-22.440527],[150.622852,-22.367285],[150.843164,-23.458008],[153.164941,-25.96416],[153.616895,-28.673047],[152.943945,-31.434863],[151.29209,-33.580957],[150.195312,-35.833594],[149.932715,-37.528516],[147.876758,-37.93418],[146.21748,-38.727441],[146.4,-39.145508],[145.475781,-38.24375],[144.717773,-38.340332],[144.891309,-37.899805],[143.538965,-38.820898],[141.424219,-38.363477],[139.784277,-37.245801],[139.729004,-36.371387],[138.968945,-35.580762],[139.28252,-35.375391],[138.184375,-35.612695],[138.511133,-35.024414],[138.089258,-34.169824],[137.691699,-35.142969],[136.883594,-35.239746],[137.931836,-33.579102],[137.783203,-32.578125],[137.237305,-33.629492],[135.647559,-34.939648],[134.23418,-32.548535],[131.143652,-31.495703],[125.917188,-32.296973],[124.24375,-33.015234],[123.506836,-33.916211],[119.854102,-33.974707],[117.863086,-35.05498],[115.008789,-34.255859],[114.993848,-33.515332],[115.683008,-33.192871],[115.698438,-31.694531],[113.184766,-26.182227],[113.836426,-26.500586],[113.451367,-25.599121],[114.215723,-26.289453],[113.417676,-24.435645],[114.022852,-21.881445],[114.141602,-22.483105],[116.706738,-20.653809],[120.997949,-19.604395],[122.34541,-18.111914],[122.260938,-17.135742],[122.970703,-16.436816],[123.563086,-17.520898],[123.607031,-16.224023],[124.771973,-16.402637],[124.404883,-16.298926],[124.439551,-15.493555],[125.062988,-15.442285],[124.839063,-15.160742],[125.355664,-15.119824],[125.627734,-14.256641],[126.020703,-14.494531],[126.053906,-13.977246],[127.457617,-14.031445],[128.199414,-14.751758],[128.069434,-15.329297],[128.575781,-14.774512],[129.634766,-15.139746],[129.84873,-14.828906],[129.378711,-14.39248],[130.622656,-12.431055],[132.712793,-12.123438],[131.961523,-11.180859],[135.029688,-12.19375],[135.922461,-11.825781],[135.704395,-12.209863],[136.081836,-12.422461],[136.540234,-11.957617],[136.947461,-12.349902],[136.461035,-13.225195],[135.927344,-13.304297],[135.45332,-14.923145],[139.248438,-17.328613],[140.511133,-17.624512],[141.411914,-16.069531],[142.168359,-10.946582],[142.605078,-10.748242],[143.178906,-11.954492]]],[[[153.077441,-25.750781],[153.051953,-25.77832],[153.006934,-25.728906],[152.97666,-25.551367],[153.060742,-25.302246],[153.038086,-25.193164],[153.227539,-25.005762],[153.241992,-24.922559],[153.14375,-24.814844],[153.256934,-24.728906],[153.297949,-24.915234],[153.359277,-24.977734],[153.350195,-25.063086],[153.077441,-25.750781]]],[[[139.507812,-16.573047],[139.430566,-16.661035],[139.15957,-16.741699],[139.162695,-16.625879],[139.292969,-16.467285],[139.587891,-16.395215],[139.697754,-16.514941],[139.507812,-16.573047]]],[[[136.714648,-13.803906],[136.894336,-14.293066],[136.335449,-14.211816],[136.714648,-13.803906]]],[[[130.459277,-11.679297],[130.043262,-11.787305],[130.294922,-11.336816],[130.459277,-11.679297]]],[[[130.618848,-11.376074],[131.538574,-11.436914],[130.950977,-11.926465],[130.618848,-11.376074]]],[[[113.183008,-26.053125],[113.156445,-26.094531],[112.964258,-25.783105],[112.908203,-25.569824],[112.94707,-25.531543],[112.982422,-25.520215],[113.183008,-26.053125]]],[[[137.596484,-35.738672],[138.123438,-35.852344],[137.448438,-36.074805],[136.540625,-35.890137],[137.596484,-35.738672]]],[[[145.486523,-38.354883],[145.33584,-38.420996],[145.280273,-38.390625],[145.295313,-38.318945],[145.486523,-38.354883]]],[[[145.314453,-38.49082],[145.355078,-38.557031],[145.128418,-38.527637],[145.217773,-38.458594],[145.314453,-38.49082]]],[[[149.04375,-20.291504],[148.938867,-20.283691],[148.981055,-20.153516],[149.04375,-20.291504]]],[[[148.935547,-20.149902],[148.886914,-20.143555],[148.967871,-20.044336],[148.935547,-20.149902]]],[[[151.146582,-23.49082],[151.240137,-23.529688],[151.295801,-23.720313],[151.238281,-23.775781],[151.033301,-23.530176],[151.059961,-23.460547],[151.146582,-23.49082]]],[[[150.516699,-22.322559],[150.462402,-22.307715],[150.488477,-22.210742],[150.548828,-22.306934],[150.516699,-22.322559]]],[[[149.92832,-22.193066],[149.893652,-22.223242],[149.869531,-22.150391],[149.912305,-22.04873],[149.92832,-22.193066]]],[[[153.53877,-27.436426],[153.426563,-27.706445],[153.395801,-27.665039],[153.435449,-27.405371],[153.53877,-27.436426]]],[[[153.44248,-27.316016],[153.365039,-27.138867],[153.379883,-27.049414],[153.432324,-27.029883],[153.466797,-27.038086],[153.44248,-27.316016]]],[[[142.274805,-10.704785],[142.191406,-10.762012],[142.137207,-10.731934],[142.131055,-10.640625],[142.197949,-10.591992],[142.274805,-10.704785]]],[[[142.338965,-10.192188],[142.279395,-10.254199],[142.195117,-10.199316],[142.21875,-10.149414],[142.29873,-10.14043],[142.338965,-10.192188]]],[[[142.167578,-10.154102],[142.141992,-10.18125],[142.097656,-10.121777],[142.148828,-10.051758],[142.191992,-10.085254],[142.167578,-10.154102]]],[[[146.27832,-18.23125],[146.341992,-18.400098],[146.298828,-18.484766],[146.098828,-18.251758],[146.27832,-18.23125]]],[[[136.598535,-11.378906],[136.526563,-11.438867],[136.710547,-11.158398],[136.731738,-11.024609],[136.780273,-11.0125],[136.741406,-11.194629],[136.598535,-11.378906]]],[[[136.338672,-11.602344],[136.180273,-11.676758],[136.267383,-11.576465],[136.479297,-11.465918],[136.338672,-11.602344]]],[[[137.093652,-15.778125],[137.050879,-15.824414],[136.942676,-15.711719],[137.00957,-15.594824],[137.093652,-15.778125]]],[[[136.862695,-15.619922],[136.845605,-15.544043],[136.876855,-15.502539],[136.862695,-15.619922]]],[[[136.591016,-15.628223],[136.514258,-15.627344],[136.522559,-15.543164],[136.612305,-15.544141],[136.591016,-15.628223]]],[[[139.45918,-17.114551],[139.42168,-17.131641],[139.408203,-17.090625],[139.492773,-16.99043],[139.570898,-17.094434],[139.45918,-17.114551]]],[[[136.237402,-13.824512],[136.122656,-13.816602],[136.21543,-13.664746],[136.275391,-13.791113],[136.237402,-13.824512]]],[[[132.593359,-11.302832],[132.49375,-11.163672],[132.483789,-11.037305],[132.578809,-10.968848],[132.629102,-11.169141],[132.593359,-11.302832]]],[[[125.198828,-14.579492],[125.134766,-14.641699],[125.091211,-14.591699],[125.159961,-14.456055],[125.198145,-14.474805],[125.198828,-14.579492]]],[[[124.597266,-15.401953],[124.524219,-15.421484],[124.482813,-15.340332],[124.519336,-15.26748],[124.597266,-15.401953]]],[[[115.446191,-20.787793],[115.388086,-20.866016],[115.318066,-20.850586],[115.43457,-20.667969],[115.446191,-20.787793]]],[[[145.042969,-40.786719],[146.31748,-41.163477],[148.215234,-40.854883],[147.980859,-43.157031],[147.297949,-42.790918],[146.873926,-43.6125],[146.043164,-43.547168],[144.766113,-41.390039],[144.718555,-40.672266],[145.042969,-40.786719]]],[[[143.92793,-40.116113],[143.838574,-39.904102],[143.879395,-39.7],[143.939355,-39.658105],[143.948828,-39.583691],[144.000781,-39.580176],[144.091309,-39.638086],[144.141016,-39.953809],[144.111914,-40.02207],[143.92793,-40.116113]]],[[[148.000391,-39.757617],[148.17793,-39.938477],[148.297363,-39.985742],[148.250781,-40.099512],[148.313574,-40.173535],[148.105664,-40.262109],[147.890527,-40.014551],[147.87627,-39.905469],[147.767188,-39.870313],[147.933008,-39.725977],[148.000391,-39.757617]]],[[[147.356055,-43.396973],[147.308887,-43.500781],[147.153809,-43.500195],[147.10498,-43.431152],[147.163086,-43.430273],[147.283887,-43.278906],[147.356055,-43.396973]]],[[[148.104297,-42.710449],[148.029688,-42.714844],[148.022754,-42.64043],[148.072559,-42.593164],[148.169531,-42.651758],[148.104297,-42.710449]]],[[[147.43457,-43.240723],[147.348828,-43.232422],[147.296094,-43.161719],[147.352539,-43.080273],[147.43457,-43.240723]]],[[[144.784375,-40.506738],[144.748047,-40.589453],[144.710156,-40.485254],[144.783398,-40.434863],[144.784375,-40.506738]]],[[[148.32627,-40.306934],[148.474219,-40.432422],[148.404004,-40.486523],[148.352734,-40.497266],[148.319434,-40.43457],[148.102539,-40.45166],[148.010449,-40.380566],[148.32627,-40.306934]]],[[[148.236914,-40.515137],[148.187793,-40.592578],[148.117285,-40.521484],[148.236914,-40.515137]]],[[[158.878809,-54.709766],[158.845215,-54.749219],[158.896973,-54.506055],[158.958887,-54.472363],[158.878809,-54.709766]]]]}},{"type":"Feature","properties":{"sigla":"ARM","nome":"Arm\u00eania"},"geometry":{"type":"MultiPolygon","coordinates":[[[[44.768262,39.703516],[43.666211,40.126367],[43.439453,41.107129],[45.001367,41.290967],[45.5875,40.846924],[45.964648,40.233789],[45.579785,39.977539],[46.481445,39.555176],[46.490625,38.906689],[44.768262,39.703516]],[[45.023633,41.027246],[45.021094,41.077979],[44.961426,41.079248],[44.969043,41.027246],[45.023633,41.027246]]],[[[45.552344,40.616064],[45.478809,40.606982],[45.478809,40.64834],[45.53418,40.664014],[45.552344,40.616064]]]]}},{"type":"Feature","properties":{"sigla":"ARG","nome":"Argentina"},"geometry":{"type":"MultiPolygon","coordinates":[[[[-57.608887,-30.187793],[-58.525488,-34.296191],[-57.170654,-35.3625],[-57.375488,-35.900293],[-56.717383,-36.389063],[-56.727148,-36.957715],[-58.179199,-38.43584],[-62.334766,-38.800098],[-62.39502,-40.89082],[-63.621777,-41.159766],[-65.069434,-40.805273],[-64.986377,-42.102051],[-64.42041,-42.433789],[-63.795557,-42.113867],[-63.617334,-42.695801],[-64.970703,-42.666309],[-64.319141,-42.968945],[-65.252344,-43.571875],[-65.63877,-45.007812],[-66.941406,-45.257324],[-67.599561,-46.052539],[-66.776855,-47.005859],[-65.853662,-47.156738],[-66.225244,-47.826758],[-65.810059,-47.941113],[-67.466309,-48.951758],[-67.913965,-49.984473],[-68.97959,-50.003027],[-68.421875,-50.15791],[-69.358594,-51.028125],[-69.058301,-51.547168],[-69.46543,-51.584473],[-68.39375,-52.307031],[-71.971094,-51.96416],[-72.407666,-51.54082],[-72.340234,-50.681836],[-73.15293,-50.738281],[-73.57627,-49.58291],[-72.614404,-48.792871],[-71.699658,-46.651367],[-71.35376,-45.230469],[-72.063721,-44.771875],[-71.159717,-44.560254],[-71.82002,-44.383105],[-71.750635,-43.237305],[-72.146436,-42.990039],[-71.75,-42.046777],[-71.932129,-40.691699],[-71.401562,-38.935059],[-70.858643,-38.604492],[-71.192187,-36.843652],[-70.404785,-36.061719],[-70.555176,-35.246875],[-69.852441,-34.224316],[-70.554688,-31.317383],[-69.844287,-30.175],[-69.656934,-28.413574],[-68.318652,-26.973242],[-68.507275,-24.629785],[-67.356201,-24.033789],[-67.194873,-22.82168],[-66.220166,-21.802539],[-64.605518,-22.228809],[-64.325293,-22.827637],[-63.92168,-22.028613],[-62.843359,-21.997266],[-61.03291,-23.755664],[-57.643896,-25.328418],[-58.604834,-27.314355],[-55.714648,-27.414844],[-54.825488,-26.652246],[-54.615869,-25.576074],[-54.15459,-25.523047],[-53.668555,-26.288184],[-53.838184,-27.121094],[-55.725488,-28.204102],[-57.608887,-30.187793]]],[[[-68.653223,-54.853613],[-68.629932,-52.652637],[-68.488525,-53.260938],[-67.294238,-54.049805],[-65.179004,-54.678125],[-68.653223,-54.853613]]],[[[-64.54917,-54.716211],[-63.81543,-54.725098],[-63.97124,-54.810645],[-64.3229,-54.796484],[-64.637354,-54.902539],[-64.757324,-54.826562],[-64.54917,-54.716211]]],[[[-61.875781,-39.171875],[-61.865967,-39.234863],[-61.918018,-39.227441],[-62.041602,-39.166895],[-62.093018,-39.08623],[-61.875781,-39.171875]]]]}},{"type":"Feature","properties":{"sigla":"ATG","nome":"Ant\u00edgua e Barbuda"},"geometry":{"type":"MultiPolygon","coordinates":[[[[-61.716064,17.037012],[-61.748145,16.997168],[-61.859668,17.01333],[-61.887109,17.098145],[-61.817285,17.168945],[-61.686035,17.098438],[-61.716064,17.037012]]],[[[-61.747119,17.574951],[-61.843799,17.596143],[-61.866162,17.704297],[-61.749609,17.661328],[-61.747119,17.574951]]]]}},{"type":"Feature","properties":{"sigla":"AGO","nome":"Angola"},"geometry":{"type":"MultiPolygon","coordinates":[[[[13.072754,-4.634766],[12.213672,-5.758691],[12.018359,-5.004297],[13.072754,-4.634766]]],[[[23.966504,-10.871777],[23.962988,-12.988477],[21.978906,-13.000977],[22.040234,-16.262793],[23.380664,-17.640625],[20.745508,-18.019727],[18.396387,-17.399414],[14.01748,-17.408887],[13.101172,-16.967676],[11.743066,-17.249219],[12.550488,-13.437793],[13.597949,-12.286133],[13.847461,-11.054395],[12.998535,-9.048047],[13.378516,-8.369727],[12.302539,-6.092578],[16.431445,-5.900195],[17.57959,-8.099023],[19.34082,-7.966602],[19.875195,-6.986328],[21.781641,-7.314648],[22.226172,-11.121973],[23.966504,-10.871777]]]]}},{"type":"Feature","properties":{"sigla":"AND","nome":"Andorra"},"geometry":{"type":"Polygon","coordinates":[[[1.706055,42.50332],[1.448828,42.437451],[1.414844,42.548389],[1.458887,42.62168],[1.568164,42.63501],[1.709863,42.604443],[1.740234,42.556738],[1.706055,42.50332]]]}},{"type":"Feature","properties":{"sigla":"DZA","nome":"Arg\u00e9lia"},"geometry":{"type":"Polygon","coordinates":[[[8.576563,36.937207],[8.207617,36.518945],[8.245605,34.734082],[7.500195,33.832471],[9.044043,32.072363],[9.805273,29.176953],[9.883203,26.630811],[9.422363,26.14707],[10.255859,24.591016],[11.507617,24.314355],[11.967871,23.517871],[5.836621,19.47915],[3.255957,19.013281],[3.130273,19.850195],[1.753223,20.331592],[1.145508,21.102246],[-8.68335,27.285937],[-8.678418,28.689404],[-8.265186,28.980518],[-3.666797,30.964014],[-3.768164,31.689551],[-1.225928,32.107227],[-2.219629,35.104199],[1.257227,36.51958],[8.576563,36.937207]]]}},{"type":"Feature","properties":{"sigla":"ALB","nome":"Alb\u00e2nia"},"geometry":{"type":"Polygon","coordinates":[[[19.342383,41.869092],[19.703418,42.647949],[20.522852,42.171484],[20.488965,41.272607],[21.030859,40.622461],[20.206836,39.653516],[19.322266,40.40708],[19.342383,41.869092]]]}},{"type":"Feature","properties":{"sigla":"AFG","nome":"Afeganist\u00e3o"},"geometry":{"type":"Polygon","coordinates":[[[66.522266,37.348486],[69.303906,37.116943],[70.878906,38.456396],[71.582227,37.910107],[71.665625,36.696924],[73.38291,37.462256],[74.891309,37.231641],[71.23291,36.121777],[71.620508,35.183008],[71.051563,34.049707],[69.889648,34.007275],[70.261133,33.289014],[69.501563,33.020068],[69.279297,31.936816],[66.829297,31.263672],[66.177051,29.835596],[64.09873,29.391943],[60.843359,29.858691],[61.81084,30.913281],[61.660156,31.382422],[60.820703,31.495166],[60.561914,33.058789],[60.916992,33.505225],[60.485742,34.094775],[61.262012,35.61958],[62.688086,35.255322],[64.511035,36.340674],[64.816309,37.13208],[65.765039,37.569141],[66.522266,37.348486]]]}},{"type":"Feature","properties":{"sigla":"TUV","nome":"Tuvalu"},"geometry":{"type":"Polygon","coordinates":[[[179.213672,-8.524219],[179.195703,-8.534766],[179.203027,-8.466309],[179.213672,-8.524219]]]}}]}